year,country,region,district,income_level,disability_status,gender,indicator,value,unit,source,data_quality_flag
2020,Rwanda,Eastern,Bugesera,Low,No disability,Women,School_enrollment,32.4830328477432,%,Labour_Force_Survey,ok
2020,Rwanda,Eastern,Bugesera,Low,No disability,Women,Health_services_access,30.366582586792244,%,Civic_Participation_Records,ok
2020,Rwanda,Eastern,Bugesera,Low,No disability,Women,GBV_services_access,27.79452520123401,%,Community_GBV_Monitoring,ok
2020,Rwanda,Eastern,Bugesera,Low,No disability,Women,Employment_rate,28.5448544343532,%,Community_GBV_Monitoring,ok
2020,Rwanda,Eastern,Bugesera,Low,No disability,Women,Decision_making_participation,32.408935259727244,%,Administrative_Health_Reports,ok
2020,Rwanda,Eastern,Bugesera,Low,No disability,Men,School_enrollment,34.54551615583358,%,Community_GBV_Monitoring,ok
2020,Rwanda,Eastern,Bugesera,Low,No disability,Men,Health_services_access,33.62134835952473,%,Administrative_Health_Reports,ok
2020,Rwanda,Eastern,Bugesera,Low,No disability,Men,GBV_services_access,33.92128222560693,%,Labour_Force_Survey,ok
2020,Rwanda,Eastern,Bugesera,Low,No disability,Men,Employment_rate,36.36179106687289,%,Civic_Participation_Records,ok
2020,Rwanda,Eastern,Bugesera,Low,No disability,Men,Decision_making_participation,36.54762062113547,%,Administrative_Health_Reports,ok
2020,Rwanda,Eastern,Bugesera,Low,With disability,Women,School_enrollment,10.169408888504414,%,Civic_Participation_Records,ok
2020,Rwanda,Eastern,Bugesera,Low,With disability,Women,Health_services_access,10.997350197017175,%,Labour_Force_Survey,ok
2020,Rwanda,Eastern,Bugesera,Low,With disability,Women,GBV_services_access,8.670507939792907,%,Community_GBV_Monitoring,ok
2020,Rwanda,Eastern,Bugesera,Low,With disability,Women,Employment_rate,11.227755097903557,%,Household_Survey,ok
2020,Rwanda,Eastern,Bugesera,Low,With disability,Women,Decision_making_participation,15.587349536193983,%,Labour_Force_Survey,ok
2020,Rwanda,Eastern,Bugesera,Low,With disability,Men,School_enrollment,,%,Labour_Force_Survey,missing_value
2020,Rwanda,Eastern,Bugesera,Low,With disability,Men,Health_services_access,10.801866745112148,%,Household_Survey,ok
2020,Rwanda,Eastern,Bugesera,Low,With disability,Men,GBV_services_access,11.373327197107772,%,Community_GBV_Monitoring,ok
2020,Rwanda,Eastern,Bugesera,Low,With disability,Men,Employment_rate,15.94981262234507,%,Civic_Participation_Records,ok
2020,Rwanda,Eastern,Bugesera,Low,With disability,Men,Decision_making_participation,16.48818372214122,%,Administrative_Health_Reports,ok
2020,Rwanda,Eastern,Bugesera,Middle,No disability,Women,School_enrollment,43.587417596356595,%,Labour_Force_Survey,ok
2020,Rwanda,Eastern,Bugesera,Middle,No disability,Women,Health_services_access,45.32776167675663,%,Community_GBV_Monitoring,ok
2020,Rwanda,Eastern,Bugesera,Middle,No disability,Women,GBV_services_access,46.642216905772045,%,Administrative_Health_Reports,ok
2020,Rwanda,Eastern,Bugesera,Middle,No disability,Women,Employment_rate,43.912013613890124,%,Household_Survey,ok
2020,Rwanda,Eastern,Bugesera,Middle,No disability,Women,Decision_making_participation,45.7322324233285,%,Labour_Force_Survey,ok
2020,Rwanda,Eastern,Bugesera,Middle,No disability,Men,School_enrollment,52.64796089616599,%,Community_GBV_Monitoring,ok
2020,Rwanda,Eastern,Bugesera,Middle,No disability,Men,Health_services_access,50.78520259646803,%,Administrative_Health_Reports,ok
2020,Rwanda,Eastern,Bugesera,Middle,No disability,Men,GBV_services_access,48.491381054730326,%,Household_Survey,ok
2020,Rwanda,Eastern,Bugesera,Middle,No disability,Men,Employment_rate,50.039091738635555,%,Administrative_Health_Reports,ok
2020,Rwanda,Eastern,Bugesera,Middle,No disability,Men,Decision_making_participation,48.650453923709335,%,Community_GBV_Monitoring,ok
2020,Rwanda,Eastern,Bugesera,Middle,With disability,Women,School_enrollment,25.696697891791516,%,Community_GBV_Monitoring,ok
2020,Rwanda,Eastern,Bugesera,Middle,With disability,Women,Health_services_access,25.566889371612977,%,Administrative_Health_Reports,ok
2020,Rwanda,Eastern,Bugesera,Middle,With disability,Women,GBV_services_access,25.009413703545686,%,Administrative_Health_Reports,ok
2020,Rwanda,Eastern,Bugesera,Middle,With disability,Women,Employment_rate,,%,Community_GBV_Monitoring,missing_value
2020,Rwanda,Eastern,Bugesera,Middle,With disability,Women,Decision_making_participation,28.849009237412442,%,Household_Survey,ok
2020,Rwanda,Eastern,Bugesera,Middle,With disability,Men,School_enrollment,31.719156071810353,%,Administrative_Health_Reports,ok
2020,Rwanda,Eastern,Bugesera,Middle,With disability,Men,Health_services_access,27.227599592062212,%,Labour_Force_Survey,ok
2020,Rwanda,Eastern,Bugesera,Middle,With disability,Men,GBV_services_access,29.41485579097259,%,Administrative_Health_Reports,ok
2020,Rwanda,Eastern,Bugesera,Middle,With disability,Men,Employment_rate,,%,Administrative_Health_Reports,missing_value
2020,Rwanda,Eastern,Bugesera,Middle,With disability,Men,Decision_making_participation,39.11163458895491,%,Labour_Force_Survey,ok
2020,Rwanda,Eastern,Bugesera,High,No disability,Women,School_enrollment,45.869053992953056,%,Labour_Force_Survey,ok
2020,Rwanda,Eastern,Bugesera,High,No disability,Women,Health_services_access,50.23780736040716,%,Labour_Force_Survey,ok
2020,Rwanda,Eastern,Bugesera,High,No disability,Women,GBV_services_access,53.29843010322073,%,Administrative_Health_Reports,ok
2020,Rwanda,Eastern,Bugesera,High,No disability,Women,Employment_rate,48.8456405955473,%,Household_Survey,ok
2020,Rwanda,Eastern,Bugesera,High,No disability,Women,Decision_making_participation,56.75675380528173,%,Community_GBV_Monitoring,ok
2020,Rwanda,Eastern,Bugesera,High,No disability,Men,School_enrollment,53.925606911492245,%,Civic_Participation_Records,ok
2020,Rwanda,Eastern,Bugesera,High,No disability,Men,Health_services_access,62.209140658622715,%,Civic_Participation_Records,ok
2020,Rwanda,Eastern,Bugesera,High,No disability,Men,GBV_services_access,59.216898859720416,%,Administrative_Health_Reports,ok
2020,Rwanda,Eastern,Bugesera,High,No disability,Men,Employment_rate,56.786060012196224,%,Labour_Force_Survey,ok
2020,Rwanda,Eastern,Bugesera,High,No disability,Men,Decision_making_participation,53.823951918116684,%,Household_Survey,ok
2020,Rwanda,Eastern,Bugesera,High,With disability,Women,School_enrollment,34.9550306846424,%,Household_Survey,ok
2020,Rwanda,Eastern,Bugesera,High,With disability,Women,Health_services_access,32.75016581503467,%,Labour_Force_Survey,ok
2020,Rwanda,Eastern,Bugesera,High,With disability,Women,GBV_services_access,32.20660107021991,%,Administrative_Health_Reports,ok
2020,Rwanda,Eastern,Bugesera,High,With disability,Women,Employment_rate,,%,Administrative_Health_Reports,missing_value
2020,Rwanda,Eastern,Bugesera,High,With disability,Women,Decision_making_participation,37.272184679877135,%,Administrative_Health_Reports,ok
2020,Rwanda,Eastern,Bugesera,High,With disability,Men,School_enrollment,33.01827751002052,%,Labour_Force_Survey,ok
2020,Rwanda,Eastern,Bugesera,High,With disability,Men,Health_services_access,,%,Civic_Participation_Records,missing_value
2020,Rwanda,Eastern,Bugesera,High,With disability,Men,GBV_services_access,36.30459636841353,%,Household_Survey,ok
2020,Rwanda,Eastern,Bugesera,High,With disability,Men,Employment_rate,32.66046146255168,%,Community_GBV_Monitoring,ok
2020,Rwanda,Eastern,Bugesera,High,With disability,Men,Decision_making_participation,34.59051079780736,%,Labour_Force_Survey,ok
2021,Rwanda,Eastern,Bugesera,Low,No disability,Women,School_enrollment,30.78260231002635,%,Household_Survey,ok
2021,Rwanda,Eastern,Bugesera,Low,No disability,Women,Health_services_access,29.32691756328237,%,Administrative_Health_Reports,ok
2021,Rwanda,Eastern,Bugesera,Low,No disability,Women,GBV_services_access,33.36974900908806,%,Labour_Force_Survey,ok
2021,Rwanda,Eastern,Bugesera,Low,No disability,Women,Employment_rate,26.432112115424417,%,Household_Survey,ok
2021,Rwanda,Eastern,Bugesera,Low,No disability,Women,Decision_making_participation,31.812401473903925,%,Household_Survey,ok
2021,Rwanda,Eastern,Bugesera,Low,No disability,Men,School_enrollment,32.97368240861293,%,Labour_Force_Survey,ok
2021,Rwanda,Eastern,Bugesera,Low,No disability,Men,Health_services_access,32.63002325010126,%,Administrative_Health_Reports,ok
2021,Rwanda,Eastern,Bugesera,Low,No disability,Men,GBV_services_access,31.471424684840485,%,Civic_Participation_Records,ok
2021,Rwanda,Eastern,Bugesera,Low,No disability,Men,Employment_rate,28.450754755361068,%,Administrative_Health_Reports,ok
2021,Rwanda,Eastern,Bugesera,Low,No disability,Men,Decision_making_participation,32.91463883959101,%,Labour_Force_Survey,ok
2021,Rwanda,Eastern,Bugesera,Low,With disability,Women,School_enrollment,8.701305687746501,%,Civic_Participation_Records,ok
2021,Rwanda,Eastern,Bugesera,Low,With disability,Women,Health_services_access,,%,Community_GBV_Monitoring,missing_value
2021,Rwanda,Eastern,Bugesera,Low,With disability,Women,GBV_services_access,7.557289745284252,%,Administrative_Health_Reports,ok
2021,Rwanda,Eastern,Bugesera,Low,With disability,Women,Employment_rate,,%,Administrative_Health_Reports,missing_value
2021,Rwanda,Eastern,Bugesera,Low,With disability,Women,Decision_making_participation,,%,Labour_Force_Survey,missing_value
2021,Rwanda,Eastern,Bugesera,Low,With disability,Men,School_enrollment,,%,Household_Survey,missing_value
2021,Rwanda,Eastern,Bugesera,Low,With disability,Men,Health_services_access,14.244409561021348,%,Civic_Participation_Records,ok
2021,Rwanda,Eastern,Bugesera,Low,With disability,Men,GBV_services_access,11.198451623603168,%,Administrative_Health_Reports,ok
2021,Rwanda,Eastern,Bugesera,Low,With disability,Men,Employment_rate,14.85679890884177,%,Administrative_Health_Reports,ok
2021,Rwanda,Eastern,Bugesera,Low,With disability,Men,Decision_making_participation,,%,Administrative_Health_Reports,missing_value
2021,Rwanda,Eastern,Bugesera,Middle,No disability,Women,School_enrollment,43.20413835171532,%,Labour_Force_Survey,ok
2021,Rwanda,Eastern,Bugesera,Middle,No disability,Women,Health_services_access,42.13354704547573,%,Civic_Participation_Records,ok
2021,Rwanda,Eastern,Bugesera,Middle,No disability,Women,GBV_services_access,44.738625264349686,%,Community_GBV_Monitoring,ok
2021,Rwanda,Eastern,Bugesera,Middle,No disability,Women,Employment_rate,44.235049104690304,%,Community_GBV_Monitoring,ok
2021,Rwanda,Eastern,Bugesera,Middle,No disability,Women,Decision_making_participation,47.38626327440472,%,Community_GBV_Monitoring,ok
2021,Rwanda,Eastern,Bugesera,Middle,No disability,Men,School_enrollment,51.52489789747839,%,Administrative_Health_Reports,ok
2021,Rwanda,Eastern,Bugesera,Middle,No disability,Men,Health_services_access,46.69181238785082,%,Administrative_Health_Reports,ok
2021,Rwanda,Eastern,Bugesera,Middle,No disability,Men,GBV_services_access,53.24318687829274,%,Administrative_Health_Reports,ok
2021,Rwanda,Eastern,Bugesera,Middle,No disability,Men,Employment_rate,48.4513705672874,%,Community_GBV_Monitoring,ok
2021,Rwanda,Eastern,Bugesera,Middle,No disability,Men,Decision_making_participation,55.41439585757213,%,Civic_Participation_Records,ok
2021,Rwanda,Eastern,Bugesera,Middle,With disability,Women,School_enrollment,31.003235617275642,%,Labour_Force_Survey,ok
2021,Rwanda,Eastern,Bugesera,Middle,With disability,Women,Health_services_access,25.238033625743537,%,Labour_Force_Survey,ok
2021,Rwanda,Eastern,Bugesera,Middle,With disability,Women,GBV_services_access,21.98244959678709,%,Civic_Participation_Records,ok
2021,Rwanda,Eastern,Bugesera,Middle,With disability,Women,Employment_rate,30.714977467045724,%,Household_Survey,ok
2021,Rwanda,Eastern,Bugesera,Middle,With disability,Women,Decision_making_participation,,%,Civic_Participation_Records,missing_value
2021,Rwanda,Eastern,Bugesera,Middle,With disability,Men,School_enrollment,29.630397538334137,%,Civic_Participation_Records,ok
2021,Rwanda,Eastern,Bugesera,Middle,With disability,Men,Health_services_access,27.178771072802956,%,Community_GBV_Monitoring,ok
2021,Rwanda,Eastern,Bugesera,Middle,With disability,Men,GBV_services_access,,%,Labour_Force_Survey,missing_value
2021,Rwanda,Eastern,Bugesera,Middle,With disability,Men,Employment_rate,35.81437723451656,%,Community_GBV_Monitoring,ok
2021,Rwanda,Eastern,Bugesera,Middle,With disability,Men,Decision_making_participation,32.10618107733127,%,Labour_Force_Survey,ok
2021,Rwanda,Eastern,Bugesera,High,No disability,Women,School_enrollment,46.14019272308271,%,Community_GBV_Monitoring,ok
2021,Rwanda,Eastern,Bugesera,High,No disability,Women,Health_services_access,55.55704069850369,%,Household_Survey,ok
2021,Rwanda,Eastern,Bugesera,High,No disability,Women,GBV_services_access,51.577568251116126,%,Community_GBV_Monitoring,ok
2021,Rwanda,Eastern,Bugesera,High,No disability,Women,Employment_rate,50.746531320290615,%,Civic_Participation_Records,ok
2021,Rwanda,Eastern,Bugesera,High,No disability,Women,Decision_making_participation,52.067226041044385,%,Household_Survey,ok
2021,Rwanda,Eastern,Bugesera,High,No disability,Men,School_enrollment,54.340744842902026,%,Civic_Participation_Records,ok
2021,Rwanda,Eastern,Bugesera,High,No disability,Men,Health_services_access,55.12811447581664,%,Community_GBV_Monitoring,ok
2021,Rwanda,Eastern,Bugesera,High,No disability,Men,GBV_services_access,57.015650186749696,%,Labour_Force_Survey,ok
2021,Rwanda,Eastern,Bugesera,High,No disability,Men,Employment_rate,59.091635215073204,%,Civic_Participation_Records,ok
2021,Rwanda,Eastern,Bugesera,High,No disability,Men,Decision_making_participation,51.97827931768176,%,Community_GBV_Monitoring,ok
2021,Rwanda,Eastern,Bugesera,High,With disability,Women,School_enrollment,31.376122374787137,%,Labour_Force_Survey,ok
2021,Rwanda,Eastern,Bugesera,High,With disability,Women,Health_services_access,25.581085338283714,%,Administrative_Health_Reports,ok
2021,Rwanda,Eastern,Bugesera,High,With disability,Women,GBV_services_access,,%,Administrative_Health_Reports,missing_value
2021,Rwanda,Eastern,Bugesera,High,With disability,Women,Employment_rate,32.28658739310293,%,Civic_Participation_Records,ok
2021,Rwanda,Eastern,Bugesera,High,With disability,Women,Decision_making_participation,34.817023163785315,%,Household_Survey,ok
2021,Rwanda,Eastern,Bugesera,High,With disability,Men,School_enrollment,,%,Community_GBV_Monitoring,missing_value
2021,Rwanda,Eastern,Bugesera,High,With disability,Men,Health_services_access,32.12332727826777,%,Civic_Participation_Records,ok
2021,Rwanda,Eastern,Bugesera,High,With disability,Men,GBV_services_access,,%,Household_Survey,missing_value
2021,Rwanda,Eastern,Bugesera,High,With disability,Men,Employment_rate,37.591155017122155,%,Civic_Participation_Records,ok
2021,Rwanda,Eastern,Bugesera,High,With disability,Men,Decision_making_participation,,%,Civic_Participation_Records,missing_value
2022,Rwanda,Eastern,Bugesera,Low,No disability,Women,School_enrollment,30.10284890885329,%,Civic_Participation_Records,ok
2022,Rwanda,Eastern,Bugesera,Low,No disability,Women,Health_services_access,30.08229095864135,%,Civic_Participation_Records,ok
2022,Rwanda,Eastern,Bugesera,Low,No disability,Women,GBV_services_access,33.51925396067412,%,Labour_Force_Survey,ok
2022,Rwanda,Eastern,Bugesera,Low,No disability,Women,Employment_rate,22.233564352103244,%,Household_Survey,ok
2022,Rwanda,Eastern,Bugesera,Low,No disability,Women,Decision_making_participation,33.704175064550164,%,Labour_Force_Survey,ok
2022,Rwanda,Eastern,Bugesera,Low,No disability,Men,School_enrollment,32.614466433385566,%,Household_Survey,ok
2022,Rwanda,Eastern,Bugesera,Low,No disability,Men,Health_services_access,29.63856171666058,%,Community_GBV_Monitoring,ok
2022,Rwanda,Eastern,Bugesera,Low,No disability,Men,GBV_services_access,30.54144525305518,%,Household_Survey,ok
2022,Rwanda,Eastern,Bugesera,Low,No disability,Men,Employment_rate,30.74271542893839,%,Administrative_Health_Reports,ok
2022,Rwanda,Eastern,Bugesera,Low,No disability,Men,Decision_making_participation,34.35886090411846,%,Civic_Participation_Records,ok
2022,Rwanda,Eastern,Bugesera,Low,With disability,Women,School_enrollment,,%,Labour_Force_Survey,missing_value
2022,Rwanda,Eastern,Bugesera,Low,With disability,Women,Health_services_access,,%,Labour_Force_Survey,missing_value
2022,Rwanda,Eastern,Bugesera,Low,With disability,Women,GBV_services_access,8.760400471355702,%,Community_GBV_Monitoring,ok
2022,Rwanda,Eastern,Bugesera,Low,With disability,Women,Employment_rate,10.571301338352127,%,Labour_Force_Survey,ok
2022,Rwanda,Eastern,Bugesera,Low,With disability,Women,Decision_making_participation,12.133861173306787,%,Community_GBV_Monitoring,ok
2022,Rwanda,Eastern,Bugesera,Low,With disability,Men,School_enrollment,15.027910538579592,%,Administrative_Health_Reports,ok
2022,Rwanda,Eastern,Bugesera,Low,With disability,Men,Health_services_access,15.93958217569617,%,Labour_Force_Survey,ok
2022,Rwanda,Eastern,Bugesera,Low,With disability,Men,GBV_services_access,10.463689155827687,%,Community_GBV_Monitoring,ok
2022,Rwanda,Eastern,Bugesera,Low,With disability,Men,Employment_rate,13.326452541217888,%,Labour_Force_Survey,ok
2022,Rwanda,Eastern,Bugesera,Low,With disability,Men,Decision_making_participation,23.668783067417504,%,Community_GBV_Monitoring,ok
2022,Rwanda,Eastern,Bugesera,Middle,No disability,Women,School_enrollment,46.32300297337632,%,Community_GBV_Monitoring,ok
2022,Rwanda,Eastern,Bugesera,Middle,No disability,Women,Health_services_access,44.65534151736709,%,Labour_Force_Survey,ok
2022,Rwanda,Eastern,Bugesera,Middle,No disability,Women,GBV_services_access,,%,Household_Survey,missing_value
2022,Rwanda,Eastern,Bugesera,Middle,No disability,Women,Employment_rate,46.209426513740354,%,Administrative_Health_Reports,ok
2022,Rwanda,Eastern,Bugesera,Middle,No disability,Women,Decision_making_participation,42.535377279880166,%,Community_GBV_Monitoring,ok
2022,Rwanda,Eastern,Bugesera,Middle,No disability,Men,School_enrollment,54.60230791485147,%,Civic_Participation_Records,ok
2022,Rwanda,Eastern,Bugesera,Middle,No disability,Men,Health_services_access,47.43639370021445,%,Household_Survey,ok
2022,Rwanda,Eastern,Bugesera,Middle,No disability,Men,GBV_services_access,52.27986301897582,%,Civic_Participation_Records,ok
2022,Rwanda,Eastern,Bugesera,Middle,No disability,Men,Employment_rate,47.290256457830594,%,Administrative_Health_Reports,ok
2022,Rwanda,Eastern,Bugesera,Middle,No disability,Men,Decision_making_participation,53.1696676445419,%,Household_Survey,ok
2022,Rwanda,Eastern,Bugesera,Middle,With disability,Women,School_enrollment,25.03150409254869,%,Civic_Participation_Records,ok
2022,Rwanda,Eastern,Bugesera,Middle,With disability,Women,Health_services_access,,%,Labour_Force_Survey,missing_value
2022,Rwanda,Eastern,Bugesera,Middle,With disability,Women,GBV_services_access,,%,Civic_Participation_Records,missing_value
2022,Rwanda,Eastern,Bugesera,Middle,With disability,Women,Employment_rate,28.541467287953587,%,Community_GBV_Monitoring,ok
2022,Rwanda,Eastern,Bugesera,Middle,With disability,Women,Decision_making_participation,,%,Community_GBV_Monitoring,missing_value
2022,Rwanda,Eastern,Bugesera,Middle,With disability,Men,School_enrollment,32.62880989714705,%,Administrative_Health_Reports,ok
2022,Rwanda,Eastern,Bugesera,Middle,With disability,Men,Health_services_access,23.049481878268068,%,Civic_Participation_Records,ok
2022,Rwanda,Eastern,Bugesera,Middle,With disability,Men,GBV_services_access,28.654297393291607,%,Civic_Participation_Records,ok
2022,Rwanda,Eastern,Bugesera,Middle,With disability,Men,Employment_rate,32.6371704620691,%,Community_GBV_Monitoring,ok
2022,Rwanda,Eastern,Bugesera,Middle,With disability,Men,Decision_making_participation,33.69179756648296,%,Labour_Force_Survey,ok
2022,Rwanda,Eastern,Bugesera,High,No disability,Women,School_enrollment,52.148368913385646,%,Labour_Force_Survey,ok
2022,Rwanda,Eastern,Bugesera,High,No disability,Women,Health_services_access,50.09238462374591,%,Civic_Participation_Records,ok
2022,Rwanda,Eastern,Bugesera,High,No disability,Women,GBV_services_access,50.891969618112746,%,Community_GBV_Monitoring,ok
2022,Rwanda,Eastern,Bugesera,High,No disability,Women,Employment_rate,48.35572639123902,%,Community_GBV_Monitoring,ok
2022,Rwanda,Eastern,Bugesera,High,No disability,Women,Decision_making_participation,52.14596246935965,%,Labour_Force_Survey,ok
2022,Rwanda,Eastern,Bugesera,High,No disability,Men,School_enrollment,53.475802395579855,%,Administrative_Health_Reports,ok
2022,Rwanda,Eastern,Bugesera,High,No disability,Men,Health_services_access,54.84688357789809,%,Civic_Participation_Records,ok
2022,Rwanda,Eastern,Bugesera,High,No disability,Men,GBV_services_access,60.215995506766056,%,Community_GBV_Monitoring,ok
2022,Rwanda,Eastern,Bugesera,High,No disability,Men,Employment_rate,51.071315629617786,%,Labour_Force_Survey,ok
2022,Rwanda,Eastern,Bugesera,High,No disability,Men,Decision_making_participation,58.88211175069412,%,Civic_Participation_Records,ok
2022,Rwanda,Eastern,Bugesera,High,With disability,Women,School_enrollment,29.121798249985996,%,Household_Survey,ok
2022,Rwanda,Eastern,Bugesera,High,With disability,Women,Health_services_access,30.315905983117627,%,Civic_Participation_Records,ok
2022,Rwanda,Eastern,Bugesera,High,With disability,Women,GBV_services_access,,%,Labour_Force_Survey,missing_value
2022,Rwanda,Eastern,Bugesera,High,With disability,Women,Employment_rate,30.95826789375787,%,Community_GBV_Monitoring,ok
2022,Rwanda,Eastern,Bugesera,High,With disability,Women,Decision_making_participation,28.733769445396245,%,Community_GBV_Monitoring,ok
2022,Rwanda,Eastern,Bugesera,High,With disability,Men,School_enrollment,34.42507709061961,%,Household_Survey,ok
2022,Rwanda,Eastern,Bugesera,High,With disability,Men,Health_services_access,35.90136213755425,%,Civic_Participation_Records,ok
2022,Rwanda,Eastern,Bugesera,High,With disability,Men,GBV_services_access,30.40827580252591,%,Household_Survey,ok
2022,Rwanda,Eastern,Bugesera,High,With disability,Men,Employment_rate,39.10985130056957,%,Administrative_Health_Reports,ok
2022,Rwanda,Eastern,Bugesera,High,With disability,Men,Decision_making_participation,37.598157235903784,%,Civic_Participation_Records,ok
2023,Rwanda,Eastern,Bugesera,Low,No disability,Women,School_enrollment,31.013124116264354,%,Labour_Force_Survey,ok
2023,Rwanda,Eastern,Bugesera,Low,No disability,Women,Health_services_access,29.03930078407218,%,Household_Survey,ok
2023,Rwanda,Eastern,Bugesera,Low,No disability,Women,GBV_services_access,27.651619961996836,%,Community_GBV_Monitoring,ok
2023,Rwanda,Eastern,Bugesera,Low,No disability,Women,Employment_rate,25.03952832641975,%,Civic_Participation_Records,ok
2023,Rwanda,Eastern,Bugesera,Low,No disability,Women,Decision_making_participation,31.09745099802928,%,Community_GBV_Monitoring,ok
2023,Rwanda,Eastern,Bugesera,Low,No disability,Men,School_enrollment,36.64489057602191,%,Household_Survey,ok
2023,Rwanda,Eastern,Bugesera,Low,No disability,Men,Health_services_access,39.46533459267142,%,Labour_Force_Survey,ok
2023,Rwanda,Eastern,Bugesera,Low,No disability,Men,GBV_services_access,34.8717640552281,%,Household_Survey,ok
2023,Rwanda,Eastern,Bugesera,Low,No disability,Men,Employment_rate,27.006943124038646,%,Administrative_Health_Reports,ok
2023,Rwanda,Eastern,Bugesera,Low,No disability,Men,Decision_making_participation,,%,Labour_Force_Survey,missing_value
2023,Rwanda,Eastern,Bugesera,Low,With disability,Women,School_enrollment,14.063898071027673,%,Civic_Participation_Records,ok
2023,Rwanda,Eastern,Bugesera,Low,With disability,Women,Health_services_access,12.996711691443146,%,Community_GBV_Monitoring,ok
2023,Rwanda,Eastern,Bugesera,Low,With disability,Women,GBV_services_access,8.660836423857429,%,Administrative_Health_Reports,ok
2023,Rwanda,Eastern,Bugesera,Low,With disability,Women,Employment_rate,5.592290723294986,%,Civic_Participation_Records,ok
2023,Rwanda,Eastern,Bugesera,Low,With disability,Women,Decision_making_participation,13.02828230428339,%,Community_GBV_Monitoring,ok
2023,Rwanda,Eastern,Bugesera,Low,With disability,Men,School_enrollment,14.507707547364005,%,Community_GBV_Monitoring,ok
2023,Rwanda,Eastern,Bugesera,Low,With disability,Men,Health_services_access,14.165771163856288,%,Household_Survey,ok
2023,Rwanda,Eastern,Bugesera,Low,With disability,Men,GBV_services_access,12.261652460610252,%,Labour_Force_Survey,ok
2023,Rwanda,Eastern,Bugesera,Low,With disability,Men,Employment_rate,15.8551076105756,%,Administrative_Health_Reports,ok
2023,Rwanda,Eastern,Bugesera,Low,With disability,Men,Decision_making_participation,,%,Civic_Participation_Records,missing_value
2023,Rwanda,Eastern,Bugesera,Middle,No disability,Women,School_enrollment,48.18900268741805,%,Administrative_Health_Reports,ok
2023,Rwanda,Eastern,Bugesera,Middle,No disability,Women,Health_services_access,47.507036425382424,%,Civic_Participation_Records,ok
2023,Rwanda,Eastern,Bugesera,Middle,No disability,Women,GBV_services_access,,%,Household_Survey,missing_value
2023,Rwanda,Eastern,Bugesera,Middle,No disability,Women,Employment_rate,42.783212311073896,%,Administrative_Health_Reports,ok
2023,Rwanda,Eastern,Bugesera,Middle,No disability,Women,Decision_making_participation,50.01410307609592,%,Community_GBV_Monitoring,ok
2023,Rwanda,Eastern,Bugesera,Middle,No disability,Men,School_enrollment,53.93338225044736,%,Administrative_Health_Reports,ok
2023,Rwanda,Eastern,Bugesera,Middle,No disability,Men,Health_services_access,52.70682059502954,%,Household_Survey,ok
2023,Rwanda,Eastern,Bugesera,Middle,No disability,Men,GBV_services_access,,%,Household_Survey,missing_value
2023,Rwanda,Eastern,Bugesera,Middle,No disability,Men,Employment_rate,50.78372316093609,%,Labour_Force_Survey,ok
2023,Rwanda,Eastern,Bugesera,Middle,No disability,Men,Decision_making_participation,50.43306724129904,%,Labour_Force_Survey,ok
2023,Rwanda,Eastern,Bugesera,Middle,With disability,Women,School_enrollment,29.690277798026134,%,Civic_Participation_Records,ok
2023,Rwanda,Eastern,Bugesera,Middle,With disability,Women,Health_services_access,28.951447605693062,%,Community_GBV_Monitoring,ok
2023,Rwanda,Eastern,Bugesera,Middle,With disability,Women,GBV_services_access,22.304637709555394,%,Household_Survey,ok
2023,Rwanda,Eastern,Bugesera,Middle,With disability,Women,Employment_rate,29.385538133334457,%,Household_Survey,ok
2023,Rwanda,Eastern,Bugesera,Middle,With disability,Women,Decision_making_participation,,%,Household_Survey,missing_value
2023,Rwanda,Eastern,Bugesera,Middle,With disability,Men,School_enrollment,25.5347571086944,%,Household_Survey,ok
2023,Rwanda,Eastern,Bugesera,Middle,With disability,Men,Health_services_access,,%,Administrative_Health_Reports,missing_value
2023,Rwanda,Eastern,Bugesera,Middle,With disability,Men,GBV_services_access,32.646914803132326,%,Civic_Participation_Records,ok
2023,Rwanda,Eastern,Bugesera,Middle,With disability,Men,Employment_rate,30.920101943084383,%,Labour_Force_Survey,ok
2023,Rwanda,Eastern,Bugesera,Middle,With disability,Men,Decision_making_participation,37.27481762420476,%,Labour_Force_Survey,ok
2023,Rwanda,Eastern,Bugesera,High,No disability,Women,School_enrollment,49.222993773368465,%,Household_Survey,ok
2023,Rwanda,Eastern,Bugesera,High,No disability,Women,Health_services_access,55.21816259877608,%,Community_GBV_Monitoring,ok
2023,Rwanda,Eastern,Bugesera,High,No disability,Women,GBV_services_access,54.824024466147854,%,Administrative_Health_Reports,ok
2023,Rwanda,Eastern,Bugesera,High,No disability,Women,Employment_rate,48.996880544217774,%,Household_Survey,ok
2023,Rwanda,Eastern,Bugesera,High,No disability,Women,Decision_making_participation,56.98536744665624,%,Household_Survey,ok
2023,Rwanda,Eastern,Bugesera,High,No disability,Men,School_enrollment,57.244049352149325,%,Labour_Force_Survey,ok
2023,Rwanda,Eastern,Bugesera,High,No disability,Men,Health_services_access,58.20639466189186,%,Administrative_Health_Reports,ok
2023,Rwanda,Eastern,Bugesera,High,No disability,Men,GBV_services_access,57.014592491002745,%,Household_Survey,ok
2023,Rwanda,Eastern,Bugesera,High,No disability,Men,Employment_rate,57.24252999837343,%,Labour_Force_Survey,ok
2023,Rwanda,Eastern,Bugesera,High,No disability,Men,Decision_making_participation,54.507848407174045,%,Labour_Force_Survey,ok
2023,Rwanda,Eastern,Bugesera,High,With disability,Women,School_enrollment,28.207463769418403,%,Civic_Participation_Records,ok
2023,Rwanda,Eastern,Bugesera,High,With disability,Women,Health_services_access,29.504399940139745,%,Civic_Participation_Records,ok
2023,Rwanda,Eastern,Bugesera,High,With disability,Women,GBV_services_access,32.33142147539324,%,Household_Survey,ok
2023,Rwanda,Eastern,Bugesera,High,With disability,Women,Employment_rate,33.23904704429958,%,Labour_Force_Survey,ok
2023,Rwanda,Eastern,Bugesera,High,With disability,Women,Decision_making_participation,36.03891957688406,%,Household_Survey,ok
2023,Rwanda,Eastern,Bugesera,High,With disability,Men,School_enrollment,36.65491977526551,%,Labour_Force_Survey,ok
2023,Rwanda,Eastern,Bugesera,High,With disability,Men,Health_services_access,,%,Community_GBV_Monitoring,missing_value
2023,Rwanda,Eastern,Bugesera,High,With disability,Men,GBV_services_access,,%,Civic_Participation_Records,missing_value
2023,Rwanda,Eastern,Bugesera,High,With disability,Men,Employment_rate,35.26326928551026,%,Civic_Participation_Records,ok
2023,Rwanda,Eastern,Bugesera,High,With disability,Men,Decision_making_participation,37.90731550742564,%,Civic_Participation_Records,ok
2024,Rwanda,Eastern,Bugesera,Low,No disability,Women,School_enrollment,31.07439809412884,%,Household_Survey,ok
2024,Rwanda,Eastern,Bugesera,Low,No disability,Women,Health_services_access,23.759613865576792,%,Community_GBV_Monitoring,ok
2024,Rwanda,Eastern,Bugesera,Low,No disability,Women,GBV_services_access,27.502401477398777,%,Civic_Participation_Records,ok
2024,Rwanda,Eastern,Bugesera,Low,No disability,Women,Employment_rate,25.305814773835625,%,Community_GBV_Monitoring,ok
2024,Rwanda,Eastern,Bugesera,Low,No disability,Women,Decision_making_participation,31.04192860638073,%,Civic_Participation_Records,ok
2024,Rwanda,Eastern,Bugesera,Low,No disability,Men,School_enrollment,35.169143810023115,%,Community_GBV_Monitoring,ok
2024,Rwanda,Eastern,Bugesera,Low,No disability,Men,Health_services_access,42.34952463257568,%,Household_Survey,ok
2024,Rwanda,Eastern,Bugesera,Low,No disability,Men,GBV_services_access,32.49780909144599,%,Community_GBV_Monitoring,ok
2024,Rwanda,Eastern,Bugesera,Low,No disability,Men,Employment_rate,31.480104403584722,%,Administrative_Health_Reports,ok
2024,Rwanda,Eastern,Bugesera,Low,No disability,Men,Decision_making_participation,36.464805177747216,%,Household_Survey,ok
2024,Rwanda,Eastern,Bugesera,Low,With disability,Women,School_enrollment,10.209469900795089,%,Labour_Force_Survey,ok
2024,Rwanda,Eastern,Bugesera,Low,With disability,Women,Health_services_access,,%,Civic_Participation_Records,missing_value
2024,Rwanda,Eastern,Bugesera,Low,With disability,Women,GBV_services_access,7.756152414469795,%,Household_Survey,ok
2024,Rwanda,Eastern,Bugesera,Low,With disability,Women,Employment_rate,7.405457185625066,%,Household_Survey,ok
2024,Rwanda,Eastern,Bugesera,Low,With disability,Women,Decision_making_participation,9.673981707777962,%,Household_Survey,ok
2024,Rwanda,Eastern,Bugesera,Low,With disability,Men,School_enrollment,16.10261261986878,%,Administrative_Health_Reports,ok
2024,Rwanda,Eastern,Bugesera,Low,With disability,Men,Health_services_access,15.730286928426112,%,Labour_Force_Survey,ok
2024,Rwanda,Eastern,Bugesera,Low,With disability,Men,GBV_services_access,12.083454571727131,%,Household_Survey,ok
2024,Rwanda,Eastern,Bugesera,Low,With disability,Men,Employment_rate,8.106913293406226,%,Labour_Force_Survey,ok
2024,Rwanda,Eastern,Bugesera,Low,With disability,Men,Decision_making_participation,,%,Labour_Force_Survey,missing_value
2024,Rwanda,Eastern,Bugesera,Middle,No disability,Women,School_enrollment,48.90411570717925,%,Community_GBV_Monitoring,ok
2024,Rwanda,Eastern,Bugesera,Middle,No disability,Women,Health_services_access,42.95150648724278,%,Administrative_Health_Reports,ok
2024,Rwanda,Eastern,Bugesera,Middle,No disability,Women,GBV_services_access,47.44169539973733,%,Labour_Force_Survey,ok
2024,Rwanda,Eastern,Bugesera,Middle,No disability,Women,Employment_rate,44.697498095275805,%,Household_Survey,ok
2024,Rwanda,Eastern,Bugesera,Middle,No disability,Women,Decision_making_participation,44.60984364249849,%,Household_Survey,ok
2024,Rwanda,Eastern,Bugesera,Middle,No disability,Men,School_enrollment,49.82379724255849,%,Labour_Force_Survey,ok
2024,Rwanda,Eastern,Bugesera,Middle,No disability,Men,Health_services_access,54.96997088460236,%,Administrative_Health_Reports,ok
2024,Rwanda,Eastern,Bugesera,Middle,No disability,Men,GBV_services_access,50.58445012162298,%,Administrative_Health_Reports,ok
2024,Rwanda,Eastern,Bugesera,Middle,No disability,Men,Employment_rate,49.950593445202294,%,Labour_Force_Survey,ok
2024,Rwanda,Eastern,Bugesera,Middle,No disability,Men,Decision_making_participation,52.41369728616967,%,Labour_Force_Survey,ok
2024,Rwanda,Eastern,Bugesera,Middle,With disability,Women,School_enrollment,26.954040652093205,%,Civic_Participation_Records,ok
2024,Rwanda,Eastern,Bugesera,Middle,With disability,Women,Health_services_access,26.141318940015303,%,Civic_Participation_Records,ok
2024,Rwanda,Eastern,Bugesera,Middle,With disability,Women,GBV_services_access,,%,Household_Survey,missing_value
2024,Rwanda,Eastern,Bugesera,Middle,With disability,Women,Employment_rate,30.29844428144417,%,Civic_Participation_Records,ok
2024,Rwanda,Eastern,Bugesera,Middle,With disability,Women,Decision_making_participation,29.518936411874535,%,Civic_Participation_Records,ok
2024,Rwanda,Eastern,Bugesera,Middle,With disability,Men,School_enrollment,32.17891113435931,%,Civic_Participation_Records,ok
2024,Rwanda,Eastern,Bugesera,Middle,With disability,Men,Health_services_access,30.351118295749146,%,Labour_Force_Survey,ok
2024,Rwanda,Eastern,Bugesera,Middle,With disability,Men,GBV_services_access,31.648049264932016,%,Household_Survey,ok
2024,Rwanda,Eastern,Bugesera,Middle,With disability,Men,Employment_rate,33.21689716045582,%,Administrative_Health_Reports,ok
2024,Rwanda,Eastern,Bugesera,Middle,With disability,Men,Decision_making_participation,,%,Civic_Participation_Records,missing_value
2024,Rwanda,Eastern,Bugesera,High,No disability,Women,School_enrollment,48.18203393373752,%,Administrative_Health_Reports,ok
2024,Rwanda,Eastern,Bugesera,High,No disability,Women,Health_services_access,52.24929741297993,%,Labour_Force_Survey,ok
2024,Rwanda,Eastern,Bugesera,High,No disability,Women,GBV_services_access,53.8583321000829,%,Labour_Force_Survey,ok
2024,Rwanda,Eastern,Bugesera,High,No disability,Women,Employment_rate,53.217826776197064,%,Community_GBV_Monitoring,ok
2024,Rwanda,Eastern,Bugesera,High,No disability,Women,Decision_making_participation,53.841179164249894,%,Labour_Force_Survey,ok
2024,Rwanda,Eastern,Bugesera,High,No disability,Men,School_enrollment,59.12164242806585,%,Household_Survey,ok
2024,Rwanda,Eastern,Bugesera,High,No disability,Men,Health_services_access,53.77201195176804,%,Administrative_Health_Reports,ok
2024,Rwanda,Eastern,Bugesera,High,No disability,Men,GBV_services_access,56.5261352983188,%,Civic_Participation_Records,ok
2024,Rwanda,Eastern,Bugesera,High,No disability,Men,Employment_rate,60.98087097368049,%,Administrative_Health_Reports,ok
2024,Rwanda,Eastern,Bugesera,High,No disability,Men,Decision_making_participation,58.16448510456077,%,Labour_Force_Survey,ok
2024,Rwanda,Eastern,Bugesera,High,With disability,Women,School_enrollment,31.72893138285528,%,Labour_Force_Survey,ok
2024,Rwanda,Eastern,Bugesera,High,With disability,Women,Health_services_access,,%,Administrative_Health_Reports,missing_value
2024,Rwanda,Eastern,Bugesera,High,With disability,Women,GBV_services_access,30.68612260670114,%,Community_GBV_Monitoring,ok
2024,Rwanda,Eastern,Bugesera,High,With disability,Women,Employment_rate,33.393409587419825,%,Community_GBV_Monitoring,ok
2024,Rwanda,Eastern,Bugesera,High,With disability,Women,Decision_making_participation,32.10587688798671,%,Civic_Participation_Records,ok
2024,Rwanda,Eastern,Bugesera,High,With disability,Men,School_enrollment,,%,Community_GBV_Monitoring,missing_value
2024,Rwanda,Eastern,Bugesera,High,With disability,Men,Health_services_access,35.72986499829555,%,Community_GBV_Monitoring,ok
2024,Rwanda,Eastern,Bugesera,High,With disability,Men,GBV_services_access,34.72094675459494,%,Administrative_Health_Reports,ok
2024,Rwanda,Eastern,Bugesera,High,With disability,Men,Employment_rate,32.73008492336566,%,Household_Survey,ok
2024,Rwanda,Eastern,Bugesera,High,With disability,Men,Decision_making_participation,40.149696066392146,%,Administrative_Health_Reports,ok
2020,Rwanda,Eastern,Kayonza,Low,No disability,Women,School_enrollment,28.848232087277022,%,Household_Survey,ok
2020,Rwanda,Eastern,Kayonza,Low,No disability,Women,Health_services_access,29.965791734459327,%,Civic_Participation_Records,ok
2020,Rwanda,Eastern,Kayonza,Low,No disability,Women,GBV_services_access,29.859853369843673,%,Civic_Participation_Records,ok
2020,Rwanda,Eastern,Kayonza,Low,No disability,Women,Employment_rate,22.666408079941498,%,Administrative_Health_Reports,ok
2020,Rwanda,Eastern,Kayonza,Low,No disability,Women,Decision_making_participation,30.78664353112142,%,Administrative_Health_Reports,ok
2020,Rwanda,Eastern,Kayonza,Low,No disability,Men,School_enrollment,39.1702850469644,%,Community_GBV_Monitoring,ok
2020,Rwanda,Eastern,Kayonza,Low,No disability,Men,Health_services_access,32.43206571928531,%,Labour_Force_Survey,ok
2020,Rwanda,Eastern,Kayonza,Low,No disability,Men,GBV_services_access,30.673246923412066,%,Labour_Force_Survey,ok
2020,Rwanda,Eastern,Kayonza,Low,No disability,Men,Employment_rate,,%,Household_Survey,missing_value
2020,Rwanda,Eastern,Kayonza,Low,No disability,Men,Decision_making_participation,34.19501898518591,%,Administrative_Health_Reports,ok
2020,Rwanda,Eastern,Kayonza,Low,With disability,Women,School_enrollment,10.303225274583964,%,Labour_Force_Survey,ok
2020,Rwanda,Eastern,Kayonza,Low,With disability,Women,Health_services_access,5.86652721589493,%,Civic_Participation_Records,ok
2020,Rwanda,Eastern,Kayonza,Low,With disability,Women,GBV_services_access,13.878314658462282,%,Community_GBV_Monitoring,ok
2020,Rwanda,Eastern,Kayonza,Low,With disability,Women,Employment_rate,7.710755081781264,%,Household_Survey,ok
2020,Rwanda,Eastern,Kayonza,Low,With disability,Women,Decision_making_participation,,%,Community_GBV_Monitoring,missing_value
2020,Rwanda,Eastern,Kayonza,Low,With disability,Men,School_enrollment,15.96137834302944,%,Civic_Participation_Records,ok
2020,Rwanda,Eastern,Kayonza,Low,With disability,Men,Health_services_access,11.349530201634256,%,Household_Survey,ok
2020,Rwanda,Eastern,Kayonza,Low,With disability,Men,GBV_services_access,12.393998523948746,%,Civic_Participation_Records,ok
2020,Rwanda,Eastern,Kayonza,Low,With disability,Men,Employment_rate,14.762424913186596,%,Household_Survey,ok
2020,Rwanda,Eastern,Kayonza,Low,With disability,Men,Decision_making_participation,16.82413375251358,%,Labour_Force_Survey,ok
2020,Rwanda,Eastern,Kayonza,Middle,No disability,Women,School_enrollment,45.60440305079669,%,Civic_Participation_Records,ok
2020,Rwanda,Eastern,Kayonza,Middle,No disability,Women,Health_services_access,46.44039662270153,%,Labour_Force_Survey,ok
2020,Rwanda,Eastern,Kayonza,Middle,No disability,Women,GBV_services_access,42.43372622741072,%,Labour_Force_Survey,ok
2020,Rwanda,Eastern,Kayonza,Middle,No disability,Women,Employment_rate,45.712294240902864,%,Civic_Participation_Records,ok
2020,Rwanda,Eastern,Kayonza,Middle,No disability,Women,Decision_making_participation,,%,Household_Survey,missing_value
2020,Rwanda,Eastern,Kayonza,Middle,No disability,Men,School_enrollment,48.13553232639367,%,Labour_Force_Survey,ok
2020,Rwanda,Eastern,Kayonza,Middle,No disability,Men,Health_services_access,53.15345883750001,%,Household_Survey,ok
2020,Rwanda,Eastern,Kayonza,Middle,No disability,Men,GBV_services_access,46.48958735188211,%,Civic_Participation_Records,ok
2020,Rwanda,Eastern,Kayonza,Middle,No disability,Men,Employment_rate,52.179374715275294,%,Labour_Force_Survey,ok
2020,Rwanda,Eastern,Kayonza,Middle,No disability,Men,Decision_making_participation,48.81817532288474,%,Administrative_Health_Reports,ok
2020,Rwanda,Eastern,Kayonza,Middle,With disability,Women,School_enrollment,29.133167440888734,%,Community_GBV_Monitoring,ok
2020,Rwanda,Eastern,Kayonza,Middle,With disability,Women,Health_services_access,,%,Administrative_Health_Reports,missing_value
2020,Rwanda,Eastern,Kayonza,Middle,With disability,Women,GBV_services_access,22.10343781550479,%,Household_Survey,ok
2020,Rwanda,Eastern,Kayonza,Middle,With disability,Women,Employment_rate,28.424242088186425,%,Administrative_Health_Reports,ok
2020,Rwanda,Eastern,Kayonza,Middle,With disability,Women,Decision_making_participation,28.399303807058853,%,Civic_Participation_Records,ok
2020,Rwanda,Eastern,Kayonza,Middle,With disability,Men,School_enrollment,22.80190849338765,%,Civic_Participation_Records,ok
2020,Rwanda,Eastern,Kayonza,Middle,With disability,Men,Health_services_access,26.020937195815854,%,Household_Survey,ok
2020,Rwanda,Eastern,Kayonza,Middle,With disability,Men,GBV_services_access,23.77698461842894,%,Labour_Force_Survey,ok
2020,Rwanda,Eastern,Kayonza,Middle,With disability,Men,Employment_rate,29.899715270526244,%,Administrative_Health_Reports,ok
2020,Rwanda,Eastern,Kayonza,Middle,With disability,Men,Decision_making_participation,29.636888348716557,%,Labour_Force_Survey,ok
2020,Rwanda,Eastern,Kayonza,High,No disability,Women,School_enrollment,44.92974944914561,%,Community_GBV_Monitoring,ok
2020,Rwanda,Eastern,Kayonza,High,No disability,Women,Health_services_access,50.51761356940661,%,Administrative_Health_Reports,ok
2020,Rwanda,Eastern,Kayonza,High,No disability,Women,GBV_services_access,,%,Household_Survey,missing_value
2020,Rwanda,Eastern,Kayonza,High,No disability,Women,Employment_rate,47.052430608706786,%,Administrative_Health_Reports,ok
2020,Rwanda,Eastern,Kayonza,High,No disability,Women,Decision_making_participation,49.6651335297378,%,Civic_Participation_Records,ok
2020,Rwanda,Eastern,Kayonza,High,No disability,Men,School_enrollment,56.24226461006936,%,Civic_Participation_Records,ok
2020,Rwanda,Eastern,Kayonza,High,No disability,Men,Health_services_access,51.29696037767076,%,Civic_Participation_Records,ok
2020,Rwanda,Eastern,Kayonza,High,No disability,Men,GBV_services_access,51.0606072464978,%,Household_Survey,ok
2020,Rwanda,Eastern,Kayonza,High,No disability,Men,Employment_rate,54.11096831319926,%,Administrative_Health_Reports,ok
2020,Rwanda,Eastern,Kayonza,High,No disability,Men,Decision_making_participation,52.168186008079644,%,Administrative_Health_Reports,ok
2020,Rwanda,Eastern,Kayonza,High,With disability,Women,School_enrollment,31.318319456285455,%,Household_Survey,ok
2020,Rwanda,Eastern,Kayonza,High,With disability,Women,Health_services_access,,%,Civic_Participation_Records,missing_value
2020,Rwanda,Eastern,Kayonza,High,With disability,Women,GBV_services_access,21.84700976940371,%,Civic_Participation_Records,ok
2020,Rwanda,Eastern,Kayonza,High,With disability,Women,Employment_rate,33.41446629673713,%,Community_GBV_Monitoring,ok
2020,Rwanda,Eastern,Kayonza,High,With disability,Women,Decision_making_participation,28.762544261351586,%,Labour_Force_Survey,ok
2020,Rwanda,Eastern,Kayonza,High,With disability,Men,School_enrollment,35.0670973935111,%,Civic_Participation_Records,ok
2020,Rwanda,Eastern,Kayonza,High,With disability,Men,Health_services_access,28.861325386293192,%,Administrative_Health_Reports,ok
2020,Rwanda,Eastern,Kayonza,High,With disability,Men,GBV_services_access,30.884510321774332,%,Civic_Participation_Records,ok
2020,Rwanda,Eastern,Kayonza,High,With disability,Men,Employment_rate,35.73470982028593,%,Civic_Participation_Records,ok
2020,Rwanda,Eastern,Kayonza,High,With disability,Men,Decision_making_participation,37.86069854746579,%,Household_Survey,ok
2021,Rwanda,Eastern,Kayonza,Low,No disability,Women,School_enrollment,31.536589297210803,%,Civic_Participation_Records,ok
2021,Rwanda,Eastern,Kayonza,Low,No disability,Women,Health_services_access,27.91607058737704,%,Civic_Participation_Records,ok
2021,Rwanda,Eastern,Kayonza,Low,No disability,Women,GBV_services_access,31.97811269945237,%,Administrative_Health_Reports,ok
2021,Rwanda,Eastern,Kayonza,Low,No disability,Women,Employment_rate,22.51204624704642,%,Labour_Force_Survey,ok
2021,Rwanda,Eastern,Kayonza,Low,No disability,Women,Decision_making_participation,34.11467656458861,%,Civic_Participation_Records,ok
2021,Rwanda,Eastern,Kayonza,Low,No disability,Men,School_enrollment,35.11959825886703,%,Administrative_Health_Reports,ok
2021,Rwanda,Eastern,Kayonza,Low,No disability,Men,Health_services_access,31.84140603625911,%,Household_Survey,ok
2021,Rwanda,Eastern,Kayonza,Low,No disability,Men,GBV_services_access,32.61403997177037,%,Labour_Force_Survey,ok
2021,Rwanda,Eastern,Kayonza,Low,No disability,Men,Employment_rate,28.19279150988361,%,Civic_Participation_Records,ok
2021,Rwanda,Eastern,Kayonza,Low,No disability,Men,Decision_making_participation,31.630779611709283,%,Household_Survey,ok
2021,Rwanda,Eastern,Kayonza,Low,With disability,Women,School_enrollment,10.32306025127202,%,Administrative_Health_Reports,ok
2021,Rwanda,Eastern,Kayonza,Low,With disability,Women,Health_services_access,10.211012370930769,%,Labour_Force_Survey,ok
2021,Rwanda,Eastern,Kayonza,Low,With disability,Women,GBV_services_access,3.6119907972814893,%,Civic_Participation_Records,ok
2021,Rwanda,Eastern,Kayonza,Low,With disability,Women,Employment_rate,8.585834111693572,%,Labour_Force_Survey,ok
2021,Rwanda,Eastern,Kayonza,Low,With disability,Women,Decision_making_participation,7.251703671229557,%,Household_Survey,ok
2021,Rwanda,Eastern,Kayonza,Low,With disability,Men,School_enrollment,12.74741745424867,%,Civic_Participation_Records,ok
2021,Rwanda,Eastern,Kayonza,Low,With disability,Men,Health_services_access,,%,Administrative_Health_Reports,missing_value
2021,Rwanda,Eastern,Kayonza,Low,With disability,Men,GBV_services_access,11.285597359849914,%,Civic_Participation_Records,ok
2021,Rwanda,Eastern,Kayonza,Low,With disability,Men,Employment_rate,9.909913120009735,%,Household_Survey,ok
2021,Rwanda,Eastern,Kayonza,Low,With disability,Men,Decision_making_participation,12.45095773884756,%,Labour_Force_Survey,ok
2021,Rwanda,Eastern,Kayonza,Middle,No disability,Women,School_enrollment,44.935173760676086,%,Household_Survey,ok
2021,Rwanda,Eastern,Kayonza,Middle,No disability,Women,Health_services_access,45.352650690211895,%,Household_Survey,ok
2021,Rwanda,Eastern,Kayonza,Middle,No disability,Women,GBV_services_access,43.485769760613564,%,Community_GBV_Monitoring,ok
2021,Rwanda,Eastern,Kayonza,Middle,No disability,Women,Employment_rate,43.52271166652279,%,Community_GBV_Monitoring,ok
2021,Rwanda,Eastern,Kayonza,Middle,No disability,Women,Decision_making_participation,40.92754691302686,%,Labour_Force_Survey,ok
2021,Rwanda,Eastern,Kayonza,Middle,No disability,Men,School_enrollment,46.11088424747585,%,Administrative_Health_Reports,ok
2021,Rwanda,Eastern,Kayonza,Middle,No disability,Men,Health_services_access,49.82772823733702,%,Labour_Force_Survey,ok
2021,Rwanda,Eastern,Kayonza,Middle,No disability,Men,GBV_services_access,55.57466310006595,%,Community_GBV_Monitoring,ok
2021,Rwanda,Eastern,Kayonza,Middle,No disability,Men,Employment_rate,49.86729027763797,%,Administrative_Health_Reports,ok
2021,Rwanda,Eastern,Kayonza,Middle,No disability,Men,Decision_making_participation,54.57241033724533,%,Civic_Participation_Records,ok
2021,Rwanda,Eastern,Kayonza,Middle,With disability,Women,School_enrollment,,%,Administrative_Health_Reports,missing_value
2021,Rwanda,Eastern,Kayonza,Middle,With disability,Women,Health_services_access,,%,Civic_Participation_Records,missing_value
2021,Rwanda,Eastern,Kayonza,Middle,With disability,Women,GBV_services_access,27.919133167224935,%,Household_Survey,ok
2021,Rwanda,Eastern,Kayonza,Middle,With disability,Women,Employment_rate,25.064441773795885,%,Civic_Participation_Records,ok
2021,Rwanda,Eastern,Kayonza,Middle,With disability,Women,Decision_making_participation,29.018233862434595,%,Community_GBV_Monitoring,ok
2021,Rwanda,Eastern,Kayonza,Middle,With disability,Men,School_enrollment,,%,Household_Survey,missing_value
2021,Rwanda,Eastern,Kayonza,Middle,With disability,Men,Health_services_access,30.115869765356887,%,Household_Survey,ok
2021,Rwanda,Eastern,Kayonza,Middle,With disability,Men,GBV_services_access,,%,Civic_Participation_Records,missing_value
2021,Rwanda,Eastern,Kayonza,Middle,With disability,Men,Employment_rate,31.91311858751036,%,Civic_Participation_Records,ok
2021,Rwanda,Eastern,Kayonza,Middle,With disability,Men,Decision_making_participation,33.68581084555994,%,Civic_Participation_Records,ok
2021,Rwanda,Eastern,Kayonza,High,No disability,Women,School_enrollment,48.20936123484943,%,Household_Survey,ok
2021,Rwanda,Eastern,Kayonza,High,No disability,Women,Health_services_access,52.66852165376717,%,Administrative_Health_Reports,ok
2021,Rwanda,Eastern,Kayonza,High,No disability,Women,GBV_services_access,48.34440773109435,%,Household_Survey,ok
2021,Rwanda,Eastern,Kayonza,High,No disability,Women,Employment_rate,49.07114964287565,%,Household_Survey,ok
2021,Rwanda,Eastern,Kayonza,High,No disability,Women,Decision_making_participation,51.59692793930443,%,Civic_Participation_Records,ok
2021,Rwanda,Eastern,Kayonza,High,No disability,Men,School_enrollment,57.39598048429798,%,Civic_Participation_Records,ok
2021,Rwanda,Eastern,Kayonza,High,No disability,Men,Health_services_access,53.210514592502626,%,Administrative_Health_Reports,ok
2021,Rwanda,Eastern,Kayonza,High,No disability,Men,GBV_services_access,56.06902398342393,%,Civic_Participation_Records,ok
2021,Rwanda,Eastern,Kayonza,High,No disability,Men,Employment_rate,53.39253177010374,%,Community_GBV_Monitoring,ok
2021,Rwanda,Eastern,Kayonza,High,No disability,Men,Decision_making_participation,57.859422256718766,%,Civic_Participation_Records,ok
2021,Rwanda,Eastern,Kayonza,High,With disability,Women,School_enrollment,31.662841077826243,%,Administrative_Health_Reports,ok
2021,Rwanda,Eastern,Kayonza,High,With disability,Women,Health_services_access,27.107275767533636,%,Community_GBV_Monitoring,ok
2021,Rwanda,Eastern,Kayonza,High,With disability,Women,GBV_services_access,27.997448309125616,%,Civic_Participation_Records,ok
2021,Rwanda,Eastern,Kayonza,High,With disability,Women,Employment_rate,31.897399262243002,%,Administrative_Health_Reports,ok
2021,Rwanda,Eastern,Kayonza,High,With disability,Women,Decision_making_participation,28.765007381975913,%,Labour_Force_Survey,ok
2021,Rwanda,Eastern,Kayonza,High,With disability,Men,School_enrollment,33.53231805909353,%,Labour_Force_Survey,ok
2021,Rwanda,Eastern,Kayonza,High,With disability,Men,Health_services_access,28.622646342924597,%,Civic_Participation_Records,ok
2021,Rwanda,Eastern,Kayonza,High,With disability,Men,GBV_services_access,27.264226442221876,%,Household_Survey,ok
2021,Rwanda,Eastern,Kayonza,High,With disability,Men,Employment_rate,36.466041008368855,%,Labour_Force_Survey,ok
2021,Rwanda,Eastern,Kayonza,High,With disability,Men,Decision_making_participation,33.25788955498412,%,Civic_Participation_Records,ok
2022,Rwanda,Eastern,Kayonza,Low,No disability,Women,School_enrollment,28.04731275012346,%,Household_Survey,ok
2022,Rwanda,Eastern,Kayonza,Low,No disability,Women,Health_services_access,28.682854118855744,%,Civic_Participation_Records,ok
2022,Rwanda,Eastern,Kayonza,Low,No disability,Women,GBV_services_access,30.704548336285274,%,Labour_Force_Survey,ok
2022,Rwanda,Eastern,Kayonza,Low,No disability,Women,Employment_rate,26.665657025109084,%,Labour_Force_Survey,ok
2022,Rwanda,Eastern,Kayonza,Low,No disability,Women,Decision_making_participation,26.47592639059517,%,Administrative_Health_Reports,ok
2022,Rwanda,Eastern,Kayonza,Low,No disability,Men,School_enrollment,36.05377888533391,%,Household_Survey,ok
2022,Rwanda,Eastern,Kayonza,Low,No disability,Men,Health_services_access,31.76426793022748,%,Household_Survey,ok
2022,Rwanda,Eastern,Kayonza,Low,No disability,Men,GBV_services_access,30.264475074565862,%,Civic_Participation_Records,ok
2022,Rwanda,Eastern,Kayonza,Low,No disability,Men,Employment_rate,30.649451764854913,%,Household_Survey,ok
2022,Rwanda,Eastern,Kayonza,Low,No disability,Men,Decision_making_participation,31.217453283831937,%,Community_GBV_Monitoring,ok
2022,Rwanda,Eastern,Kayonza,Low,With disability,Women,School_enrollment,11.800068850169325,%,Administrative_Health_Reports,ok
2022,Rwanda,Eastern,Kayonza,Low,With disability,Women,Health_services_access,,%,Household_Survey,missing_value
2022,Rwanda,Eastern,Kayonza,Low,With disability,Women,GBV_services_access,4.2790253137061125,%,Household_Survey,ok
2022,Rwanda,Eastern,Kayonza,Low,With disability,Women,Employment_rate,5.3188859255718945,%,Civic_Participation_Records,ok
2022,Rwanda,Eastern,Kayonza,Low,With disability,Women,Decision_making_participation,15.998581062974102,%,Administrative_Health_Reports,ok
2022,Rwanda,Eastern,Kayonza,Low,With disability,Men,School_enrollment,9.243994663248891,%,Administrative_Health_Reports,ok
2022,Rwanda,Eastern,Kayonza,Low,With disability,Men,Health_services_access,11.842841797579794,%,Community_GBV_Monitoring,ok
2022,Rwanda,Eastern,Kayonza,Low,With disability,Men,GBV_services_access,4.518308799348463,%,Administrative_Health_Reports,ok
2022,Rwanda,Eastern,Kayonza,Low,With disability,Men,Employment_rate,10.724784126829338,%,Household_Survey,ok
2022,Rwanda,Eastern,Kayonza,Low,With disability,Men,Decision_making_participation,12.34194073946312,%,Civic_Participation_Records,ok
2022,Rwanda,Eastern,Kayonza,Middle,No disability,Women,School_enrollment,43.56534423723351,%,Community_GBV_Monitoring,ok
2022,Rwanda,Eastern,Kayonza,Middle,No disability,Women,Health_services_access,44.097584554322495,%,Household_Survey,ok
2022,Rwanda,Eastern,Kayonza,Middle,No disability,Women,GBV_services_access,46.88645829862082,%,Community_GBV_Monitoring,ok
2022,Rwanda,Eastern,Kayonza,Middle,No disability,Women,Employment_rate,48.083690906220696,%,Civic_Participation_Records,ok
2022,Rwanda,Eastern,Kayonza,Middle,No disability,Women,Decision_making_participation,40.792437433997705,%,Household_Survey,ok
2022,Rwanda,Eastern,Kayonza,Middle,No disability,Men,School_enrollment,51.00862164140954,%,Civic_Participation_Records,ok
2022,Rwanda,Eastern,Kayonza,Middle,No disability,Men,Health_services_access,52.31844094090927,%,Civic_Participation_Records,ok
2022,Rwanda,Eastern,Kayonza,Middle,No disability,Men,GBV_services_access,50.28679445033178,%,Labour_Force_Survey,ok
2022,Rwanda,Eastern,Kayonza,Middle,No disability,Men,Employment_rate,47.09795883005704,%,Household_Survey,ok
2022,Rwanda,Eastern,Kayonza,Middle,No disability,Men,Decision_making_participation,47.33788735827885,%,Civic_Participation_Records,ok
2022,Rwanda,Eastern,Kayonza,Middle,With disability,Women,School_enrollment,27.042692607486437,%,Community_GBV_Monitoring,ok
2022,Rwanda,Eastern,Kayonza,Middle,With disability,Women,Health_services_access,21.387742449519266,%,Household_Survey,ok
2022,Rwanda,Eastern,Kayonza,Middle,With disability,Women,GBV_services_access,21.660729084524316,%,Household_Survey,ok
2022,Rwanda,Eastern,Kayonza,Middle,With disability,Women,Employment_rate,22.23356180172046,%,Labour_Force_Survey,ok
2022,Rwanda,Eastern,Kayonza,Middle,With disability,Women,Decision_making_participation,27.69224282014759,%,Civic_Participation_Records,ok
2022,Rwanda,Eastern,Kayonza,Middle,With disability,Men,School_enrollment,29.18635715044704,%,Administrative_Health_Reports,ok
2022,Rwanda,Eastern,Kayonza,Middle,With disability,Men,Health_services_access,27.97711466098856,%,Community_GBV_Monitoring,ok
2022,Rwanda,Eastern,Kayonza,Middle,With disability,Men,GBV_services_access,24.355125509240104,%,Civic_Participation_Records,ok
2022,Rwanda,Eastern,Kayonza,Middle,With disability,Men,Employment_rate,25.251939940437424,%,Labour_Force_Survey,ok
2022,Rwanda,Eastern,Kayonza,Middle,With disability,Men,Decision_making_participation,26.646692578309125,%,Labour_Force_Survey,ok
2022,Rwanda,Eastern,Kayonza,High,No disability,Women,School_enrollment,47.29003048316193,%,Community_GBV_Monitoring,ok
2022,Rwanda,Eastern,Kayonza,High,No disability,Women,Health_services_access,50.25414504661943,%,Labour_Force_Survey,ok
2022,Rwanda,Eastern,Kayonza,High,No disability,Women,GBV_services_access,50.60764510538556,%,Household_Survey,ok
2022,Rwanda,Eastern,Kayonza,High,No disability,Women,Employment_rate,47.24574566276682,%,Administrative_Health_Reports,ok
2022,Rwanda,Eastern,Kayonza,High,No disability,Women,Decision_making_participation,50.68947024879502,%,Community_GBV_Monitoring,ok
2022,Rwanda,Eastern,Kayonza,High,No disability,Men,School_enrollment,53.91973416401253,%,Administrative_Health_Reports,ok
2022,Rwanda,Eastern,Kayonza,High,No disability,Men,Health_services_access,52.85549065524,%,Labour_Force_Survey,ok
2022,Rwanda,Eastern,Kayonza,High,No disability,Men,GBV_services_access,55.36070078694869,%,Civic_Participation_Records,ok
2022,Rwanda,Eastern,Kayonza,High,No disability,Men,Employment_rate,54.66706315979339,%,Administrative_Health_Reports,ok
2022,Rwanda,Eastern,Kayonza,High,No disability,Men,Decision_making_participation,57.38080019750919,%,Civic_Participation_Records,ok
2022,Rwanda,Eastern,Kayonza,High,With disability,Women,School_enrollment,30.2227865967512,%,Household_Survey,ok
2022,Rwanda,Eastern,Kayonza,High,With disability,Women,Health_services_access,28.106659417051997,%,Community_GBV_Monitoring,ok
2022,Rwanda,Eastern,Kayonza,High,With disability,Women,GBV_services_access,30.366466513354386,%,Household_Survey,ok
2022,Rwanda,Eastern,Kayonza,High,With disability,Women,Employment_rate,29.86231163486957,%,Civic_Participation_Records,ok
2022,Rwanda,Eastern,Kayonza,High,With disability,Women,Decision_making_participation,25.163226518782174,%,Administrative_Health_Reports,ok
2022,Rwanda,Eastern,Kayonza,High,With disability,Men,School_enrollment,33.55403377039762,%,Labour_Force_Survey,ok
2022,Rwanda,Eastern,Kayonza,High,With disability,Men,Health_services_access,30.116609460853258,%,Community_GBV_Monitoring,ok
2022,Rwanda,Eastern,Kayonza,High,With disability,Men,GBV_services_access,29.88788090990952,%,Community_GBV_Monitoring,ok
2022,Rwanda,Eastern,Kayonza,High,With disability,Men,Employment_rate,36.823141365846276,%,Civic_Participation_Records,ok
2022,Rwanda,Eastern,Kayonza,High,With disability,Men,Decision_making_participation,40.819335362652225,%,Civic_Participation_Records,ok
2023,Rwanda,Eastern,Kayonza,Low,No disability,Women,School_enrollment,32.06393167364707,%,Community_GBV_Monitoring,ok
2023,Rwanda,Eastern,Kayonza,Low,No disability,Women,Health_services_access,29.210921838247103,%,Civic_Participation_Records,ok
2023,Rwanda,Eastern,Kayonza,Low,No disability,Women,GBV_services_access,24.352050425256266,%,Administrative_Health_Reports,ok
2023,Rwanda,Eastern,Kayonza,Low,No disability,Women,Employment_rate,20.206681152770223,%,Community_GBV_Monitoring,ok
2023,Rwanda,Eastern,Kayonza,Low,No disability,Women,Decision_making_participation,28.11156902235244,%,Civic_Participation_Records,ok
2023,Rwanda,Eastern,Kayonza,Low,No disability,Men,School_enrollment,,%,Community_GBV_Monitoring,missing_value
2023,Rwanda,Eastern,Kayonza,Low,No disability,Men,Health_services_access,,%,Civic_Participation_Records,missing_value
2023,Rwanda,Eastern,Kayonza,Low,No disability,Men,GBV_services_access,33.47384504158211,%,Administrative_Health_Reports,ok
2023,Rwanda,Eastern,Kayonza,Low,No disability,Men,Employment_rate,28.90307863683828,%,Community_GBV_Monitoring,ok
2023,Rwanda,Eastern,Kayonza,Low,No disability,Men,Decision_making_participation,30.168553614655117,%,Civic_Participation_Records,ok
2023,Rwanda,Eastern,Kayonza,Low,With disability,Women,School_enrollment,,%,Administrative_Health_Reports,missing_value
2023,Rwanda,Eastern,Kayonza,Low,With disability,Women,Health_services_access,7.14896268876844,%,Civic_Participation_Records,ok
2023,Rwanda,Eastern,Kayonza,Low,With disability,Women,GBV_services_access,7.681096654391731,%,Household_Survey,ok
2023,Rwanda,Eastern,Kayonza,Low,With disability,Women,Employment_rate,10.88492228849384,%,Community_GBV_Monitoring,ok
2023,Rwanda,Eastern,Kayonza,Low,With disability,Women,Decision_making_participation,,%,Administrative_Health_Reports,missing_value
2023,Rwanda,Eastern,Kayonza,Low,With disability,Men,School_enrollment,14.878501767553743,%,Civic_Participation_Records,ok
2023,Rwanda,Eastern,Kayonza,Low,With disability,Men,Health_services_access,,%,Household_Survey,missing_value
2023,Rwanda,Eastern,Kayonza,Low,With disability,Men,GBV_services_access,,%,Household_Survey,missing_value
2023,Rwanda,Eastern,Kayonza,Low,With disability,Men,Employment_rate,12.80601997309811,%,Household_Survey,ok
2023,Rwanda,Eastern,Kayonza,Low,With disability,Men,Decision_making_participation,15.655818072708506,%,Community_GBV_Monitoring,ok
2023,Rwanda,Eastern,Kayonza,Middle,No disability,Women,School_enrollment,43.55040124141808,%,Community_GBV_Monitoring,ok
2023,Rwanda,Eastern,Kayonza,Middle,No disability,Women,Health_services_access,41.15275432912138,%,Administrative_Health_Reports,ok
2023,Rwanda,Eastern,Kayonza,Middle,No disability,Women,GBV_services_access,45.82646826113106,%,Community_GBV_Monitoring,ok
2023,Rwanda,Eastern,Kayonza,Middle,No disability,Women,Employment_rate,39.83232898660122,%,Civic_Participation_Records,ok
2023,Rwanda,Eastern,Kayonza,Middle,No disability,Women,Decision_making_participation,43.618350201873646,%,Community_GBV_Monitoring,ok
2023,Rwanda,Eastern,Kayonza,Middle,No disability,Men,School_enrollment,47.02257443508045,%,Administrative_Health_Reports,ok
2023,Rwanda,Eastern,Kayonza,Middle,No disability,Men,Health_services_access,47.544752717976344,%,Administrative_Health_Reports,ok
2023,Rwanda,Eastern,Kayonza,Middle,No disability,Men,GBV_services_access,54.62796009861208,%,Community_GBV_Monitoring,ok
2023,Rwanda,Eastern,Kayonza,Middle,No disability,Men,Employment_rate,46.018348797255356,%,Community_GBV_Monitoring,ok
2023,Rwanda,Eastern,Kayonza,Middle,No disability,Men,Decision_making_participation,46.329131406617904,%,Household_Survey,ok
2023,Rwanda,Eastern,Kayonza,Middle,With disability,Women,School_enrollment,27.175241188141307,%,Community_GBV_Monitoring,ok
2023,Rwanda,Eastern,Kayonza,Middle,With disability,Women,Health_services_access,22.70174242863391,%,Administrative_Health_Reports,ok
2023,Rwanda,Eastern,Kayonza,Middle,With disability,Women,GBV_services_access,20.059443493574268,%,Community_GBV_Monitoring,ok
2023,Rwanda,Eastern,Kayonza,Middle,With disability,Women,Employment_rate,22.884335642053546,%,Civic_Participation_Records,ok
2023,Rwanda,Eastern,Kayonza,Middle,With disability,Women,Decision_making_participation,30.544393725275384,%,Community_GBV_Monitoring,ok
2023,Rwanda,Eastern,Kayonza,Middle,With disability,Men,School_enrollment,26.70429272512343,%,Labour_Force_Survey,ok
2023,Rwanda,Eastern,Kayonza,Middle,With disability,Men,Health_services_access,29.935757200501335,%,Labour_Force_Survey,ok
2023,Rwanda,Eastern,Kayonza,Middle,With disability,Men,GBV_services_access,22.016993757815392,%,Administrative_Health_Reports,ok
2023,Rwanda,Eastern,Kayonza,Middle,With disability,Men,Employment_rate,,%,Administrative_Health_Reports,missing_value
2023,Rwanda,Eastern,Kayonza,Middle,With disability,Men,Decision_making_participation,29.79265166040162,%,Labour_Force_Survey,ok
2023,Rwanda,Eastern,Kayonza,High,No disability,Women,School_enrollment,49.064742222919996,%,Administrative_Health_Reports,ok
2023,Rwanda,Eastern,Kayonza,High,No disability,Women,Health_services_access,49.93856262522086,%,Labour_Force_Survey,ok
2023,Rwanda,Eastern,Kayonza,High,No disability,Women,GBV_services_access,50.79360898837186,%,Administrative_Health_Reports,ok
2023,Rwanda,Eastern,Kayonza,High,No disability,Women,Employment_rate,43.142084052545485,%,Civic_Participation_Records,ok
2023,Rwanda,Eastern,Kayonza,High,No disability,Women,Decision_making_participation,50.67678948836182,%,Household_Survey,ok
2023,Rwanda,Eastern,Kayonza,High,No disability,Men,School_enrollment,55.81065967163896,%,Civic_Participation_Records,ok
2023,Rwanda,Eastern,Kayonza,High,No disability,Men,Health_services_access,56.52379445685296,%,Community_GBV_Monitoring,ok
2023,Rwanda,Eastern,Kayonza,High,No disability,Men,GBV_services_access,56.28518992092953,%,Civic_Participation_Records,ok
2023,Rwanda,Eastern,Kayonza,High,No disability,Men,Employment_rate,52.410429126190245,%,Civic_Participation_Records,ok
2023,Rwanda,Eastern,Kayonza,High,No disability,Men,Decision_making_participation,51.80738493163195,%,Administrative_Health_Reports,ok
2023,Rwanda,Eastern,Kayonza,High,With disability,Women,School_enrollment,29.555072918134254,%,Community_GBV_Monitoring,ok
2023,Rwanda,Eastern,Kayonza,High,With disability,Women,Health_services_access,,%,Community_GBV_Monitoring,missing_value
2023,Rwanda,Eastern,Kayonza,High,With disability,Women,GBV_services_access,29.9025981405681,%,Household_Survey,ok
2023,Rwanda,Eastern,Kayonza,High,With disability,Women,Employment_rate,,%,Administrative_Health_Reports,missing_value
2023,Rwanda,Eastern,Kayonza,High,With disability,Women,Decision_making_participation,32.90197608137543,%,Civic_Participation_Records,ok
2023,Rwanda,Eastern,Kayonza,High,With disability,Men,School_enrollment,35.58227611174491,%,Administrative_Health_Reports,ok
2023,Rwanda,Eastern,Kayonza,High,With disability,Men,Health_services_access,,%,Labour_Force_Survey,missing_value
2023,Rwanda,Eastern,Kayonza,High,With disability,Men,GBV_services_access,,%,Community_GBV_Monitoring,missing_value
2023,Rwanda,Eastern,Kayonza,High,With disability,Men,Employment_rate,,%,Labour_Force_Survey,missing_value
2023,Rwanda,Eastern,Kayonza,High,With disability,Men,Decision_making_participation,,%,Household_Survey,missing_value
2024,Rwanda,Eastern,Kayonza,Low,No disability,Women,School_enrollment,27.67209030190635,%,Civic_Participation_Records,ok
2024,Rwanda,Eastern,Kayonza,Low,No disability,Women,Health_services_access,23.926192978959744,%,Civic_Participation_Records,ok
2024,Rwanda,Eastern,Kayonza,Low,No disability,Women,GBV_services_access,,%,Household_Survey,missing_value
2024,Rwanda,Eastern,Kayonza,Low,No disability,Women,Employment_rate,23.093432515187324,%,Administrative_Health_Reports,ok
2024,Rwanda,Eastern,Kayonza,Low,No disability,Women,Decision_making_participation,30.58459627434828,%,Labour_Force_Survey,ok
2024,Rwanda,Eastern,Kayonza,Low,No disability,Men,School_enrollment,34.63949819034603,%,Civic_Participation_Records,ok
2024,Rwanda,Eastern,Kayonza,Low,No disability,Men,Health_services_access,,%,Civic_Participation_Records,missing_value
2024,Rwanda,Eastern,Kayonza,Low,No disability,Men,GBV_services_access,27.404804098281904,%,Administrative_Health_Reports,ok
2024,Rwanda,Eastern,Kayonza,Low,No disability,Men,Employment_rate,26.59301273253896,%,Community_GBV_Monitoring,ok
2024,Rwanda,Eastern,Kayonza,Low,No disability,Men,Decision_making_participation,32.95728747540582,%,Civic_Participation_Records,ok
2024,Rwanda,Eastern,Kayonza,Low,With disability,Women,School_enrollment,11.101257717996246,%,Household_Survey,ok
2024,Rwanda,Eastern,Kayonza,Low,With disability,Women,Health_services_access,,%,Civic_Participation_Records,missing_value
2024,Rwanda,Eastern,Kayonza,Low,With disability,Women,GBV_services_access,0.0,%,Labour_Force_Survey,ok
2024,Rwanda,Eastern,Kayonza,Low,With disability,Women,Employment_rate,10.877137229126522,%,Labour_Force_Survey,ok
2024,Rwanda,Eastern,Kayonza,Low,With disability,Women,Decision_making_participation,9.992555134583519,%,Labour_Force_Survey,ok
2024,Rwanda,Eastern,Kayonza,Low,With disability,Men,School_enrollment,14.41540383205558,%,Labour_Force_Survey,ok
2024,Rwanda,Eastern,Kayonza,Low,With disability,Men,Health_services_access,,%,Administrative_Health_Reports,missing_value
2024,Rwanda,Eastern,Kayonza,Low,With disability,Men,GBV_services_access,8.544178783362968,%,Administrative_Health_Reports,ok
2024,Rwanda,Eastern,Kayonza,Low,With disability,Men,Employment_rate,9.17791128434525,%,Household_Survey,ok
2024,Rwanda,Eastern,Kayonza,Low,With disability,Men,Decision_making_participation,13.859973619638108,%,Civic_Participation_Records,ok
2024,Rwanda,Eastern,Kayonza,Middle,No disability,Women,School_enrollment,44.31455525280859,%,Labour_Force_Survey,ok
2024,Rwanda,Eastern,Kayonza,Middle,No disability,Women,Health_services_access,40.05759866975626,%,Household_Survey,ok
2024,Rwanda,Eastern,Kayonza,Middle,No disability,Women,GBV_services_access,43.36120109537304,%,Household_Survey,ok
2024,Rwanda,Eastern,Kayonza,Middle,No disability,Women,Employment_rate,38.6619902479903,%,Administrative_Health_Reports,ok
2024,Rwanda,Eastern,Kayonza,Middle,No disability,Women,Decision_making_participation,42.490667935836754,%,Administrative_Health_Reports,ok
2024,Rwanda,Eastern,Kayonza,Middle,No disability,Men,School_enrollment,47.48486957672683,%,Community_GBV_Monitoring,ok
2024,Rwanda,Eastern,Kayonza,Middle,No disability,Men,Health_services_access,48.27276460898838,%,Household_Survey,ok
2024,Rwanda,Eastern,Kayonza,Middle,No disability,Men,GBV_services_access,49.54596961375929,%,Household_Survey,ok
2024,Rwanda,Eastern,Kayonza,Middle,No disability,Men,Employment_rate,50.94135875296572,%,Labour_Force_Survey,ok
2024,Rwanda,Eastern,Kayonza,Middle,No disability,Men,Decision_making_participation,53.19146538409286,%,Household_Survey,ok
2024,Rwanda,Eastern,Kayonza,Middle,With disability,Women,School_enrollment,20.328144975003752,%,Administrative_Health_Reports,ok
2024,Rwanda,Eastern,Kayonza,Middle,With disability,Women,Health_services_access,23.89692646259587,%,Labour_Force_Survey,ok
2024,Rwanda,Eastern,Kayonza,Middle,With disability,Women,GBV_services_access,,%,Community_GBV_Monitoring,missing_value
2024,Rwanda,Eastern,Kayonza,Middle,With disability,Women,Employment_rate,,%,Labour_Force_Survey,missing_value
2024,Rwanda,Eastern,Kayonza,Middle,With disability,Women,Decision_making_participation,,%,Civic_Participation_Records,missing_value
2024,Rwanda,Eastern,Kayonza,Middle,With disability,Men,School_enrollment,29.373650852274615,%,Community_GBV_Monitoring,ok
2024,Rwanda,Eastern,Kayonza,Middle,With disability,Men,Health_services_access,26.925131711027277,%,Community_GBV_Monitoring,ok
2024,Rwanda,Eastern,Kayonza,Middle,With disability,Men,GBV_services_access,,%,Household_Survey,missing_value
2024,Rwanda,Eastern,Kayonza,Middle,With disability,Men,Employment_rate,,%,Household_Survey,missing_value
2024,Rwanda,Eastern,Kayonza,Middle,With disability,Men,Decision_making_participation,33.125942045457485,%,Labour_Force_Survey,ok
2024,Rwanda,Eastern,Kayonza,High,No disability,Women,School_enrollment,53.598114117233536,%,Administrative_Health_Reports,ok
2024,Rwanda,Eastern,Kayonza,High,No disability,Women,Health_services_access,53.67437363144095,%,Household_Survey,ok
2024,Rwanda,Eastern,Kayonza,High,No disability,Women,GBV_services_access,49.135415528926075,%,Community_GBV_Monitoring,ok
2024,Rwanda,Eastern,Kayonza,High,No disability,Women,Employment_rate,46.09285193032568,%,Labour_Force_Survey,ok
2024,Rwanda,Eastern,Kayonza,High,No disability,Women,Decision_making_participation,46.90881042134827,%,Labour_Force_Survey,ok
2024,Rwanda,Eastern,Kayonza,High,No disability,Men,School_enrollment,55.105379341965076,%,Civic_Participation_Records,ok
2024,Rwanda,Eastern,Kayonza,High,No disability,Men,Health_services_access,53.35818250167724,%,Labour_Force_Survey,ok
2024,Rwanda,Eastern,Kayonza,High,No disability,Men,GBV_services_access,56.43394435186205,%,Administrative_Health_Reports,ok
2024,Rwanda,Eastern,Kayonza,High,No disability,Men,Employment_rate,52.10760833179572,%,Labour_Force_Survey,ok
2024,Rwanda,Eastern,Kayonza,High,No disability,Men,Decision_making_participation,59.38296521640045,%,Administrative_Health_Reports,ok
2024,Rwanda,Eastern,Kayonza,High,With disability,Women,School_enrollment,26.84047699387074,%,Household_Survey,ok
2024,Rwanda,Eastern,Kayonza,High,With disability,Women,Health_services_access,24.975604607010425,%,Civic_Participation_Records,ok
2024,Rwanda,Eastern,Kayonza,High,With disability,Women,GBV_services_access,30.593736115059908,%,Administrative_Health_Reports,ok
2024,Rwanda,Eastern,Kayonza,High,With disability,Women,Employment_rate,31.870720174913487,%,Household_Survey,ok
2024,Rwanda,Eastern,Kayonza,High,With disability,Women,Decision_making_participation,29.7328812868724,%,Labour_Force_Survey,ok
2024,Rwanda,Eastern,Kayonza,High,With disability,Men,School_enrollment,34.57529570687004,%,Administrative_Health_Reports,ok
2024,Rwanda,Eastern,Kayonza,High,With disability,Men,Health_services_access,,%,Household_Survey,missing_value
2024,Rwanda,Eastern,Kayonza,High,With disability,Men,GBV_services_access,,%,Civic_Participation_Records,missing_value
2024,Rwanda,Eastern,Kayonza,High,With disability,Men,Employment_rate,,%,Administrative_Health_Reports,missing_value
2024,Rwanda,Eastern,Kayonza,High,With disability,Men,Decision_making_participation,31.67781432003363,%,Administrative_Health_Reports,ok
2020,Rwanda,Western,Musanze,Low,No disability,Women,School_enrollment,30.60816240774435,%,Administrative_Health_Reports,ok
2020,Rwanda,Western,Musanze,Low,No disability,Women,Health_services_access,31.57479854428914,%,Community_GBV_Monitoring,ok
2020,Rwanda,Western,Musanze,Low,No disability,Women,GBV_services_access,27.706395312541797,%,Household_Survey,ok
2020,Rwanda,Western,Musanze,Low,No disability,Women,Employment_rate,26.305957073696604,%,Community_GBV_Monitoring,ok
2020,Rwanda,Western,Musanze,Low,No disability,Women,Decision_making_participation,30.684039620764498,%,Household_Survey,ok
2020,Rwanda,Western,Musanze,Low,No disability,Men,School_enrollment,29.35742063105166,%,Civic_Participation_Records,ok
2020,Rwanda,Western,Musanze,Low,No disability,Men,Health_services_access,,%,Community_GBV_Monitoring,missing_value
2020,Rwanda,Western,Musanze,Low,No disability,Men,GBV_services_access,30.597627199930706,%,Community_GBV_Monitoring,ok
2020,Rwanda,Western,Musanze,Low,No disability,Men,Employment_rate,27.88239735384144,%,Civic_Participation_Records,ok
2020,Rwanda,Western,Musanze,Low,No disability,Men,Decision_making_participation,36.15587585965089,%,Household_Survey,ok
2020,Rwanda,Western,Musanze,Low,With disability,Women,School_enrollment,10.767579097373064,%,Civic_Participation_Records,ok
2020,Rwanda,Western,Musanze,Low,With disability,Women,Health_services_access,10.70712512290279,%,Civic_Participation_Records,ok
2020,Rwanda,Western,Musanze,Low,With disability,Women,GBV_services_access,5.473307358163522,%,Household_Survey,ok
2020,Rwanda,Western,Musanze,Low,With disability,Women,Employment_rate,14.21156879694153,%,Household_Survey,ok
2020,Rwanda,Western,Musanze,Low,With disability,Women,Decision_making_participation,15.80710413034175,%,Household_Survey,ok
2020,Rwanda,Western,Musanze,Low,With disability,Men,School_enrollment,,%,Community_GBV_Monitoring,missing_value
2020,Rwanda,Western,Musanze,Low,With disability,Men,Health_services_access,12.639670604503605,%,Administrative_Health_Reports,ok
2020,Rwanda,Western,Musanze,Low,With disability,Men,GBV_services_access,,%,Labour_Force_Survey,missing_value
2020,Rwanda,Western,Musanze,Low,With disability,Men,Employment_rate,,%,Administrative_Health_Reports,missing_value
2020,Rwanda,Western,Musanze,Low,With disability,Men,Decision_making_participation,18.35875921815393,%,Labour_Force_Survey,ok
2020,Rwanda,Western,Musanze,Middle,No disability,Women,School_enrollment,44.54915824041091,%,Administrative_Health_Reports,ok
2020,Rwanda,Western,Musanze,Middle,No disability,Women,Health_services_access,45.76542797142176,%,Civic_Participation_Records,ok
2020,Rwanda,Western,Musanze,Middle,No disability,Women,GBV_services_access,44.17455993464681,%,Labour_Force_Survey,ok
2020,Rwanda,Western,Musanze,Middle,No disability,Women,Employment_rate,41.35453656077921,%,Household_Survey,ok
2020,Rwanda,Western,Musanze,Middle,No disability,Women,Decision_making_participation,48.95433535205902,%,Civic_Participation_Records,ok
2020,Rwanda,Western,Musanze,Middle,No disability,Men,School_enrollment,56.707100816715226,%,Household_Survey,ok
2020,Rwanda,Western,Musanze,Middle,No disability,Men,Health_services_access,48.13503998568211,%,Community_GBV_Monitoring,ok
2020,Rwanda,Western,Musanze,Middle,No disability,Men,GBV_services_access,46.63396840789491,%,Labour_Force_Survey,ok
2020,Rwanda,Western,Musanze,Middle,No disability,Men,Employment_rate,50.87804935802756,%,Household_Survey,ok
2020,Rwanda,Western,Musanze,Middle,No disability,Men,Decision_making_participation,54.978336202702586,%,Community_GBV_Monitoring,ok
2020,Rwanda,Western,Musanze,Middle,With disability,Women,School_enrollment,23.04872177384998,%,Labour_Force_Survey,ok
2020,Rwanda,Western,Musanze,Middle,With disability,Women,Health_services_access,22.800870906164267,%,Household_Survey,ok
2020,Rwanda,Western,Musanze,Middle,With disability,Women,GBV_services_access,25.621729079823535,%,Labour_Force_Survey,ok
2020,Rwanda,Western,Musanze,Middle,With disability,Women,Employment_rate,27.152630962101295,%,Administrative_Health_Reports,ok
2020,Rwanda,Western,Musanze,Middle,With disability,Women,Decision_making_participation,27.424389370744077,%,Community_GBV_Monitoring,ok
2020,Rwanda,Western,Musanze,Middle,With disability,Men,School_enrollment,29.28525328080748,%,Labour_Force_Survey,ok
2020,Rwanda,Western,Musanze,Middle,With disability,Men,Health_services_access,30.429541777116647,%,Civic_Participation_Records,ok
2020,Rwanda,Western,Musanze,Middle,With disability,Men,GBV_services_access,28.254513555766607,%,Community_GBV_Monitoring,ok
2020,Rwanda,Western,Musanze,Middle,With disability,Men,Employment_rate,,%,Labour_Force_Survey,missing_value
2020,Rwanda,Western,Musanze,Middle,With disability,Men,Decision_making_participation,30.762146788070748,%,Labour_Force_Survey,ok
2020,Rwanda,Western,Musanze,High,No disability,Women,School_enrollment,48.261480303182,%,Civic_Participation_Records,ok
2020,Rwanda,Western,Musanze,High,No disability,Women,Health_services_access,50.65389505521204,%,Community_GBV_Monitoring,ok
2020,Rwanda,Western,Musanze,High,No disability,Women,GBV_services_access,52.133204756556495,%,Household_Survey,ok
2020,Rwanda,Western,Musanze,High,No disability,Women,Employment_rate,49.46931392796318,%,Civic_Participation_Records,ok
2020,Rwanda,Western,Musanze,High,No disability,Women,Decision_making_participation,47.77591650313769,%,Community_GBV_Monitoring,ok
2020,Rwanda,Western,Musanze,High,No disability,Men,School_enrollment,55.32962781052233,%,Household_Survey,ok
2020,Rwanda,Western,Musanze,High,No disability,Men,Health_services_access,54.66494206678096,%,Labour_Force_Survey,ok
2020,Rwanda,Western,Musanze,High,No disability,Men,GBV_services_access,,%,Community_GBV_Monitoring,missing_value
2020,Rwanda,Western,Musanze,High,No disability,Men,Employment_rate,,%,Civic_Participation_Records,missing_value
2020,Rwanda,Western,Musanze,High,No disability,Men,Decision_making_participation,52.83592017638957,%,Community_GBV_Monitoring,ok
2020,Rwanda,Western,Musanze,High,With disability,Women,School_enrollment,23.94992723554936,%,Community_GBV_Monitoring,ok
2020,Rwanda,Western,Musanze,High,With disability,Women,Health_services_access,28.985393410834963,%,Labour_Force_Survey,ok
2020,Rwanda,Western,Musanze,High,With disability,Women,GBV_services_access,22.356639209391016,%,Household_Survey,ok
2020,Rwanda,Western,Musanze,High,With disability,Women,Employment_rate,32.165942508338226,%,Household_Survey,ok
2020,Rwanda,Western,Musanze,High,With disability,Women,Decision_making_participation,31.298588131375872,%,Civic_Participation_Records,ok
2020,Rwanda,Western,Musanze,High,With disability,Men,School_enrollment,,%,Household_Survey,missing_value
2020,Rwanda,Western,Musanze,High,With disability,Men,Health_services_access,32.87616253613312,%,Household_Survey,ok
2020,Rwanda,Western,Musanze,High,With disability,Men,GBV_services_access,30.19265061282257,%,Household_Survey,ok
2020,Rwanda,Western,Musanze,High,With disability,Men,Employment_rate,,%,Community_GBV_Monitoring,missing_value
2020,Rwanda,Western,Musanze,High,With disability,Men,Decision_making_participation,36.4665182146798,%,Labour_Force_Survey,ok
2021,Rwanda,Western,Musanze,Low,No disability,Women,School_enrollment,,%,Labour_Force_Survey,missing_value
2021,Rwanda,Western,Musanze,Low,No disability,Women,Health_services_access,,%,Community_GBV_Monitoring,missing_value
2021,Rwanda,Western,Musanze,Low,No disability,Women,GBV_services_access,,%,Administrative_Health_Reports,missing_value
2021,Rwanda,Western,Musanze,Low,No disability,Women,Employment_rate,23.592311331271667,%,Household_Survey,ok
2021,Rwanda,Western,Musanze,Low,No disability,Women,Decision_making_participation,29.446229251989912,%,Civic_Participation_Records,ok
2021,Rwanda,Western,Musanze,Low,No disability,Men,School_enrollment,33.99663992794568,%,Labour_Force_Survey,ok
2021,Rwanda,Western,Musanze,Low,No disability,Men,Health_services_access,35.02921867088917,%,Household_Survey,ok
2021,Rwanda,Western,Musanze,Low,No disability,Men,GBV_services_access,33.20350216637799,%,Civic_Participation_Records,ok
2021,Rwanda,Western,Musanze,Low,No disability,Men,Employment_rate,30.975656193467717,%,Administrative_Health_Reports,ok
2021,Rwanda,Western,Musanze,Low,No disability,Men,Decision_making_participation,37.10764777332963,%,Labour_Force_Survey,ok
2021,Rwanda,Western,Musanze,Low,With disability,Women,School_enrollment,5.542550136194867,%,Administrative_Health_Reports,ok
2021,Rwanda,Western,Musanze,Low,With disability,Women,Health_services_access,9.28487992985654,%,Community_GBV_Monitoring,ok
2021,Rwanda,Western,Musanze,Low,With disability,Women,GBV_services_access,,%,Household_Survey,missing_value
2021,Rwanda,Western,Musanze,Low,With disability,Women,Employment_rate,,%,Household_Survey,missing_value
2021,Rwanda,Western,Musanze,Low,With disability,Women,Decision_making_participation,15.845115124816802,%,Administrative_Health_Reports,ok
2021,Rwanda,Western,Musanze,Low,With disability,Men,School_enrollment,9.965852207251226,%,Community_GBV_Monitoring,ok
2021,Rwanda,Western,Musanze,Low,With disability,Men,Health_services_access,,%,Labour_Force_Survey,missing_value
2021,Rwanda,Western,Musanze,Low,With disability,Men,GBV_services_access,11.976398014955869,%,Household_Survey,ok
2021,Rwanda,Western,Musanze,Low,With disability,Men,Employment_rate,13.009632345059144,%,Administrative_Health_Reports,ok
2021,Rwanda,Western,Musanze,Low,With disability,Men,Decision_making_participation,16.47795830230202,%,Administrative_Health_Reports,ok
2021,Rwanda,Western,Musanze,Middle,No disability,Women,School_enrollment,48.72168911464,%,Labour_Force_Survey,ok
2021,Rwanda,Western,Musanze,Middle,No disability,Women,Health_services_access,46.49094009109872,%,Labour_Force_Survey,ok
2021,Rwanda,Western,Musanze,Middle,No disability,Women,GBV_services_access,49.08210681031358,%,Civic_Participation_Records,ok
2021,Rwanda,Western,Musanze,Middle,No disability,Women,Employment_rate,41.04818685992581,%,Civic_Participation_Records,ok
2021,Rwanda,Western,Musanze,Middle,No disability,Women,Decision_making_participation,49.76913935116347,%,Household_Survey,ok
2021,Rwanda,Western,Musanze,Middle,No disability,Men,School_enrollment,48.01334271128611,%,Household_Survey,ok
2021,Rwanda,Western,Musanze,Middle,No disability,Men,Health_services_access,49.0766373545015,%,Labour_Force_Survey,ok
2021,Rwanda,Western,Musanze,Middle,No disability,Men,GBV_services_access,51.47099212683938,%,Administrative_Health_Reports,ok
2021,Rwanda,Western,Musanze,Middle,No disability,Men,Employment_rate,51.43228570218776,%,Administrative_Health_Reports,ok
2021,Rwanda,Western,Musanze,Middle,No disability,Men,Decision_making_participation,51.52582171079296,%,Civic_Participation_Records,ok
2021,Rwanda,Western,Musanze,Middle,With disability,Women,School_enrollment,,%,Labour_Force_Survey,missing_value
2021,Rwanda,Western,Musanze,Middle,With disability,Women,Health_services_access,22.446834172874294,%,Labour_Force_Survey,ok
2021,Rwanda,Western,Musanze,Middle,With disability,Women,GBV_services_access,26.342380003314755,%,Community_GBV_Monitoring,ok
2021,Rwanda,Western,Musanze,Middle,With disability,Women,Employment_rate,,%,Community_GBV_Monitoring,missing_value
2021,Rwanda,Western,Musanze,Middle,With disability,Women,Decision_making_participation,28.201461756154874,%,Labour_Force_Survey,ok
2021,Rwanda,Western,Musanze,Middle,With disability,Men,School_enrollment,27.560235839529593,%,Community_GBV_Monitoring,ok
2021,Rwanda,Western,Musanze,Middle,With disability,Men,Health_services_access,24.20944391333184,%,Civic_Participation_Records,ok
2021,Rwanda,Western,Musanze,Middle,With disability,Men,GBV_services_access,25.232606355644695,%,Labour_Force_Survey,ok
2021,Rwanda,Western,Musanze,Middle,With disability,Men,Employment_rate,27.15983670140308,%,Administrative_Health_Reports,ok
2021,Rwanda,Western,Musanze,Middle,With disability,Men,Decision_making_participation,31.065162892004857,%,Household_Survey,ok
2021,Rwanda,Western,Musanze,High,No disability,Women,School_enrollment,48.527936067264065,%,Civic_Participation_Records,ok
2021,Rwanda,Western,Musanze,High,No disability,Women,Health_services_access,53.09328367765504,%,Household_Survey,ok
2021,Rwanda,Western,Musanze,High,No disability,Women,GBV_services_access,51.02633088504107,%,Civic_Participation_Records,ok
2021,Rwanda,Western,Musanze,High,No disability,Women,Employment_rate,46.40375492871787,%,Community_GBV_Monitoring,ok
2021,Rwanda,Western,Musanze,High,No disability,Women,Decision_making_participation,50.754264244434864,%,Civic_Participation_Records,ok
2021,Rwanda,Western,Musanze,High,No disability,Men,School_enrollment,57.362026032523524,%,Labour_Force_Survey,ok
2021,Rwanda,Western,Musanze,High,No disability,Men,Health_services_access,54.57253428509226,%,Labour_Force_Survey,ok
2021,Rwanda,Western,Musanze,High,No disability,Men,GBV_services_access,54.17507687804943,%,Civic_Participation_Records,ok
2021,Rwanda,Western,Musanze,High,No disability,Men,Employment_rate,53.443834159654564,%,Civic_Participation_Records,ok
2021,Rwanda,Western,Musanze,High,No disability,Men,Decision_making_participation,54.00129822104236,%,Labour_Force_Survey,ok
2021,Rwanda,Western,Musanze,High,With disability,Women,School_enrollment,,%,Household_Survey,missing_value
2021,Rwanda,Western,Musanze,High,With disability,Women,Health_services_access,26.697217785182595,%,Administrative_Health_Reports,ok
2021,Rwanda,Western,Musanze,High,With disability,Women,GBV_services_access,31.691545915451275,%,Administrative_Health_Reports,ok
2021,Rwanda,Western,Musanze,High,With disability,Women,Employment_rate,29.97425369031625,%,Civic_Participation_Records,ok
2021,Rwanda,Western,Musanze,High,With disability,Women,Decision_making_participation,29.650651370438034,%,Community_GBV_Monitoring,ok
2021,Rwanda,Western,Musanze,High,With disability,Men,School_enrollment,36.54978784821773,%,Community_GBV_Monitoring,ok
2021,Rwanda,Western,Musanze,High,With disability,Men,Health_services_access,30.44131862473089,%,Administrative_Health_Reports,ok
2021,Rwanda,Western,Musanze,High,With disability,Men,GBV_services_access,31.358609323309146,%,Household_Survey,ok
2021,Rwanda,Western,Musanze,High,With disability,Men,Employment_rate,40.08875533400788,%,Civic_Participation_Records,ok
2021,Rwanda,Western,Musanze,High,With disability,Men,Decision_making_participation,37.682704923750094,%,Administrative_Health_Reports,ok
2022,Rwanda,Western,Musanze,Low,No disability,Women,School_enrollment,32.44368618897394,%,Community_GBV_Monitoring,ok
2022,Rwanda,Western,Musanze,Low,No disability,Women,Health_services_access,,%,Civic_Participation_Records,missing_value
2022,Rwanda,Western,Musanze,Low,No disability,Women,GBV_services_access,,%,Civic_Participation_Records,missing_value
2022,Rwanda,Western,Musanze,Low,No disability,Women,Employment_rate,27.1580399254065,%,Community_GBV_Monitoring,ok
2022,Rwanda,Western,Musanze,Low,No disability,Women,Decision_making_participation,,%,Community_GBV_Monitoring,missing_value
2022,Rwanda,Western,Musanze,Low,No disability,Men,School_enrollment,,%,Household_Survey,missing_value
2022,Rwanda,Western,Musanze,Low,No disability,Men,Health_services_access,31.538525296276546,%,Administrative_Health_Reports,ok
2022,Rwanda,Western,Musanze,Low,No disability,Men,GBV_services_access,27.726131524250306,%,Labour_Force_Survey,ok
2022,Rwanda,Western,Musanze,Low,No disability,Men,Employment_rate,,%,Community_GBV_Monitoring,missing_value
2022,Rwanda,Western,Musanze,Low,No disability,Men,Decision_making_participation,33.82978227654446,%,Household_Survey,ok
2022,Rwanda,Western,Musanze,Low,With disability,Women,School_enrollment,10.187677420443222,%,Civic_Participation_Records,ok
2022,Rwanda,Western,Musanze,Low,With disability,Women,Health_services_access,,%,Community_GBV_Monitoring,missing_value
2022,Rwanda,Western,Musanze,Low,With disability,Women,GBV_services_access,,%,Administrative_Health_Reports,missing_value
2022,Rwanda,Western,Musanze,Low,With disability,Women,Employment_rate,10.400385024606324,%,Labour_Force_Survey,ok
2022,Rwanda,Western,Musanze,Low,With disability,Women,Decision_making_participation,12.461631691735066,%,Labour_Force_Survey,ok
2022,Rwanda,Western,Musanze,Low,With disability,Men,School_enrollment,14.364641223221392,%,Household_Survey,ok
2022,Rwanda,Western,Musanze,Low,With disability,Men,Health_services_access,13.393839764599388,%,Civic_Participation_Records,ok
2022,Rwanda,Western,Musanze,Low,With disability,Men,GBV_services_access,4.931798762160197,%,Civic_Participation_Records,ok
2022,Rwanda,Western,Musanze,Low,With disability,Men,Employment_rate,7.896353647456782,%,Labour_Force_Survey,ok
2022,Rwanda,Western,Musanze,Low,With disability,Men,Decision_making_participation,17.04176060548857,%,Civic_Participation_Records,ok
2022,Rwanda,Western,Musanze,Middle,No disability,Women,School_enrollment,49.04092256520476,%,Household_Survey,ok
2022,Rwanda,Western,Musanze,Middle,No disability,Women,Health_services_access,46.43050873954427,%,Labour_Force_Survey,ok
2022,Rwanda,Western,Musanze,Middle,No disability,Women,GBV_services_access,52.00770749768653,%,Civic_Participation_Records,ok
2022,Rwanda,Western,Musanze,Middle,No disability,Women,Employment_rate,43.658408237972594,%,Civic_Participation_Records,ok
2022,Rwanda,Western,Musanze,Middle,No disability,Women,Decision_making_participation,43.4190351876909,%,Administrative_Health_Reports,ok
2022,Rwanda,Western,Musanze,Middle,No disability,Men,School_enrollment,52.22250838285101,%,Household_Survey,ok
2022,Rwanda,Western,Musanze,Middle,No disability,Men,Health_services_access,50.95305797005401,%,Administrative_Health_Reports,ok
2022,Rwanda,Western,Musanze,Middle,No disability,Men,GBV_services_access,50.57604347086616,%,Community_GBV_Monitoring,ok
2022,Rwanda,Western,Musanze,Middle,No disability,Men,Employment_rate,55.19915889822844,%,Administrative_Health_Reports,ok
2022,Rwanda,Western,Musanze,Middle,No disability,Men,Decision_making_participation,47.7457563137686,%,Community_GBV_Monitoring,ok
2022,Rwanda,Western,Musanze,Middle,With disability,Women,School_enrollment,20.897245476541137,%,Administrative_Health_Reports,ok
2022,Rwanda,Western,Musanze,Middle,With disability,Women,Health_services_access,23.879379629751593,%,Civic_Participation_Records,ok
2022,Rwanda,Western,Musanze,Middle,With disability,Women,GBV_services_access,21.689784424418974,%,Community_GBV_Monitoring,ok
2022,Rwanda,Western,Musanze,Middle,With disability,Women,Employment_rate,23.519953656784935,%,Household_Survey,ok
2022,Rwanda,Western,Musanze,Middle,With disability,Women,Decision_making_participation,26.00879705749074,%,Administrative_Health_Reports,ok
2022,Rwanda,Western,Musanze,Middle,With disability,Men,School_enrollment,29.835516698509526,%,Labour_Force_Survey,ok
2022,Rwanda,Western,Musanze,Middle,With disability,Men,Health_services_access,31.99787524066864,%,Labour_Force_Survey,ok
2022,Rwanda,Western,Musanze,Middle,With disability,Men,GBV_services_access,27.383085320997193,%,Civic_Participation_Records,ok
2022,Rwanda,Western,Musanze,Middle,With disability,Men,Employment_rate,35.23711888394255,%,Household_Survey,ok
2022,Rwanda,Western,Musanze,Middle,With disability,Men,Decision_making_participation,31.079827009256334,%,Administrative_Health_Reports,ok
2022,Rwanda,Western,Musanze,High,No disability,Women,School_enrollment,50.02497842868453,%,Household_Survey,ok
2022,Rwanda,Western,Musanze,High,No disability,Women,Health_services_access,53.584507599468914,%,Household_Survey,ok
2022,Rwanda,Western,Musanze,High,No disability,Women,GBV_services_access,53.335223286101275,%,Household_Survey,ok
2022,Rwanda,Western,Musanze,High,No disability,Women,Employment_rate,46.47962733093744,%,Administrative_Health_Reports,ok
2022,Rwanda,Western,Musanze,High,No disability,Women,Decision_making_participation,50.729165081968304,%,Labour_Force_Survey,ok
2022,Rwanda,Western,Musanze,High,No disability,Men,School_enrollment,61.536100596457246,%,Community_GBV_Monitoring,ok
2022,Rwanda,Western,Musanze,High,No disability,Men,Health_services_access,55.96069398809576,%,Administrative_Health_Reports,ok
2022,Rwanda,Western,Musanze,High,No disability,Men,GBV_services_access,54.089613262782684,%,Labour_Force_Survey,ok
2022,Rwanda,Western,Musanze,High,No disability,Men,Employment_rate,55.10455856920338,%,Community_GBV_Monitoring,ok
2022,Rwanda,Western,Musanze,High,No disability,Men,Decision_making_participation,54.68595170491531,%,Labour_Force_Survey,ok
2022,Rwanda,Western,Musanze,High,With disability,Women,School_enrollment,30.327120610959348,%,Civic_Participation_Records,ok
2022,Rwanda,Western,Musanze,High,With disability,Women,Health_services_access,26.85636055607525,%,Household_Survey,ok
2022,Rwanda,Western,Musanze,High,With disability,Women,GBV_services_access,27.26594813357528,%,Household_Survey,ok
2022,Rwanda,Western,Musanze,High,With disability,Women,Employment_rate,,%,Labour_Force_Survey,missing_value
2022,Rwanda,Western,Musanze,High,With disability,Women,Decision_making_participation,33.09629824172736,%,Civic_Participation_Records,ok
2022,Rwanda,Western,Musanze,High,With disability,Men,School_enrollment,32.96073991786158,%,Administrative_Health_Reports,ok
2022,Rwanda,Western,Musanze,High,With disability,Men,Health_services_access,28.294836968875657,%,Household_Survey,ok
2022,Rwanda,Western,Musanze,High,With disability,Men,GBV_services_access,28.4872867809567,%,Community_GBV_Monitoring,ok
2022,Rwanda,Western,Musanze,High,With disability,Men,Employment_rate,35.771736806625924,%,Labour_Force_Survey,ok
2022,Rwanda,Western,Musanze,High,With disability,Men,Decision_making_participation,36.050104556601156,%,Community_GBV_Monitoring,ok
2023,Rwanda,Western,Musanze,Low,No disability,Women,School_enrollment,26.954017317847686,%,Labour_Force_Survey,ok
2023,Rwanda,Western,Musanze,Low,No disability,Women,Health_services_access,28.722373113823032,%,Labour_Force_Survey,ok
2023,Rwanda,Western,Musanze,Low,No disability,Women,GBV_services_access,29.776106922406193,%,Household_Survey,ok
2023,Rwanda,Western,Musanze,Low,No disability,Women,Employment_rate,24.68965003486929,%,Household_Survey,ok
2023,Rwanda,Western,Musanze,Low,No disability,Women,Decision_making_participation,30.760572278912317,%,Labour_Force_Survey,ok
2023,Rwanda,Western,Musanze,Low,No disability,Men,School_enrollment,31.30681964598317,%,Household_Survey,ok
2023,Rwanda,Western,Musanze,Low,No disability,Men,Health_services_access,28.68537728622555,%,Community_GBV_Monitoring,ok
2023,Rwanda,Western,Musanze,Low,No disability,Men,GBV_services_access,29.75988727053248,%,Labour_Force_Survey,ok
2023,Rwanda,Western,Musanze,Low,No disability,Men,Employment_rate,26.8608301256255,%,Civic_Participation_Records,ok
2023,Rwanda,Western,Musanze,Low,No disability,Men,Decision_making_participation,32.86605676476532,%,Civic_Participation_Records,ok
2023,Rwanda,Western,Musanze,Low,With disability,Women,School_enrollment,9.198670329993053,%,Household_Survey,ok
2023,Rwanda,Western,Musanze,Low,With disability,Women,Health_services_access,,%,Labour_Force_Survey,missing_value
2023,Rwanda,Western,Musanze,Low,With disability,Women,GBV_services_access,3.1993285037405794,%,Community_GBV_Monitoring,ok
2023,Rwanda,Western,Musanze,Low,With disability,Women,Employment_rate,7.664717686381602,%,Household_Survey,ok
2023,Rwanda,Western,Musanze,Low,With disability,Women,Decision_making_participation,,%,Labour_Force_Survey,missing_value
2023,Rwanda,Western,Musanze,Low,With disability,Men,School_enrollment,15.446149094207001,%,Labour_Force_Survey,ok
2023,Rwanda,Western,Musanze,Low,With disability,Men,Health_services_access,13.758359563041912,%,Community_GBV_Monitoring,ok
2023,Rwanda,Western,Musanze,Low,With disability,Men,GBV_services_access,8.425298004038588,%,Household_Survey,ok
2023,Rwanda,Western,Musanze,Low,With disability,Men,Employment_rate,15.384279402669488,%,Labour_Force_Survey,ok
2023,Rwanda,Western,Musanze,Low,With disability,Men,Decision_making_participation,20.54307999522932,%,Community_GBV_Monitoring,ok
2023,Rwanda,Western,Musanze,Middle,No disability,Women,School_enrollment,47.27136867379528,%,Civic_Participation_Records,ok
2023,Rwanda,Western,Musanze,Middle,No disability,Women,Health_services_access,44.279899072327474,%,Community_GBV_Monitoring,ok
2023,Rwanda,Western,Musanze,Middle,No disability,Women,GBV_services_access,45.18281843435155,%,Community_GBV_Monitoring,ok
2023,Rwanda,Western,Musanze,Middle,No disability,Women,Employment_rate,42.20587291340638,%,Administrative_Health_Reports,ok
2023,Rwanda,Western,Musanze,Middle,No disability,Women,Decision_making_participation,46.80748612128144,%,Community_GBV_Monitoring,ok
2023,Rwanda,Western,Musanze,Middle,No disability,Men,School_enrollment,48.37785675413968,%,Administrative_Health_Reports,ok
2023,Rwanda,Western,Musanze,Middle,No disability,Men,Health_services_access,49.548261394745545,%,Civic_Participation_Records,ok
2023,Rwanda,Western,Musanze,Middle,No disability,Men,GBV_services_access,51.50861955936963,%,Labour_Force_Survey,ok
2023,Rwanda,Western,Musanze,Middle,No disability,Men,Employment_rate,51.253009151890794,%,Civic_Participation_Records,ok
2023,Rwanda,Western,Musanze,Middle,No disability,Men,Decision_making_participation,52.0052971737561,%,Household_Survey,ok
2023,Rwanda,Western,Musanze,Middle,With disability,Women,School_enrollment,25.970541800639058,%,Household_Survey,ok
2023,Rwanda,Western,Musanze,Middle,With disability,Women,Health_services_access,20.675952102320053,%,Household_Survey,ok
2023,Rwanda,Western,Musanze,Middle,With disability,Women,GBV_services_access,,%,Household_Survey,missing_value
2023,Rwanda,Western,Musanze,Middle,With disability,Women,Employment_rate,23.208094931175356,%,Household_Survey,ok
2023,Rwanda,Western,Musanze,Middle,With disability,Women,Decision_making_participation,,%,Labour_Force_Survey,missing_value
2023,Rwanda,Western,Musanze,Middle,With disability,Men,School_enrollment,27.293521373980518,%,Civic_Participation_Records,ok
2023,Rwanda,Western,Musanze,Middle,With disability,Men,Health_services_access,32.47690319150014,%,Labour_Force_Survey,ok
2023,Rwanda,Western,Musanze,Middle,With disability,Men,GBV_services_access,24.58346224219617,%,Civic_Participation_Records,ok
2023,Rwanda,Western,Musanze,Middle,With disability,Men,Employment_rate,29.382300977974964,%,Labour_Force_Survey,ok
2023,Rwanda,Western,Musanze,Middle,With disability,Men,Decision_making_participation,31.448207301031044,%,Civic_Participation_Records,ok
2023,Rwanda,Western,Musanze,High,No disability,Women,School_enrollment,49.60907770898157,%,Labour_Force_Survey,ok
2023,Rwanda,Western,Musanze,High,No disability,Women,Health_services_access,48.9215699530365,%,Civic_Participation_Records,ok
2023,Rwanda,Western,Musanze,High,No disability,Women,GBV_services_access,50.139530671752794,%,Administrative_Health_Reports,ok
2023,Rwanda,Western,Musanze,High,No disability,Women,Employment_rate,,%,Household_Survey,missing_value
2023,Rwanda,Western,Musanze,High,No disability,Women,Decision_making_participation,,%,Civic_Participation_Records,missing_value
2023,Rwanda,Western,Musanze,High,No disability,Men,School_enrollment,54.72248782988731,%,Household_Survey,ok
2023,Rwanda,Western,Musanze,High,No disability,Men,Health_services_access,57.15367120279694,%,Administrative_Health_Reports,ok
2023,Rwanda,Western,Musanze,High,No disability,Men,GBV_services_access,52.4280442064503,%,Community_GBV_Monitoring,ok
2023,Rwanda,Western,Musanze,High,No disability,Men,Employment_rate,55.73297453626178,%,Community_GBV_Monitoring,ok
2023,Rwanda,Western,Musanze,High,No disability,Men,Decision_making_participation,,%,Administrative_Health_Reports,missing_value
2023,Rwanda,Western,Musanze,High,With disability,Women,School_enrollment,24.440151812168086,%,Civic_Participation_Records,ok
2023,Rwanda,Western,Musanze,High,With disability,Women,Health_services_access,29.50383207266578,%,Household_Survey,ok
2023,Rwanda,Western,Musanze,High,With disability,Women,GBV_services_access,30.324950050837675,%,Civic_Participation_Records,ok
2023,Rwanda,Western,Musanze,High,With disability,Women,Employment_rate,32.39482521908429,%,Household_Survey,ok
2023,Rwanda,Western,Musanze,High,With disability,Women,Decision_making_participation,31.147294432252618,%,Labour_Force_Survey,ok
2023,Rwanda,Western,Musanze,High,With disability,Men,School_enrollment,,%,Household_Survey,missing_value
2023,Rwanda,Western,Musanze,High,With disability,Men,Health_services_access,35.150223728826525,%,Administrative_Health_Reports,ok
2023,Rwanda,Western,Musanze,High,With disability,Men,GBV_services_access,30.30199835124759,%,Administrative_Health_Reports,ok
2023,Rwanda,Western,Musanze,High,With disability,Men,Employment_rate,,%,Administrative_Health_Reports,missing_value
2023,Rwanda,Western,Musanze,High,With disability,Men,Decision_making_participation,35.75321360289931,%,Civic_Participation_Records,ok
2024,Rwanda,Western,Musanze,Low,No disability,Women,School_enrollment,34.69701290342056,%,Civic_Participation_Records,ok
2024,Rwanda,Western,Musanze,Low,No disability,Women,Health_services_access,,%,Administrative_Health_Reports,missing_value
2024,Rwanda,Western,Musanze,Low,No disability,Women,GBV_services_access,26.714135933590086,%,Civic_Participation_Records,ok
2024,Rwanda,Western,Musanze,Low,No disability,Women,Employment_rate,21.937266287782986,%,Household_Survey,ok
2024,Rwanda,Western,Musanze,Low,No disability,Women,Decision_making_participation,33.081146789918,%,Household_Survey,ok
2024,Rwanda,Western,Musanze,Low,No disability,Men,School_enrollment,33.48588246454544,%,Labour_Force_Survey,ok
2024,Rwanda,Western,Musanze,Low,No disability,Men,Health_services_access,36.2104431814627,%,Labour_Force_Survey,ok
2024,Rwanda,Western,Musanze,Low,No disability,Men,GBV_services_access,27.847576304094602,%,Administrative_Health_Reports,ok
2024,Rwanda,Western,Musanze,Low,No disability,Men,Employment_rate,,%,Community_GBV_Monitoring,missing_value
2024,Rwanda,Western,Musanze,Low,No disability,Men,Decision_making_participation,33.531473321759805,%,Community_GBV_Monitoring,ok
2024,Rwanda,Western,Musanze,Low,With disability,Women,School_enrollment,15.802920750151007,%,Community_GBV_Monitoring,ok
2024,Rwanda,Western,Musanze,Low,With disability,Women,Health_services_access,6.238785902576055,%,Civic_Participation_Records,ok
2024,Rwanda,Western,Musanze,Low,With disability,Women,GBV_services_access,7.06302469370748,%,Household_Survey,ok
2024,Rwanda,Western,Musanze,Low,With disability,Women,Employment_rate,10.410513901763192,%,Labour_Force_Survey,ok
2024,Rwanda,Western,Musanze,Low,With disability,Women,Decision_making_participation,18.40050797013895,%,Labour_Force_Survey,ok
2024,Rwanda,Western,Musanze,Low,With disability,Men,School_enrollment,13.563853338357337,%,Community_GBV_Monitoring,ok
2024,Rwanda,Western,Musanze,Low,With disability,Men,Health_services_access,15.929301672890745,%,Civic_Participation_Records,ok
2024,Rwanda,Western,Musanze,Low,With disability,Men,GBV_services_access,12.974670043201133,%,Household_Survey,ok
2024,Rwanda,Western,Musanze,Low,With disability,Men,Employment_rate,11.944462796648155,%,Administrative_Health_Reports,ok
2024,Rwanda,Western,Musanze,Low,With disability,Men,Decision_making_participation,13.043113164402161,%,Community_GBV_Monitoring,ok
2024,Rwanda,Western,Musanze,Middle,No disability,Women,School_enrollment,43.56988306255501,%,Labour_Force_Survey,ok
2024,Rwanda,Western,Musanze,Middle,No disability,Women,Health_services_access,45.10282917763976,%,Household_Survey,ok
2024,Rwanda,Western,Musanze,Middle,No disability,Women,GBV_services_access,45.46771307891168,%,Labour_Force_Survey,ok
2024,Rwanda,Western,Musanze,Middle,No disability,Women,Employment_rate,47.56092157675793,%,Administrative_Health_Reports,ok
2024,Rwanda,Western,Musanze,Middle,No disability,Women,Decision_making_participation,45.941034238357524,%,Civic_Participation_Records,ok
2024,Rwanda,Western,Musanze,Middle,No disability,Men,School_enrollment,47.03754587308705,%,Labour_Force_Survey,ok
2024,Rwanda,Western,Musanze,Middle,No disability,Men,Health_services_access,49.227376163858864,%,Labour_Force_Survey,ok
2024,Rwanda,Western,Musanze,Middle,No disability,Men,GBV_services_access,46.19309591545986,%,Community_GBV_Monitoring,ok
2024,Rwanda,Western,Musanze,Middle,No disability,Men,Employment_rate,45.128471306288134,%,Administrative_Health_Reports,ok
2024,Rwanda,Western,Musanze,Middle,No disability,Men,Decision_making_participation,55.962107833133665,%,Administrative_Health_Reports,ok
2024,Rwanda,Western,Musanze,Middle,With disability,Women,School_enrollment,26.238521863766728,%,Labour_Force_Survey,ok
2024,Rwanda,Western,Musanze,Middle,With disability,Women,Health_services_access,27.002108627707543,%,Labour_Force_Survey,ok
2024,Rwanda,Western,Musanze,Middle,With disability,Women,GBV_services_access,22.865317643726783,%,Household_Survey,ok
2024,Rwanda,Western,Musanze,Middle,With disability,Women,Employment_rate,28.112134121858976,%,Labour_Force_Survey,ok
2024,Rwanda,Western,Musanze,Middle,With disability,Women,Decision_making_participation,27.809501146755707,%,Household_Survey,ok
2024,Rwanda,Western,Musanze,Middle,With disability,Men,School_enrollment,30.796990953089157,%,Civic_Participation_Records,ok
2024,Rwanda,Western,Musanze,Middle,With disability,Men,Health_services_access,25.04083307253169,%,Household_Survey,ok
2024,Rwanda,Western,Musanze,Middle,With disability,Men,GBV_services_access,27.462380915334663,%,Civic_Participation_Records,ok
2024,Rwanda,Western,Musanze,Middle,With disability,Men,Employment_rate,31.93460508483121,%,Household_Survey,ok
2024,Rwanda,Western,Musanze,Middle,With disability,Men,Decision_making_participation,29.88398384401722,%,Household_Survey,ok
2024,Rwanda,Western,Musanze,High,No disability,Women,School_enrollment,51.48509611105641,%,Community_GBV_Monitoring,ok
2024,Rwanda,Western,Musanze,High,No disability,Women,Health_services_access,53.315758465465095,%,Labour_Force_Survey,ok
2024,Rwanda,Western,Musanze,High,No disability,Women,GBV_services_access,51.74523046565591,%,Household_Survey,ok
2024,Rwanda,Western,Musanze,High,No disability,Women,Employment_rate,47.97700806707968,%,Labour_Force_Survey,ok
2024,Rwanda,Western,Musanze,High,No disability,Women,Decision_making_participation,54.32651253146566,%,Labour_Force_Survey,ok
2024,Rwanda,Western,Musanze,High,No disability,Men,School_enrollment,55.0894109799118,%,Household_Survey,ok
2024,Rwanda,Western,Musanze,High,No disability,Men,Health_services_access,56.90271030768258,%,Administrative_Health_Reports,ok
2024,Rwanda,Western,Musanze,High,No disability,Men,GBV_services_access,56.33395190879023,%,Civic_Participation_Records,ok
2024,Rwanda,Western,Musanze,High,No disability,Men,Employment_rate,,%,Household_Survey,missing_value
2024,Rwanda,Western,Musanze,High,No disability,Men,Decision_making_participation,52.667559265544085,%,Labour_Force_Survey,ok
2024,Rwanda,Western,Musanze,High,With disability,Women,School_enrollment,,%,Community_GBV_Monitoring,missing_value
2024,Rwanda,Western,Musanze,High,With disability,Women,Health_services_access,30.604200902186573,%,Civic_Participation_Records,ok
2024,Rwanda,Western,Musanze,High,With disability,Women,GBV_services_access,29.072265720279354,%,Household_Survey,ok
2024,Rwanda,Western,Musanze,High,With disability,Women,Employment_rate,,%,Community_GBV_Monitoring,missing_value
2024,Rwanda,Western,Musanze,High,With disability,Women,Decision_making_participation,29.38704822540393,%,Household_Survey,ok
2024,Rwanda,Western,Musanze,High,With disability,Men,School_enrollment,,%,Community_GBV_Monitoring,missing_value
2024,Rwanda,Western,Musanze,High,With disability,Men,Health_services_access,,%,Household_Survey,missing_value
2024,Rwanda,Western,Musanze,High,With disability,Men,GBV_services_access,33.842077978194894,%,Labour_Force_Survey,ok
2024,Rwanda,Western,Musanze,High,With disability,Men,Employment_rate,,%,Civic_Participation_Records,missing_value
2024,Rwanda,Western,Musanze,High,With disability,Men,Decision_making_participation,37.89501894851335,%,Community_GBV_Monitoring,ok
2020,Rwanda,Western,Rubavu,Low,No disability,Women,School_enrollment,27.193056971533426,%,Community_GBV_Monitoring,ok
2020,Rwanda,Western,Rubavu,Low,No disability,Women,Health_services_access,30.397552583653344,%,Administrative_Health_Reports,ok
2020,Rwanda,Western,Rubavu,Low,No disability,Women,GBV_services_access,29.92003823157207,%,Civic_Participation_Records,ok
2020,Rwanda,Western,Rubavu,Low,No disability,Women,Employment_rate,25.32757339398256,%,Civic_Participation_Records,ok
2020,Rwanda,Western,Rubavu,Low,No disability,Women,Decision_making_participation,30.233039217361622,%,Civic_Participation_Records,ok
2020,Rwanda,Western,Rubavu,Low,No disability,Men,School_enrollment,36.66819706278541,%,Household_Survey,ok
2020,Rwanda,Western,Rubavu,Low,No disability,Men,Health_services_access,37.434249629728555,%,Administrative_Health_Reports,ok
2020,Rwanda,Western,Rubavu,Low,No disability,Men,GBV_services_access,30.93493621146097,%,Administrative_Health_Reports,ok
2020,Rwanda,Western,Rubavu,Low,No disability,Men,Employment_rate,30.434573650019782,%,Administrative_Health_Reports,ok
2020,Rwanda,Western,Rubavu,Low,No disability,Men,Decision_making_participation,34.10163296145267,%,Community_GBV_Monitoring,ok
2020,Rwanda,Western,Rubavu,Low,With disability,Women,School_enrollment,12.179090057276943,%,Household_Survey,ok
2020,Rwanda,Western,Rubavu,Low,With disability,Women,Health_services_access,,%,Labour_Force_Survey,missing_value
2020,Rwanda,Western,Rubavu,Low,With disability,Women,GBV_services_access,5.4583834672662475,%,Administrative_Health_Reports,ok
2020,Rwanda,Western,Rubavu,Low,With disability,Women,Employment_rate,10.110315586544491,%,Administrative_Health_Reports,ok
2020,Rwanda,Western,Rubavu,Low,With disability,Women,Decision_making_participation,10.656756874422332,%,Household_Survey,ok
2020,Rwanda,Western,Rubavu,Low,With disability,Men,School_enrollment,17.363681912035,%,Household_Survey,ok
2020,Rwanda,Western,Rubavu,Low,With disability,Men,Health_services_access,11.801440854950716,%,Labour_Force_Survey,ok
2020,Rwanda,Western,Rubavu,Low,With disability,Men,GBV_services_access,,%,Labour_Force_Survey,missing_value
2020,Rwanda,Western,Rubavu,Low,With disability,Men,Employment_rate,10.235520303547759,%,Administrative_Health_Reports,ok
2020,Rwanda,Western,Rubavu,Low,With disability,Men,Decision_making_participation,17.428386727828464,%,Labour_Force_Survey,ok
2020,Rwanda,Western,Rubavu,Middle,No disability,Women,School_enrollment,42.50985540238939,%,Household_Survey,ok
2020,Rwanda,Western,Rubavu,Middle,No disability,Women,Health_services_access,42.75577798308085,%,Administrative_Health_Reports,ok
2020,Rwanda,Western,Rubavu,Middle,No disability,Women,GBV_services_access,45.50570066288678,%,Household_Survey,ok
2020,Rwanda,Western,Rubavu,Middle,No disability,Women,Employment_rate,45.894993237901936,%,Community_GBV_Monitoring,ok
2020,Rwanda,Western,Rubavu,Middle,No disability,Women,Decision_making_participation,48.21152736672415,%,Civic_Participation_Records,ok
2020,Rwanda,Western,Rubavu,Middle,No disability,Men,School_enrollment,48.385049053549274,%,Household_Survey,ok
2020,Rwanda,Western,Rubavu,Middle,No disability,Men,Health_services_access,51.79436773833005,%,Household_Survey,ok
2020,Rwanda,Western,Rubavu,Middle,No disability,Men,GBV_services_access,51.00253103992333,%,Community_GBV_Monitoring,ok
2020,Rwanda,Western,Rubavu,Middle,No disability,Men,Employment_rate,50.40798261624991,%,Labour_Force_Survey,ok
2020,Rwanda,Western,Rubavu,Middle,No disability,Men,Decision_making_participation,51.746745609697385,%,Labour_Force_Survey,ok
2020,Rwanda,Western,Rubavu,Middle,With disability,Women,School_enrollment,,%,Household_Survey,missing_value
2020,Rwanda,Western,Rubavu,Middle,With disability,Women,Health_services_access,21.354266932425382,%,Civic_Participation_Records,ok
2020,Rwanda,Western,Rubavu,Middle,With disability,Women,GBV_services_access,,%,Administrative_Health_Reports,missing_value
2020,Rwanda,Western,Rubavu,Middle,With disability,Women,Employment_rate,30.17448188676179,%,Household_Survey,ok
2020,Rwanda,Western,Rubavu,Middle,With disability,Women,Decision_making_participation,25.8425148741322,%,Labour_Force_Survey,ok
2020,Rwanda,Western,Rubavu,Middle,With disability,Men,School_enrollment,,%,Administrative_Health_Reports,missing_value
2020,Rwanda,Western,Rubavu,Middle,With disability,Men,Health_services_access,,%,Civic_Participation_Records,missing_value
2020,Rwanda,Western,Rubavu,Middle,With disability,Men,GBV_services_access,27.20580666624252,%,Labour_Force_Survey,ok
2020,Rwanda,Western,Rubavu,Middle,With disability,Men,Employment_rate,33.54428667599647,%,Civic_Participation_Records,ok
2020,Rwanda,Western,Rubavu,Middle,With disability,Men,Decision_making_participation,26.850504074399645,%,Labour_Force_Survey,ok
2020,Rwanda,Western,Rubavu,High,No disability,Women,School_enrollment,50.304504742790414,%,Household_Survey,ok
2020,Rwanda,Western,Rubavu,High,No disability,Women,Health_services_access,49.15536055951952,%,Administrative_Health_Reports,ok
2020,Rwanda,Western,Rubavu,High,No disability,Women,GBV_services_access,51.92411145734812,%,Administrative_Health_Reports,ok
2020,Rwanda,Western,Rubavu,High,No disability,Women,Employment_rate,41.4770299430473,%,Household_Survey,ok
2020,Rwanda,Western,Rubavu,High,No disability,Women,Decision_making_participation,48.502129784306085,%,Administrative_Health_Reports,ok
2020,Rwanda,Western,Rubavu,High,No disability,Men,School_enrollment,54.00090236773606,%,Administrative_Health_Reports,ok
2020,Rwanda,Western,Rubavu,High,No disability,Men,Health_services_access,57.34661827000928,%,Labour_Force_Survey,ok
2020,Rwanda,Western,Rubavu,High,No disability,Men,GBV_services_access,59.30293922293765,%,Labour_Force_Survey,ok
2020,Rwanda,Western,Rubavu,High,No disability,Men,Employment_rate,58.20516879749761,%,Civic_Participation_Records,ok
2020,Rwanda,Western,Rubavu,High,No disability,Men,Decision_making_participation,57.62702913418163,%,Labour_Force_Survey,ok
2020,Rwanda,Western,Rubavu,High,With disability,Women,School_enrollment,28.99471769066902,%,Household_Survey,ok
2020,Rwanda,Western,Rubavu,High,With disability,Women,Health_services_access,26.541620644459194,%,Civic_Participation_Records,ok
2020,Rwanda,Western,Rubavu,High,With disability,Women,GBV_services_access,,%,Community_GBV_Monitoring,missing_value
2020,Rwanda,Western,Rubavu,High,With disability,Women,Employment_rate,35.76901734466973,%,Civic_Participation_Records,ok
2020,Rwanda,Western,Rubavu,High,With disability,Women,Decision_making_participation,39.18191447102962,%,Labour_Force_Survey,ok
2020,Rwanda,Western,Rubavu,High,With disability,Men,School_enrollment,31.63044808198471,%,Administrative_Health_Reports,ok
2020,Rwanda,Western,Rubavu,High,With disability,Men,Health_services_access,,%,Administrative_Health_Reports,missing_value
2020,Rwanda,Western,Rubavu,High,With disability,Men,GBV_services_access,33.310739872715686,%,Community_GBV_Monitoring,ok
2020,Rwanda,Western,Rubavu,High,With disability,Men,Employment_rate,,%,Household_Survey,missing_value
2020,Rwanda,Western,Rubavu,High,With disability,Men,Decision_making_participation,35.566651680997246,%,Community_GBV_Monitoring,ok
2021,Rwanda,Western,Rubavu,Low,No disability,Women,School_enrollment,30.79837651110685,%,Labour_Force_Survey,ok
2021,Rwanda,Western,Rubavu,Low,No disability,Women,Health_services_access,28.807773246808672,%,Labour_Force_Survey,ok
2021,Rwanda,Western,Rubavu,Low,No disability,Women,GBV_services_access,27.616662137882198,%,Labour_Force_Survey,ok
2021,Rwanda,Western,Rubavu,Low,No disability,Women,Employment_rate,25.7051609147238,%,Household_Survey,ok
2021,Rwanda,Western,Rubavu,Low,No disability,Women,Decision_making_participation,29.31490840061541,%,Administrative_Health_Reports,ok
2021,Rwanda,Western,Rubavu,Low,No disability,Men,School_enrollment,29.914974258024493,%,Civic_Participation_Records,ok
2021,Rwanda,Western,Rubavu,Low,No disability,Men,Health_services_access,,%,Civic_Participation_Records,missing_value
2021,Rwanda,Western,Rubavu,Low,No disability,Men,GBV_services_access,32.63644073213693,%,Civic_Participation_Records,ok
2021,Rwanda,Western,Rubavu,Low,No disability,Men,Employment_rate,28.722741489589367,%,Community_GBV_Monitoring,ok
2021,Rwanda,Western,Rubavu,Low,No disability,Men,Decision_making_participation,32.274596425269,%,Household_Survey,ok
2021,Rwanda,Western,Rubavu,Low,With disability,Women,School_enrollment,11.074852698615402,%,Community_GBV_Monitoring,ok
2021,Rwanda,Western,Rubavu,Low,With disability,Women,Health_services_access,9.785970258603761,%,Household_Survey,ok
2021,Rwanda,Western,Rubavu,Low,With disability,Women,GBV_services_access,6.5779027022090055,%,Administrative_Health_Reports,ok
2021,Rwanda,Western,Rubavu,Low,With disability,Women,Employment_rate,4.659972329820157,%,Administrative_Health_Reports,ok
2021,Rwanda,Western,Rubavu,Low,With disability,Women,Decision_making_participation,12.9080797327024,%,Community_GBV_Monitoring,ok
2021,Rwanda,Western,Rubavu,Low,With disability,Men,School_enrollment,,%,Community_GBV_Monitoring,missing_value
2021,Rwanda,Western,Rubavu,Low,With disability,Men,Health_services_access,12.597243894779028,%,Administrative_Health_Reports,ok
2021,Rwanda,Western,Rubavu,Low,With disability,Men,GBV_services_access,10.850341964766132,%,Household_Survey,ok
2021,Rwanda,Western,Rubavu,Low,With disability,Men,Employment_rate,8.911889156856958,%,Community_GBV_Monitoring,ok
2021,Rwanda,Western,Rubavu,Low,With disability,Men,Decision_making_participation,13.795834993541101,%,Civic_Participation_Records,ok
2021,Rwanda,Western,Rubavu,Middle,No disability,Women,School_enrollment,45.90254811860481,%,Civic_Participation_Records,ok
2021,Rwanda,Western,Rubavu,Middle,No disability,Women,Health_services_access,43.65639025647059,%,Civic_Participation_Records,ok
2021,Rwanda,Western,Rubavu,Middle,No disability,Women,GBV_services_access,44.0944656414155,%,Civic_Participation_Records,ok
2021,Rwanda,Western,Rubavu,Middle,No disability,Women,Employment_rate,45.18912997544729,%,Labour_Force_Survey,ok
2021,Rwanda,Western,Rubavu,Middle,No disability,Women,Decision_making_participation,49.562464810193674,%,Administrative_Health_Reports,ok
2021,Rwanda,Western,Rubavu,Middle,No disability,Men,School_enrollment,49.22317862731643,%,Labour_Force_Survey,ok
2021,Rwanda,Western,Rubavu,Middle,No disability,Men,Health_services_access,49.647558435891135,%,Community_GBV_Monitoring,ok
2021,Rwanda,Western,Rubavu,Middle,No disability,Men,GBV_services_access,49.61186301242098,%,Community_GBV_Monitoring,ok
2021,Rwanda,Western,Rubavu,Middle,No disability,Men,Employment_rate,52.39502051448742,%,Civic_Participation_Records,ok
2021,Rwanda,Western,Rubavu,Middle,No disability,Men,Decision_making_participation,46.87793239354787,%,Community_GBV_Monitoring,ok
2021,Rwanda,Western,Rubavu,Middle,With disability,Women,School_enrollment,26.261020518404617,%,Community_GBV_Monitoring,ok
2021,Rwanda,Western,Rubavu,Middle,With disability,Women,Health_services_access,19.70994158856154,%,Community_GBV_Monitoring,ok
2021,Rwanda,Western,Rubavu,Middle,With disability,Women,GBV_services_access,,%,Household_Survey,missing_value
2021,Rwanda,Western,Rubavu,Middle,With disability,Women,Employment_rate,26.73210318177228,%,Labour_Force_Survey,ok
2021,Rwanda,Western,Rubavu,Middle,With disability,Women,Decision_making_participation,32.09186643619625,%,Civic_Participation_Records,ok
2021,Rwanda,Western,Rubavu,Middle,With disability,Men,School_enrollment,32.2103046126766,%,Labour_Force_Survey,ok
2021,Rwanda,Western,Rubavu,Middle,With disability,Men,Health_services_access,,%,Household_Survey,missing_value
2021,Rwanda,Western,Rubavu,Middle,With disability,Men,GBV_services_access,28.205764746727557,%,Labour_Force_Survey,ok
2021,Rwanda,Western,Rubavu,Middle,With disability,Men,Employment_rate,35.099786802787904,%,Administrative_Health_Reports,ok
2021,Rwanda,Western,Rubavu,Middle,With disability,Men,Decision_making_participation,29.87587501996628,%,Administrative_Health_Reports,ok
2021,Rwanda,Western,Rubavu,High,No disability,Women,School_enrollment,45.9997674505624,%,Labour_Force_Survey,ok
2021,Rwanda,Western,Rubavu,High,No disability,Women,Health_services_access,55.24054519175422,%,Labour_Force_Survey,ok
2021,Rwanda,Western,Rubavu,High,No disability,Women,GBV_services_access,54.732376388881185,%,Household_Survey,ok
2021,Rwanda,Western,Rubavu,High,No disability,Women,Employment_rate,51.171298344710806,%,Labour_Force_Survey,ok
2021,Rwanda,Western,Rubavu,High,No disability,Women,Decision_making_participation,52.15710308765013,%,Labour_Force_Survey,ok
2021,Rwanda,Western,Rubavu,High,No disability,Men,School_enrollment,55.07174400146463,%,Community_GBV_Monitoring,ok
2021,Rwanda,Western,Rubavu,High,No disability,Men,Health_services_access,57.46263800025278,%,Household_Survey,ok
2021,Rwanda,Western,Rubavu,High,No disability,Men,GBV_services_access,56.858029856130166,%,Labour_Force_Survey,ok
2021,Rwanda,Western,Rubavu,High,No disability,Men,Employment_rate,54.43260916479282,%,Administrative_Health_Reports,ok
2021,Rwanda,Western,Rubavu,High,No disability,Men,Decision_making_participation,55.6293888615424,%,Administrative_Health_Reports,ok
2021,Rwanda,Western,Rubavu,High,With disability,Women,School_enrollment,32.128141358381555,%,Community_GBV_Monitoring,ok
2021,Rwanda,Western,Rubavu,High,With disability,Women,Health_services_access,27.4721591571348,%,Community_GBV_Monitoring,ok
2021,Rwanda,Western,Rubavu,High,With disability,Women,GBV_services_access,25.027827135245168,%,Community_GBV_Monitoring,ok
2021,Rwanda,Western,Rubavu,High,With disability,Women,Employment_rate,31.815680945905967,%,Community_GBV_Monitoring,ok
2021,Rwanda,Western,Rubavu,High,With disability,Women,Decision_making_participation,,%,Labour_Force_Survey,missing_value
2021,Rwanda,Western,Rubavu,High,With disability,Men,School_enrollment,35.126627659553826,%,Civic_Participation_Records,ok
2021,Rwanda,Western,Rubavu,High,With disability,Men,Health_services_access,32.08450631439511,%,Labour_Force_Survey,ok
2021,Rwanda,Western,Rubavu,High,With disability,Men,GBV_services_access,31.33557794766966,%,Civic_Participation_Records,ok
2021,Rwanda,Western,Rubavu,High,With disability,Men,Employment_rate,33.933597543159685,%,Administrative_Health_Reports,ok
2021,Rwanda,Western,Rubavu,High,With disability,Men,Decision_making_participation,31.383850994161907,%,Administrative_Health_Reports,ok
2022,Rwanda,Western,Rubavu,Low,No disability,Women,School_enrollment,32.712007904997975,%,Administrative_Health_Reports,ok
2022,Rwanda,Western,Rubavu,Low,No disability,Women,Health_services_access,31.213353923361026,%,Civic_Participation_Records,ok
2022,Rwanda,Western,Rubavu,Low,No disability,Women,GBV_services_access,26.684196859018723,%,Community_GBV_Monitoring,ok
2022,Rwanda,Western,Rubavu,Low,No disability,Women,Employment_rate,25.60579680920595,%,Civic_Participation_Records,ok
2022,Rwanda,Western,Rubavu,Low,No disability,Women,Decision_making_participation,34.308292673470234,%,Community_GBV_Monitoring,ok
2022,Rwanda,Western,Rubavu,Low,No disability,Men,School_enrollment,31.83818785972196,%,Labour_Force_Survey,ok
2022,Rwanda,Western,Rubavu,Low,No disability,Men,Health_services_access,28.434635932356326,%,Community_GBV_Monitoring,ok
2022,Rwanda,Western,Rubavu,Low,No disability,Men,GBV_services_access,32.71926304553306,%,Administrative_Health_Reports,ok
2022,Rwanda,Western,Rubavu,Low,No disability,Men,Employment_rate,31.48919901835,%,Administrative_Health_Reports,ok
2022,Rwanda,Western,Rubavu,Low,No disability,Men,Decision_making_participation,37.148082535372154,%,Administrative_Health_Reports,ok
2022,Rwanda,Western,Rubavu,Low,With disability,Women,School_enrollment,,%,Community_GBV_Monitoring,missing_value
2022,Rwanda,Western,Rubavu,Low,With disability,Women,Health_services_access,10.643384921125499,%,Administrative_Health_Reports,ok
2022,Rwanda,Western,Rubavu,Low,With disability,Women,GBV_services_access,,%,Civic_Participation_Records,missing_value
2022,Rwanda,Western,Rubavu,Low,With disability,Women,Employment_rate,9.07503656283947,%,Civic_Participation_Records,ok
2022,Rwanda,Western,Rubavu,Low,With disability,Women,Decision_making_participation,,%,Civic_Participation_Records,missing_value
2022,Rwanda,Western,Rubavu,Low,With disability,Men,School_enrollment,15.66678932671005,%,Administrative_Health_Reports,ok
2022,Rwanda,Western,Rubavu,Low,With disability,Men,Health_services_access,12.40230076998056,%,Community_GBV_Monitoring,ok
2022,Rwanda,Western,Rubavu,Low,With disability,Men,GBV_services_access,13.262591540529694,%,Civic_Participation_Records,ok
2022,Rwanda,Western,Rubavu,Low,With disability,Men,Employment_rate,,%,Civic_Participation_Records,missing_value
2022,Rwanda,Western,Rubavu,Low,With disability,Men,Decision_making_participation,,%,Labour_Force_Survey,missing_value
2022,Rwanda,Western,Rubavu,Middle,No disability,Women,School_enrollment,50.553583704138426,%,Administrative_Health_Reports,ok
2022,Rwanda,Western,Rubavu,Middle,No disability,Women,Health_services_access,47.01674201270589,%,Administrative_Health_Reports,ok
2022,Rwanda,Western,Rubavu,Middle,No disability,Women,GBV_services_access,47.9526265627516,%,Administrative_Health_Reports,ok
2022,Rwanda,Western,Rubavu,Middle,No disability,Women,Employment_rate,42.07562643617658,%,Administrative_Health_Reports,ok
2022,Rwanda,Western,Rubavu,Middle,No disability,Women,Decision_making_participation,45.825905639373126,%,Civic_Participation_Records,ok
2022,Rwanda,Western,Rubavu,Middle,No disability,Men,School_enrollment,47.67992555802009,%,Community_GBV_Monitoring,ok
2022,Rwanda,Western,Rubavu,Middle,No disability,Men,Health_services_access,50.25397083763227,%,Community_GBV_Monitoring,ok
2022,Rwanda,Western,Rubavu,Middle,No disability,Men,GBV_services_access,49.27360946961846,%,Civic_Participation_Records,ok
2022,Rwanda,Western,Rubavu,Middle,No disability,Men,Employment_rate,47.11809083155346,%,Labour_Force_Survey,ok
2022,Rwanda,Western,Rubavu,Middle,No disability,Men,Decision_making_participation,52.409787629599485,%,Civic_Participation_Records,ok
2022,Rwanda,Western,Rubavu,Middle,With disability,Women,School_enrollment,24.989574146369183,%,Community_GBV_Monitoring,ok
2022,Rwanda,Western,Rubavu,Middle,With disability,Women,Health_services_access,24.4251781343342,%,Civic_Participation_Records,ok
2022,Rwanda,Western,Rubavu,Middle,With disability,Women,GBV_services_access,27.8210413212421,%,Administrative_Health_Reports,ok
2022,Rwanda,Western,Rubavu,Middle,With disability,Women,Employment_rate,22.897661039773496,%,Civic_Participation_Records,ok
2022,Rwanda,Western,Rubavu,Middle,With disability,Women,Decision_making_participation,30.66397084395656,%,Civic_Participation_Records,ok
2022,Rwanda,Western,Rubavu,Middle,With disability,Men,School_enrollment,31.687621879870555,%,Community_GBV_Monitoring,ok
2022,Rwanda,Western,Rubavu,Middle,With disability,Men,Health_services_access,,%,Household_Survey,missing_value
2022,Rwanda,Western,Rubavu,Middle,With disability,Men,GBV_services_access,26.565309328555767,%,Community_GBV_Monitoring,ok
2022,Rwanda,Western,Rubavu,Middle,With disability,Men,Employment_rate,30.480858607961615,%,Community_GBV_Monitoring,ok
2022,Rwanda,Western,Rubavu,Middle,With disability,Men,Decision_making_participation,30.57842093833998,%,Labour_Force_Survey,ok
2022,Rwanda,Western,Rubavu,High,No disability,Women,School_enrollment,49.98280464756714,%,Administrative_Health_Reports,ok
2022,Rwanda,Western,Rubavu,High,No disability,Women,Health_services_access,45.35858763903925,%,Household_Survey,ok
2022,Rwanda,Western,Rubavu,High,No disability,Women,GBV_services_access,48.670915982292364,%,Civic_Participation_Records,ok
2022,Rwanda,Western,Rubavu,High,No disability,Women,Employment_rate,46.958608149065526,%,Labour_Force_Survey,ok
2022,Rwanda,Western,Rubavu,High,No disability,Women,Decision_making_participation,49.61877460282729,%,Community_GBV_Monitoring,ok
2022,Rwanda,Western,Rubavu,High,No disability,Men,School_enrollment,56.20371240661665,%,Civic_Participation_Records,ok
2022,Rwanda,Western,Rubavu,High,No disability,Men,Health_services_access,56.930879518549965,%,Community_GBV_Monitoring,ok
2022,Rwanda,Western,Rubavu,High,No disability,Men,GBV_services_access,58.341991941571344,%,Household_Survey,ok
2022,Rwanda,Western,Rubavu,High,No disability,Men,Employment_rate,54.72088361210451,%,Labour_Force_Survey,ok
2022,Rwanda,Western,Rubavu,High,No disability,Men,Decision_making_participation,52.90618616463447,%,Household_Survey,ok
2022,Rwanda,Western,Rubavu,High,With disability,Women,School_enrollment,31.0346025045518,%,Household_Survey,ok
2022,Rwanda,Western,Rubavu,High,With disability,Women,Health_services_access,27.835131579642834,%,Labour_Force_Survey,ok
2022,Rwanda,Western,Rubavu,High,With disability,Women,GBV_services_access,,%,Administrative_Health_Reports,missing_value
2022,Rwanda,Western,Rubavu,High,With disability,Women,Employment_rate,,%,Administrative_Health_Reports,missing_value
2022,Rwanda,Western,Rubavu,High,With disability,Women,Decision_making_participation,32.79000532652618,%,Community_GBV_Monitoring,ok
2022,Rwanda,Western,Rubavu,High,With disability,Men,School_enrollment,,%,Civic_Participation_Records,missing_value
2022,Rwanda,Western,Rubavu,High,With disability,Men,Health_services_access,35.811470097333256,%,Administrative_Health_Reports,ok
2022,Rwanda,Western,Rubavu,High,With disability,Men,GBV_services_access,31.961505041271597,%,Administrative_Health_Reports,ok
2022,Rwanda,Western,Rubavu,High,With disability,Men,Employment_rate,43.45722425983026,%,Household_Survey,ok
2022,Rwanda,Western,Rubavu,High,With disability,Men,Decision_making_participation,34.123938518656324,%,Labour_Force_Survey,ok
2023,Rwanda,Western,Rubavu,Low,No disability,Women,School_enrollment,25.469629567713195,%,Community_GBV_Monitoring,ok
2023,Rwanda,Western,Rubavu,Low,No disability,Women,Health_services_access,35.86264227913342,%,Labour_Force_Survey,ok
2023,Rwanda,Western,Rubavu,Low,No disability,Women,GBV_services_access,30.963473580611847,%,Civic_Participation_Records,ok
2023,Rwanda,Western,Rubavu,Low,No disability,Women,Employment_rate,23.008747209337116,%,Household_Survey,ok
2023,Rwanda,Western,Rubavu,Low,No disability,Women,Decision_making_participation,29.719885245149694,%,Household_Survey,ok
2023,Rwanda,Western,Rubavu,Low,No disability,Men,School_enrollment,33.19165859458118,%,Civic_Participation_Records,ok
2023,Rwanda,Western,Rubavu,Low,No disability,Men,Health_services_access,28.22192111741608,%,Labour_Force_Survey,ok
2023,Rwanda,Western,Rubavu,Low,No disability,Men,GBV_services_access,33.164539034494325,%,Administrative_Health_Reports,ok
2023,Rwanda,Western,Rubavu,Low,No disability,Men,Employment_rate,32.00048559395283,%,Community_GBV_Monitoring,ok
2023,Rwanda,Western,Rubavu,Low,No disability,Men,Decision_making_participation,,%,Community_GBV_Monitoring,missing_value
2023,Rwanda,Western,Rubavu,Low,With disability,Women,School_enrollment,12.683043300138886,%,Labour_Force_Survey,ok
2023,Rwanda,Western,Rubavu,Low,With disability,Women,Health_services_access,9.824602470728642,%,Administrative_Health_Reports,ok
2023,Rwanda,Western,Rubavu,Low,With disability,Women,GBV_services_access,,%,Household_Survey,missing_value
2023,Rwanda,Western,Rubavu,Low,With disability,Women,Employment_rate,13.1659546037803,%,Household_Survey,ok
2023,Rwanda,Western,Rubavu,Low,With disability,Women,Decision_making_participation,,%,Civic_Participation_Records,missing_value
2023,Rwanda,Western,Rubavu,Low,With disability,Men,School_enrollment,18.759949938206464,%,Labour_Force_Survey,ok
2023,Rwanda,Western,Rubavu,Low,With disability,Men,Health_services_access,,%,Labour_Force_Survey,missing_value
2023,Rwanda,Western,Rubavu,Low,With disability,Men,GBV_services_access,7.249551589660048,%,Civic_Participation_Records,ok
2023,Rwanda,Western,Rubavu,Low,With disability,Men,Employment_rate,12.090371690666872,%,Community_GBV_Monitoring,ok
2023,Rwanda,Western,Rubavu,Low,With disability,Men,Decision_making_participation,18.345426558203712,%,Labour_Force_Survey,ok
2023,Rwanda,Western,Rubavu,Middle,No disability,Women,School_enrollment,44.900663074873336,%,Labour_Force_Survey,ok
2023,Rwanda,Western,Rubavu,Middle,No disability,Women,Health_services_access,44.23317441877555,%,Household_Survey,ok
2023,Rwanda,Western,Rubavu,Middle,No disability,Women,GBV_services_access,48.85204316453239,%,Labour_Force_Survey,ok
2023,Rwanda,Western,Rubavu,Middle,No disability,Women,Employment_rate,47.418956580370484,%,Labour_Force_Survey,ok
2023,Rwanda,Western,Rubavu,Middle,No disability,Women,Decision_making_participation,48.56771419127985,%,Household_Survey,ok
2023,Rwanda,Western,Rubavu,Middle,No disability,Men,School_enrollment,48.78758070237675,%,Administrative_Health_Reports,ok
2023,Rwanda,Western,Rubavu,Middle,No disability,Men,Health_services_access,50.01536281090788,%,Household_Survey,ok
2023,Rwanda,Western,Rubavu,Middle,No disability,Men,GBV_services_access,48.98257422476148,%,Administrative_Health_Reports,ok
2023,Rwanda,Western,Rubavu,Middle,No disability,Men,Employment_rate,50.13165990969208,%,Household_Survey,ok
2023,Rwanda,Western,Rubavu,Middle,No disability,Men,Decision_making_participation,49.00317260673998,%,Civic_Participation_Records,ok
2023,Rwanda,Western,Rubavu,Middle,With disability,Women,School_enrollment,26.152134023248717,%,Labour_Force_Survey,ok
2023,Rwanda,Western,Rubavu,Middle,With disability,Women,Health_services_access,,%,Administrative_Health_Reports,missing_value
2023,Rwanda,Western,Rubavu,Middle,With disability,Women,GBV_services_access,21.62573142040346,%,Administrative_Health_Reports,ok
2023,Rwanda,Western,Rubavu,Middle,With disability,Women,Employment_rate,25.713859623035155,%,Community_GBV_Monitoring,ok
2023,Rwanda,Western,Rubavu,Middle,With disability,Women,Decision_making_participation,24.366421403817426,%,Household_Survey,ok
2023,Rwanda,Western,Rubavu,Middle,With disability,Men,School_enrollment,26.511722009979973,%,Labour_Force_Survey,ok
2023,Rwanda,Western,Rubavu,Middle,With disability,Men,Health_services_access,31.65522858309545,%,Household_Survey,ok
2023,Rwanda,Western,Rubavu,Middle,With disability,Men,GBV_services_access,30.708975956995474,%,Civic_Participation_Records,ok
2023,Rwanda,Western,Rubavu,Middle,With disability,Men,Employment_rate,31.592235082434023,%,Civic_Participation_Records,ok
2023,Rwanda,Western,Rubavu,Middle,With disability,Men,Decision_making_participation,27.351617908809196,%,Administrative_Health_Reports,ok
2023,Rwanda,Western,Rubavu,High,No disability,Women,School_enrollment,46.826528996177295,%,Labour_Force_Survey,ok
2023,Rwanda,Western,Rubavu,High,No disability,Women,Health_services_access,48.96220637453688,%,Household_Survey,ok
2023,Rwanda,Western,Rubavu,High,No disability,Women,GBV_services_access,54.372247720523816,%,Community_GBV_Monitoring,ok
2023,Rwanda,Western,Rubavu,High,No disability,Women,Employment_rate,47.50158315344198,%,Labour_Force_Survey,ok
2023,Rwanda,Western,Rubavu,High,No disability,Women,Decision_making_participation,47.694594495377146,%,Administrative_Health_Reports,ok
2023,Rwanda,Western,Rubavu,High,No disability,Men,School_enrollment,56.697597148547686,%,Household_Survey,ok
2023,Rwanda,Western,Rubavu,High,No disability,Men,Health_services_access,59.60610883495036,%,Community_GBV_Monitoring,ok
2023,Rwanda,Western,Rubavu,High,No disability,Men,GBV_services_access,,%,Household_Survey,missing_value
2023,Rwanda,Western,Rubavu,High,No disability,Men,Employment_rate,51.083294233072095,%,Household_Survey,ok
2023,Rwanda,Western,Rubavu,High,No disability,Men,Decision_making_participation,52.52736026976431,%,Household_Survey,ok
2023,Rwanda,Western,Rubavu,High,With disability,Women,School_enrollment,35.77867432822788,%,Household_Survey,ok
2023,Rwanda,Western,Rubavu,High,With disability,Women,Health_services_access,27.573811409473443,%,Labour_Force_Survey,ok
2023,Rwanda,Western,Rubavu,High,With disability,Women,GBV_services_access,28.660578601238367,%,Labour_Force_Survey,ok
2023,Rwanda,Western,Rubavu,High,With disability,Women,Employment_rate,28.04544274106438,%,Household_Survey,ok
2023,Rwanda,Western,Rubavu,High,With disability,Women,Decision_making_participation,33.86650564812487,%,Civic_Participation_Records,ok
2023,Rwanda,Western,Rubavu,High,With disability,Men,School_enrollment,32.448989081263356,%,Administrative_Health_Reports,ok
2023,Rwanda,Western,Rubavu,High,With disability,Men,Health_services_access,33.21611506808447,%,Community_GBV_Monitoring,ok
2023,Rwanda,Western,Rubavu,High,With disability,Men,GBV_services_access,34.3371653289751,%,Community_GBV_Monitoring,ok
2023,Rwanda,Western,Rubavu,High,With disability,Men,Employment_rate,40.03897346294139,%,Civic_Participation_Records,ok
2023,Rwanda,Western,Rubavu,High,With disability,Men,Decision_making_participation,35.83217081989257,%,Household_Survey,ok
2024,Rwanda,Western,Rubavu,Low,No disability,Women,School_enrollment,32.80440245256311,%,Community_GBV_Monitoring,ok
2024,Rwanda,Western,Rubavu,Low,No disability,Women,Health_services_access,27.14216505959384,%,Household_Survey,ok
2024,Rwanda,Western,Rubavu,Low,No disability,Women,GBV_services_access,27.790399256598498,%,Household_Survey,ok
2024,Rwanda,Western,Rubavu,Low,No disability,Women,Employment_rate,22.784868384753846,%,Community_GBV_Monitoring,ok
2024,Rwanda,Western,Rubavu,Low,No disability,Women,Decision_making_participation,28.312500681110222,%,Household_Survey,ok
2024,Rwanda,Western,Rubavu,Low,No disability,Men,School_enrollment,32.647196033003745,%,Administrative_Health_Reports,ok
2024,Rwanda,Western,Rubavu,Low,No disability,Men,Health_services_access,30.2980565705288,%,Labour_Force_Survey,ok
2024,Rwanda,Western,Rubavu,Low,No disability,Men,GBV_services_access,27.875726571742543,%,Labour_Force_Survey,ok
2024,Rwanda,Western,Rubavu,Low,No disability,Men,Employment_rate,34.03697126417121,%,Community_GBV_Monitoring,ok
2024,Rwanda,Western,Rubavu,Low,No disability,Men,Decision_making_participation,33.15039546528658,%,Administrative_Health_Reports,ok
2024,Rwanda,Western,Rubavu,Low,With disability,Women,School_enrollment,12.232599727126226,%,Labour_Force_Survey,ok
2024,Rwanda,Western,Rubavu,Low,With disability,Women,Health_services_access,6.756309124487048,%,Labour_Force_Survey,ok
2024,Rwanda,Western,Rubavu,Low,With disability,Women,GBV_services_access,8.584976651548235,%,Labour_Force_Survey,ok
2024,Rwanda,Western,Rubavu,Low,With disability,Women,Employment_rate,6.114730976510297,%,Labour_Force_Survey,ok
2024,Rwanda,Western,Rubavu,Low,With disability,Women,Decision_making_participation,,%,Community_GBV_Monitoring,missing_value
2024,Rwanda,Western,Rubavu,Low,With disability,Men,School_enrollment,13.360378534134293,%,Community_GBV_Monitoring,ok
2024,Rwanda,Western,Rubavu,Low,With disability,Men,Health_services_access,14.222433813686822,%,Administrative_Health_Reports,ok
2024,Rwanda,Western,Rubavu,Low,With disability,Men,GBV_services_access,9.215568396328832,%,Community_GBV_Monitoring,ok
2024,Rwanda,Western,Rubavu,Low,With disability,Men,Employment_rate,10.889339857057157,%,Community_GBV_Monitoring,ok
2024,Rwanda,Western,Rubavu,Low,With disability,Men,Decision_making_participation,17.70177197754841,%,Household_Survey,ok
2024,Rwanda,Western,Rubavu,Middle,No disability,Women,School_enrollment,44.316573308294416,%,Civic_Participation_Records,ok
2024,Rwanda,Western,Rubavu,Middle,No disability,Women,Health_services_access,45.104561963978675,%,Community_GBV_Monitoring,ok
2024,Rwanda,Western,Rubavu,Middle,No disability,Women,GBV_services_access,42.684939428699806,%,Labour_Force_Survey,ok
2024,Rwanda,Western,Rubavu,Middle,No disability,Women,Employment_rate,42.00477098682514,%,Labour_Force_Survey,ok
2024,Rwanda,Western,Rubavu,Middle,No disability,Women,Decision_making_participation,46.07500396171483,%,Household_Survey,ok
2024,Rwanda,Western,Rubavu,Middle,No disability,Men,School_enrollment,51.01077144949727,%,Labour_Force_Survey,ok
2024,Rwanda,Western,Rubavu,Middle,No disability,Men,Health_services_access,55.02050993776109,%,Household_Survey,ok
2024,Rwanda,Western,Rubavu,Middle,No disability,Men,GBV_services_access,49.75383307287235,%,Labour_Force_Survey,ok
2024,Rwanda,Western,Rubavu,Middle,No disability,Men,Employment_rate,45.91477331171316,%,Community_GBV_Monitoring,ok
2024,Rwanda,Western,Rubavu,Middle,No disability,Men,Decision_making_participation,48.10791711690526,%,Administrative_Health_Reports,ok
2024,Rwanda,Western,Rubavu,Middle,With disability,Women,School_enrollment,,%,Household_Survey,missing_value
2024,Rwanda,Western,Rubavu,Middle,With disability,Women,Health_services_access,25.35217655547136,%,Community_GBV_Monitoring,ok
2024,Rwanda,Western,Rubavu,Middle,With disability,Women,GBV_services_access,22.780748530331326,%,Community_GBV_Monitoring,ok
2024,Rwanda,Western,Rubavu,Middle,With disability,Women,Employment_rate,,%,Labour_Force_Survey,missing_value
2024,Rwanda,Western,Rubavu,Middle,With disability,Women,Decision_making_participation,25.705384972729092,%,Community_GBV_Monitoring,ok
2024,Rwanda,Western,Rubavu,Middle,With disability,Men,School_enrollment,27.58437834616343,%,Administrative_Health_Reports,ok
2024,Rwanda,Western,Rubavu,Middle,With disability,Men,Health_services_access,22.106444305314767,%,Administrative_Health_Reports,ok
2024,Rwanda,Western,Rubavu,Middle,With disability,Men,GBV_services_access,30.184430280766612,%,Labour_Force_Survey,ok
2024,Rwanda,Western,Rubavu,Middle,With disability,Men,Employment_rate,25.114155098525107,%,Household_Survey,ok
2024,Rwanda,Western,Rubavu,Middle,With disability,Men,Decision_making_participation,33.41383794303284,%,Labour_Force_Survey,ok
2024,Rwanda,Western,Rubavu,High,No disability,Women,School_enrollment,48.8041930836196,%,Civic_Participation_Records,ok
2024,Rwanda,Western,Rubavu,High,No disability,Women,Health_services_access,45.98954286930497,%,Community_GBV_Monitoring,ok
2024,Rwanda,Western,Rubavu,High,No disability,Women,GBV_services_access,57.07038897796825,%,Civic_Participation_Records,ok
2024,Rwanda,Western,Rubavu,High,No disability,Women,Employment_rate,50.01173526713908,%,Labour_Force_Survey,ok
2024,Rwanda,Western,Rubavu,High,No disability,Women,Decision_making_participation,52.873882424220724,%,Civic_Participation_Records,ok
2024,Rwanda,Western,Rubavu,High,No disability,Men,School_enrollment,55.652460100760884,%,Household_Survey,ok
2024,Rwanda,Western,Rubavu,High,No disability,Men,Health_services_access,54.34591572391384,%,Household_Survey,ok
2024,Rwanda,Western,Rubavu,High,No disability,Men,GBV_services_access,58.89702353457658,%,Community_GBV_Monitoring,ok
2024,Rwanda,Western,Rubavu,High,No disability,Men,Employment_rate,56.62140212695904,%,Community_GBV_Monitoring,ok
2024,Rwanda,Western,Rubavu,High,No disability,Men,Decision_making_participation,53.70322186382682,%,Community_GBV_Monitoring,ok
2024,Rwanda,Western,Rubavu,High,With disability,Women,School_enrollment,28.05286758630172,%,Administrative_Health_Reports,ok
2024,Rwanda,Western,Rubavu,High,With disability,Women,Health_services_access,25.78037301982477,%,Household_Survey,ok
2024,Rwanda,Western,Rubavu,High,With disability,Women,GBV_services_access,,%,Civic_Participation_Records,missing_value
2024,Rwanda,Western,Rubavu,High,With disability,Women,Employment_rate,28.45263350324246,%,Administrative_Health_Reports,ok
2024,Rwanda,Western,Rubavu,High,With disability,Women,Decision_making_participation,32.61629314639796,%,Community_GBV_Monitoring,ok
2024,Rwanda,Western,Rubavu,High,With disability,Men,School_enrollment,,%,Household_Survey,missing_value
2024,Rwanda,Western,Rubavu,High,With disability,Men,Health_services_access,33.197413362558464,%,Labour_Force_Survey,ok
2024,Rwanda,Western,Rubavu,High,With disability,Men,GBV_services_access,32.14690224754242,%,Labour_Force_Survey,ok
2024,Rwanda,Western,Rubavu,High,With disability,Men,Employment_rate,31.83150222595462,%,Labour_Force_Survey,ok
2024,Rwanda,Western,Rubavu,High,With disability,Men,Decision_making_participation,31.100840032566538,%,Administrative_Health_Reports,ok
2020,Rwanda,Kigali,Gasabo,Low,No disability,Women,School_enrollment,28.955155645672686,%,Household_Survey,ok
2020,Rwanda,Kigali,Gasabo,Low,No disability,Women,Health_services_access,32.740078669658395,%,Civic_Participation_Records,ok
2020,Rwanda,Kigali,Gasabo,Low,No disability,Women,GBV_services_access,26.670706800757312,%,Community_GBV_Monitoring,ok
2020,Rwanda,Kigali,Gasabo,Low,No disability,Women,Employment_rate,26.547121831005235,%,Civic_Participation_Records,ok
2020,Rwanda,Kigali,Gasabo,Low,No disability,Women,Decision_making_participation,31.314476950281154,%,Labour_Force_Survey,ok
2020,Rwanda,Kigali,Gasabo,Low,No disability,Men,School_enrollment,35.259988891502985,%,Community_GBV_Monitoring,ok
2020,Rwanda,Kigali,Gasabo,Low,No disability,Men,Health_services_access,32.210360520129875,%,Civic_Participation_Records,ok
2020,Rwanda,Kigali,Gasabo,Low,No disability,Men,GBV_services_access,33.91740667059086,%,Household_Survey,ok
2020,Rwanda,Kigali,Gasabo,Low,No disability,Men,Employment_rate,34.087116283037886,%,Household_Survey,ok
2020,Rwanda,Kigali,Gasabo,Low,No disability,Men,Decision_making_participation,35.00349307323558,%,Community_GBV_Monitoring,ok
2020,Rwanda,Kigali,Gasabo,Low,With disability,Women,School_enrollment,11.402351972040545,%,Civic_Participation_Records,ok
2020,Rwanda,Kigali,Gasabo,Low,With disability,Women,Health_services_access,,%,Community_GBV_Monitoring,missing_value
2020,Rwanda,Kigali,Gasabo,Low,With disability,Women,GBV_services_access,11.625877471373057,%,Administrative_Health_Reports,ok
2020,Rwanda,Kigali,Gasabo,Low,With disability,Women,Employment_rate,4.478719274434628,%,Labour_Force_Survey,ok
2020,Rwanda,Kigali,Gasabo,Low,With disability,Women,Decision_making_participation,9.0888959455854,%,Administrative_Health_Reports,ok
2020,Rwanda,Kigali,Gasabo,Low,With disability,Men,School_enrollment,15.380417106214715,%,Administrative_Health_Reports,ok
2020,Rwanda,Kigali,Gasabo,Low,With disability,Men,Health_services_access,15.829031868966164,%,Household_Survey,ok
2020,Rwanda,Kigali,Gasabo,Low,With disability,Men,GBV_services_access,12.408402620075975,%,Labour_Force_Survey,ok
2020,Rwanda,Kigali,Gasabo,Low,With disability,Men,Employment_rate,14.151261918121858,%,Civic_Participation_Records,ok
2020,Rwanda,Kigali,Gasabo,Low,With disability,Men,Decision_making_participation,21.321484494436216,%,Community_GBV_Monitoring,ok
2020,Rwanda,Kigali,Gasabo,Middle,No disability,Women,School_enrollment,47.31342218254526,%,Civic_Participation_Records,ok
2020,Rwanda,Kigali,Gasabo,Middle,No disability,Women,Health_services_access,47.514762961693386,%,Administrative_Health_Reports,ok
2020,Rwanda,Kigali,Gasabo,Middle,No disability,Women,GBV_services_access,45.81810131791443,%,Community_GBV_Monitoring,ok
2020,Rwanda,Kigali,Gasabo,Middle,No disability,Women,Employment_rate,42.53337308392434,%,Civic_Participation_Records,ok
2020,Rwanda,Kigali,Gasabo,Middle,No disability,Women,Decision_making_participation,48.477364508153585,%,Community_GBV_Monitoring,ok
2020,Rwanda,Kigali,Gasabo,Middle,No disability,Men,School_enrollment,52.665444584194255,%,Labour_Force_Survey,ok
2020,Rwanda,Kigali,Gasabo,Middle,No disability,Men,Health_services_access,48.2605350882804,%,Administrative_Health_Reports,ok
2020,Rwanda,Kigali,Gasabo,Middle,No disability,Men,GBV_services_access,51.61881235493628,%,Civic_Participation_Records,ok
2020,Rwanda,Kigali,Gasabo,Middle,No disability,Men,Employment_rate,52.31551458242793,%,Community_GBV_Monitoring,ok
2020,Rwanda,Kigali,Gasabo,Middle,No disability,Men,Decision_making_participation,49.97991428660888,%,Community_GBV_Monitoring,ok
2020,Rwanda,Kigali,Gasabo,Middle,With disability,Women,School_enrollment,24.627656077606066,%,Community_GBV_Monitoring,ok
2020,Rwanda,Kigali,Gasabo,Middle,With disability,Women,Health_services_access,28.81076686449912,%,Community_GBV_Monitoring,ok
2020,Rwanda,Kigali,Gasabo,Middle,With disability,Women,GBV_services_access,,%,Administrative_Health_Reports,missing_value
2020,Rwanda,Kigali,Gasabo,Middle,With disability,Women,Employment_rate,26.068253720710825,%,Labour_Force_Survey,ok
2020,Rwanda,Kigali,Gasabo,Middle,With disability,Women,Decision_making_participation,29.318476693276224,%,Household_Survey,ok
2020,Rwanda,Kigali,Gasabo,Middle,With disability,Men,School_enrollment,28.186557613075585,%,Household_Survey,ok
2020,Rwanda,Kigali,Gasabo,Middle,With disability,Men,Health_services_access,,%,Civic_Participation_Records,missing_value
2020,Rwanda,Kigali,Gasabo,Middle,With disability,Men,GBV_services_access,26.947611625382105,%,Labour_Force_Survey,ok
2020,Rwanda,Kigali,Gasabo,Middle,With disability,Men,Employment_rate,26.545304875053464,%,Labour_Force_Survey,ok
2020,Rwanda,Kigali,Gasabo,Middle,With disability,Men,Decision_making_participation,36.12411255908715,%,Household_Survey,ok
2020,Rwanda,Kigali,Gasabo,High,No disability,Women,School_enrollment,50.95250028494198,%,Household_Survey,ok
2020,Rwanda,Kigali,Gasabo,High,No disability,Women,Health_services_access,49.684001384283526,%,Administrative_Health_Reports,ok
2020,Rwanda,Kigali,Gasabo,High,No disability,Women,GBV_services_access,54.115486954241725,%,Community_GBV_Monitoring,ok
2020,Rwanda,Kigali,Gasabo,High,No disability,Women,Employment_rate,49.66848433111887,%,Community_GBV_Monitoring,ok
2020,Rwanda,Kigali,Gasabo,High,No disability,Women,Decision_making_participation,50.61210689356659,%,Administrative_Health_Reports,ok
2020,Rwanda,Kigali,Gasabo,High,No disability,Men,School_enrollment,57.62512379447005,%,Civic_Participation_Records,ok
2020,Rwanda,Kigali,Gasabo,High,No disability,Men,Health_services_access,51.03096051783501,%,Civic_Participation_Records,ok
2020,Rwanda,Kigali,Gasabo,High,No disability,Men,GBV_services_access,,%,Community_GBV_Monitoring,missing_value
2020,Rwanda,Kigali,Gasabo,High,No disability,Men,Employment_rate,56.84456519207354,%,Labour_Force_Survey,ok
2020,Rwanda,Kigali,Gasabo,High,No disability,Men,Decision_making_participation,64.535549056268,%,Community_GBV_Monitoring,ok
2020,Rwanda,Kigali,Gasabo,High,With disability,Women,School_enrollment,27.334777513893858,%,Administrative_Health_Reports,ok
2020,Rwanda,Kigali,Gasabo,High,With disability,Women,Health_services_access,32.16518900707767,%,Household_Survey,ok
2020,Rwanda,Kigali,Gasabo,High,With disability,Women,GBV_services_access,25.081713649805362,%,Civic_Participation_Records,ok
2020,Rwanda,Kigali,Gasabo,High,With disability,Women,Employment_rate,34.67058940290083,%,Civic_Participation_Records,ok
2020,Rwanda,Kigali,Gasabo,High,With disability,Women,Decision_making_participation,33.41010115626624,%,Community_GBV_Monitoring,ok
2020,Rwanda,Kigali,Gasabo,High,With disability,Men,School_enrollment,30.763393890327066,%,Civic_Participation_Records,ok
2020,Rwanda,Kigali,Gasabo,High,With disability,Men,Health_services_access,,%,Household_Survey,missing_value
2020,Rwanda,Kigali,Gasabo,High,With disability,Men,GBV_services_access,27.221981260572978,%,Civic_Participation_Records,ok
2020,Rwanda,Kigali,Gasabo,High,With disability,Men,Employment_rate,37.360840595064005,%,Community_GBV_Monitoring,ok
2020,Rwanda,Kigali,Gasabo,High,With disability,Men,Decision_making_participation,34.29184366503894,%,Labour_Force_Survey,ok
2021,Rwanda,Kigali,Gasabo,Low,No disability,Women,School_enrollment,29.621776972112052,%,Civic_Participation_Records,ok
2021,Rwanda,Kigali,Gasabo,Low,No disability,Women,Health_services_access,29.25794961257149,%,Household_Survey,ok
2021,Rwanda,Kigali,Gasabo,Low,No disability,Women,GBV_services_access,32.48556975348277,%,Household_Survey,ok
2021,Rwanda,Kigali,Gasabo,Low,No disability,Women,Employment_rate,27.70028670912539,%,Community_GBV_Monitoring,ok
2021,Rwanda,Kigali,Gasabo,Low,No disability,Women,Decision_making_participation,28.78220279240233,%,Labour_Force_Survey,ok
2021,Rwanda,Kigali,Gasabo,Low,No disability,Men,School_enrollment,31.364623675355517,%,Civic_Participation_Records,ok
2021,Rwanda,Kigali,Gasabo,Low,No disability,Men,Health_services_access,30.838072221763237,%,Administrative_Health_Reports,ok
2021,Rwanda,Kigali,Gasabo,Low,No disability,Men,GBV_services_access,31.418990368874923,%,Community_GBV_Monitoring,ok
2021,Rwanda,Kigali,Gasabo,Low,No disability,Men,Employment_rate,30.440669807686707,%,Community_GBV_Monitoring,ok
2021,Rwanda,Kigali,Gasabo,Low,No disability,Men,Decision_making_participation,35.605000778765145,%,Household_Survey,ok
2021,Rwanda,Kigali,Gasabo,Low,With disability,Women,School_enrollment,10.086608165303488,%,Labour_Force_Survey,ok
2021,Rwanda,Kigali,Gasabo,Low,With disability,Women,Health_services_access,8.603728545489803,%,Household_Survey,ok
2021,Rwanda,Kigali,Gasabo,Low,With disability,Women,GBV_services_access,8.384022578778692,%,Civic_Participation_Records,ok
2021,Rwanda,Kigali,Gasabo,Low,With disability,Women,Employment_rate,9.44823254350455,%,Household_Survey,ok
2021,Rwanda,Kigali,Gasabo,Low,With disability,Women,Decision_making_participation,,%,Labour_Force_Survey,missing_value
2021,Rwanda,Kigali,Gasabo,Low,With disability,Men,School_enrollment,15.759008139730813,%,Household_Survey,ok
2021,Rwanda,Kigali,Gasabo,Low,With disability,Men,Health_services_access,,%,Labour_Force_Survey,missing_value
2021,Rwanda,Kigali,Gasabo,Low,With disability,Men,GBV_services_access,12.014525974014076,%,Labour_Force_Survey,ok
2021,Rwanda,Kigali,Gasabo,Low,With disability,Men,Employment_rate,16.01024849765257,%,Civic_Participation_Records,ok
2021,Rwanda,Kigali,Gasabo,Low,With disability,Men,Decision_making_participation,18.91572639137635,%,Administrative_Health_Reports,ok
2021,Rwanda,Kigali,Gasabo,Middle,No disability,Women,School_enrollment,45.55845337911128,%,Household_Survey,ok
2021,Rwanda,Kigali,Gasabo,Middle,No disability,Women,Health_services_access,47.86301746258651,%,Household_Survey,ok
2021,Rwanda,Kigali,Gasabo,Middle,No disability,Women,GBV_services_access,,%,Labour_Force_Survey,missing_value
2021,Rwanda,Kigali,Gasabo,Middle,No disability,Women,Employment_rate,41.51488457430516,%,Civic_Participation_Records,ok
2021,Rwanda,Kigali,Gasabo,Middle,No disability,Women,Decision_making_participation,41.65595938974079,%,Labour_Force_Survey,ok
2021,Rwanda,Kigali,Gasabo,Middle,No disability,Men,School_enrollment,,%,Administrative_Health_Reports,missing_value
2021,Rwanda,Kigali,Gasabo,Middle,No disability,Men,Health_services_access,54.63757687869894,%,Civic_Participation_Records,ok
2021,Rwanda,Kigali,Gasabo,Middle,No disability,Men,GBV_services_access,47.77607109395378,%,Community_GBV_Monitoring,ok
2021,Rwanda,Kigali,Gasabo,Middle,No disability,Men,Employment_rate,57.30965217822766,%,Civic_Participation_Records,ok
2021,Rwanda,Kigali,Gasabo,Middle,No disability,Men,Decision_making_participation,51.66694633932367,%,Civic_Participation_Records,ok
2021,Rwanda,Kigali,Gasabo,Middle,With disability,Women,School_enrollment,29.392987332028902,%,Labour_Force_Survey,ok
2021,Rwanda,Kigali,Gasabo,Middle,With disability,Women,Health_services_access,25.076030986786872,%,Administrative_Health_Reports,ok
2021,Rwanda,Kigali,Gasabo,Middle,With disability,Women,GBV_services_access,22.921450653054894,%,Civic_Participation_Records,ok
2021,Rwanda,Kigali,Gasabo,Middle,With disability,Women,Employment_rate,30.03637186846847,%,Household_Survey,ok
2021,Rwanda,Kigali,Gasabo,Middle,With disability,Women,Decision_making_participation,29.17927833641356,%,Community_GBV_Monitoring,ok
2021,Rwanda,Kigali,Gasabo,Middle,With disability,Men,School_enrollment,31.50575179144046,%,Community_GBV_Monitoring,ok
2021,Rwanda,Kigali,Gasabo,Middle,With disability,Men,Health_services_access,29.53997416045673,%,Civic_Participation_Records,ok
2021,Rwanda,Kigali,Gasabo,Middle,With disability,Men,GBV_services_access,25.340455148354213,%,Labour_Force_Survey,ok
2021,Rwanda,Kigali,Gasabo,Middle,With disability,Men,Employment_rate,37.36537318034883,%,Civic_Participation_Records,ok
2021,Rwanda,Kigali,Gasabo,Middle,With disability,Men,Decision_making_participation,32.775167634102104,%,Administrative_Health_Reports,ok
2021,Rwanda,Kigali,Gasabo,High,No disability,Women,School_enrollment,45.97075166303806,%,Community_GBV_Monitoring,ok
2021,Rwanda,Kigali,Gasabo,High,No disability,Women,Health_services_access,54.63545068185604,%,Administrative_Health_Reports,ok
2021,Rwanda,Kigali,Gasabo,High,No disability,Women,GBV_services_access,51.30834702294562,%,Household_Survey,ok
2021,Rwanda,Kigali,Gasabo,High,No disability,Women,Employment_rate,47.919437931153766,%,Community_GBV_Monitoring,ok
2021,Rwanda,Kigali,Gasabo,High,No disability,Women,Decision_making_participation,52.0678318611146,%,Community_GBV_Monitoring,ok
2021,Rwanda,Kigali,Gasabo,High,No disability,Men,School_enrollment,59.43584524677574,%,Labour_Force_Survey,ok
2021,Rwanda,Kigali,Gasabo,High,No disability,Men,Health_services_access,56.32701106051333,%,Administrative_Health_Reports,ok
2021,Rwanda,Kigali,Gasabo,High,No disability,Men,GBV_services_access,54.40866328098198,%,Civic_Participation_Records,ok
2021,Rwanda,Kigali,Gasabo,High,No disability,Men,Employment_rate,57.23659345906054,%,Labour_Force_Survey,ok
2021,Rwanda,Kigali,Gasabo,High,No disability,Men,Decision_making_participation,57.521053171173016,%,Administrative_Health_Reports,ok
2021,Rwanda,Kigali,Gasabo,High,With disability,Women,School_enrollment,33.4185754830481,%,Labour_Force_Survey,ok
2021,Rwanda,Kigali,Gasabo,High,With disability,Women,Health_services_access,,%,Administrative_Health_Reports,missing_value
2021,Rwanda,Kigali,Gasabo,High,With disability,Women,GBV_services_access,30.334692438262298,%,Household_Survey,ok
2021,Rwanda,Kigali,Gasabo,High,With disability,Women,Employment_rate,32.870743578700896,%,Administrative_Health_Reports,ok
2021,Rwanda,Kigali,Gasabo,High,With disability,Women,Decision_making_participation,,%,Community_GBV_Monitoring,missing_value
2021,Rwanda,Kigali,Gasabo,High,With disability,Men,School_enrollment,,%,Labour_Force_Survey,missing_value
2021,Rwanda,Kigali,Gasabo,High,With disability,Men,Health_services_access,36.42048948860771,%,Civic_Participation_Records,ok
2021,Rwanda,Kigali,Gasabo,High,With disability,Men,GBV_services_access,37.38569664279679,%,Civic_Participation_Records,ok
2021,Rwanda,Kigali,Gasabo,High,With disability,Men,Employment_rate,39.08906464181685,%,Administrative_Health_Reports,ok
2021,Rwanda,Kigali,Gasabo,High,With disability,Men,Decision_making_participation,36.16631795024924,%,Civic_Participation_Records,ok
2022,Rwanda,Kigali,Gasabo,Low,No disability,Women,School_enrollment,30.18518012129354,%,Household_Survey,ok
2022,Rwanda,Kigali,Gasabo,Low,No disability,Women,Health_services_access,30.64183694361506,%,Household_Survey,ok
2022,Rwanda,Kigali,Gasabo,Low,No disability,Women,GBV_services_access,27.830407828021713,%,Administrative_Health_Reports,ok
2022,Rwanda,Kigali,Gasabo,Low,No disability,Women,Employment_rate,26.650765065035586,%,Community_GBV_Monitoring,ok
2022,Rwanda,Kigali,Gasabo,Low,No disability,Women,Decision_making_participation,32.541848637633834,%,Labour_Force_Survey,ok
2022,Rwanda,Kigali,Gasabo,Low,No disability,Men,School_enrollment,37.06379774541693,%,Community_GBV_Monitoring,ok
2022,Rwanda,Kigali,Gasabo,Low,No disability,Men,Health_services_access,34.53325437051482,%,Civic_Participation_Records,ok
2022,Rwanda,Kigali,Gasabo,Low,No disability,Men,GBV_services_access,34.42614659205254,%,Community_GBV_Monitoring,ok
2022,Rwanda,Kigali,Gasabo,Low,No disability,Men,Employment_rate,30.015413244331242,%,Labour_Force_Survey,ok
2022,Rwanda,Kigali,Gasabo,Low,No disability,Men,Decision_making_participation,34.42967351966042,%,Labour_Force_Survey,ok
2022,Rwanda,Kigali,Gasabo,Low,With disability,Women,School_enrollment,14.299723085818762,%,Labour_Force_Survey,ok
2022,Rwanda,Kigali,Gasabo,Low,With disability,Women,Health_services_access,12.728482438356359,%,Labour_Force_Survey,ok
2022,Rwanda,Kigali,Gasabo,Low,With disability,Women,GBV_services_access,8.627985760377994,%,Household_Survey,ok
2022,Rwanda,Kigali,Gasabo,Low,With disability,Women,Employment_rate,,%,Labour_Force_Survey,missing_value
2022,Rwanda,Kigali,Gasabo,Low,With disability,Women,Decision_making_participation,11.296939582648523,%,Household_Survey,ok
2022,Rwanda,Kigali,Gasabo,Low,With disability,Men,School_enrollment,15.052590883939716,%,Community_GBV_Monitoring,ok
2022,Rwanda,Kigali,Gasabo,Low,With disability,Men,Health_services_access,17.256541265098818,%,Administrative_Health_Reports,ok
2022,Rwanda,Kigali,Gasabo,Low,With disability,Men,GBV_services_access,,%,Community_GBV_Monitoring,missing_value
2022,Rwanda,Kigali,Gasabo,Low,With disability,Men,Employment_rate,14.27793476124019,%,Labour_Force_Survey,ok
2022,Rwanda,Kigali,Gasabo,Low,With disability,Men,Decision_making_participation,,%,Community_GBV_Monitoring,missing_value
2022,Rwanda,Kigali,Gasabo,Middle,No disability,Women,School_enrollment,43.45937636042545,%,Civic_Participation_Records,ok
2022,Rwanda,Kigali,Gasabo,Middle,No disability,Women,Health_services_access,43.60888049863148,%,Household_Survey,ok
2022,Rwanda,Kigali,Gasabo,Middle,No disability,Women,GBV_services_access,39.71545879779305,%,Labour_Force_Survey,ok
2022,Rwanda,Kigali,Gasabo,Middle,No disability,Women,Employment_rate,48.820262163699745,%,Labour_Force_Survey,ok
2022,Rwanda,Kigali,Gasabo,Middle,No disability,Women,Decision_making_participation,47.01653323616713,%,Civic_Participation_Records,ok
2022,Rwanda,Kigali,Gasabo,Middle,No disability,Men,School_enrollment,49.236327958010754,%,Labour_Force_Survey,ok
2022,Rwanda,Kigali,Gasabo,Middle,No disability,Men,Health_services_access,48.78749844227529,%,Household_Survey,ok
2022,Rwanda,Kigali,Gasabo,Middle,No disability,Men,GBV_services_access,51.51280089284257,%,Community_GBV_Monitoring,ok
2022,Rwanda,Kigali,Gasabo,Middle,No disability,Men,Employment_rate,51.3253088478072,%,Labour_Force_Survey,ok
2022,Rwanda,Kigali,Gasabo,Middle,No disability,Men,Decision_making_participation,50.25254989140772,%,Household_Survey,ok
2022,Rwanda,Kigali,Gasabo,Middle,With disability,Women,School_enrollment,32.991350458999925,%,Administrative_Health_Reports,ok
2022,Rwanda,Kigali,Gasabo,Middle,With disability,Women,Health_services_access,29.750674412639356,%,Civic_Participation_Records,ok
2022,Rwanda,Kigali,Gasabo,Middle,With disability,Women,GBV_services_access,24.72054822508546,%,Civic_Participation_Records,ok
2022,Rwanda,Kigali,Gasabo,Middle,With disability,Women,Employment_rate,28.520393762648602,%,Household_Survey,ok
2022,Rwanda,Kigali,Gasabo,Middle,With disability,Women,Decision_making_participation,30.54472754095841,%,Community_GBV_Monitoring,ok
2022,Rwanda,Kigali,Gasabo,Middle,With disability,Men,School_enrollment,31.23116503335193,%,Civic_Participation_Records,ok
2022,Rwanda,Kigali,Gasabo,Middle,With disability,Men,Health_services_access,27.35610339138862,%,Civic_Participation_Records,ok
2022,Rwanda,Kigali,Gasabo,Middle,With disability,Men,GBV_services_access,27.491400251348214,%,Community_GBV_Monitoring,ok
2022,Rwanda,Kigali,Gasabo,Middle,With disability,Men,Employment_rate,33.71160282865156,%,Civic_Participation_Records,ok
2022,Rwanda,Kigali,Gasabo,Middle,With disability,Men,Decision_making_participation,,%,Labour_Force_Survey,missing_value
2022,Rwanda,Kigali,Gasabo,High,No disability,Women,School_enrollment,54.06188185724297,%,Civic_Participation_Records,ok
2022,Rwanda,Kigali,Gasabo,High,No disability,Women,Health_services_access,47.40236244675798,%,Labour_Force_Survey,ok
2022,Rwanda,Kigali,Gasabo,High,No disability,Women,GBV_services_access,54.511723601192735,%,Civic_Participation_Records,ok
2022,Rwanda,Kigali,Gasabo,High,No disability,Women,Employment_rate,51.603871173047665,%,Household_Survey,ok
2022,Rwanda,Kigali,Gasabo,High,No disability,Women,Decision_making_participation,55.27715479040684,%,Community_GBV_Monitoring,ok
2022,Rwanda,Kigali,Gasabo,High,No disability,Men,School_enrollment,59.23313679573844,%,Community_GBV_Monitoring,ok
2022,Rwanda,Kigali,Gasabo,High,No disability,Men,Health_services_access,57.44866256271325,%,Household_Survey,ok
2022,Rwanda,Kigali,Gasabo,High,No disability,Men,GBV_services_access,56.17015326000539,%,Civic_Participation_Records,ok
2022,Rwanda,Kigali,Gasabo,High,No disability,Men,Employment_rate,56.25784248976884,%,Household_Survey,ok
2022,Rwanda,Kigali,Gasabo,High,No disability,Men,Decision_making_participation,56.6715231993489,%,Community_GBV_Monitoring,ok
2022,Rwanda,Kigali,Gasabo,High,With disability,Women,School_enrollment,,%,Civic_Participation_Records,missing_value
2022,Rwanda,Kigali,Gasabo,High,With disability,Women,Health_services_access,31.887678449662207,%,Household_Survey,ok
2022,Rwanda,Kigali,Gasabo,High,With disability,Women,GBV_services_access,28.918627884117424,%,Household_Survey,ok
2022,Rwanda,Kigali,Gasabo,High,With disability,Women,Employment_rate,31.732318510846763,%,Civic_Participation_Records,ok
2022,Rwanda,Kigali,Gasabo,High,With disability,Women,Decision_making_participation,30.041062701912637,%,Administrative_Health_Reports,ok
2022,Rwanda,Kigali,Gasabo,High,With disability,Men,School_enrollment,36.571314916425884,%,Labour_Force_Survey,ok
2022,Rwanda,Kigali,Gasabo,High,With disability,Men,Health_services_access,38.407876990650074,%,Administrative_Health_Reports,ok
2022,Rwanda,Kigali,Gasabo,High,With disability,Men,GBV_services_access,30.478057293959548,%,Labour_Force_Survey,ok
2022,Rwanda,Kigali,Gasabo,High,With disability,Men,Employment_rate,45.08918937211149,%,Community_GBV_Monitoring,ok
2022,Rwanda,Kigali,Gasabo,High,With disability,Men,Decision_making_participation,37.865531774686026,%,Community_GBV_Monitoring,ok
2023,Rwanda,Kigali,Gasabo,Low,No disability,Women,School_enrollment,34.81662350636876,%,Administrative_Health_Reports,ok
2023,Rwanda,Kigali,Gasabo,Low,No disability,Women,Health_services_access,29.403928933636656,%,Administrative_Health_Reports,ok
2023,Rwanda,Kigali,Gasabo,Low,No disability,Women,GBV_services_access,31.92422564678063,%,Civic_Participation_Records,ok
2023,Rwanda,Kigali,Gasabo,Low,No disability,Women,Employment_rate,26.011832917320366,%,Labour_Force_Survey,ok
2023,Rwanda,Kigali,Gasabo,Low,No disability,Women,Decision_making_participation,29.570434207408837,%,Household_Survey,ok
2023,Rwanda,Kigali,Gasabo,Low,No disability,Men,School_enrollment,31.924444978407,%,Community_GBV_Monitoring,ok
2023,Rwanda,Kigali,Gasabo,Low,No disability,Men,Health_services_access,35.67019496732531,%,Administrative_Health_Reports,ok
2023,Rwanda,Kigali,Gasabo,Low,No disability,Men,GBV_services_access,32.981486730257785,%,Labour_Force_Survey,ok
2023,Rwanda,Kigali,Gasabo,Low,No disability,Men,Employment_rate,32.0975516822246,%,Labour_Force_Survey,ok
2023,Rwanda,Kigali,Gasabo,Low,No disability,Men,Decision_making_participation,34.156806512000614,%,Civic_Participation_Records,ok
2023,Rwanda,Kigali,Gasabo,Low,With disability,Women,School_enrollment,13.824204537397616,%,Household_Survey,ok
2023,Rwanda,Kigali,Gasabo,Low,With disability,Women,Health_services_access,6.516762775532805,%,Administrative_Health_Reports,ok
2023,Rwanda,Kigali,Gasabo,Low,With disability,Women,GBV_services_access,7.157119816283788,%,Community_GBV_Monitoring,ok
2023,Rwanda,Kigali,Gasabo,Low,With disability,Women,Employment_rate,,%,Community_GBV_Monitoring,missing_value
2023,Rwanda,Kigali,Gasabo,Low,With disability,Women,Decision_making_participation,8.314269259916074,%,Labour_Force_Survey,ok
2023,Rwanda,Kigali,Gasabo,Low,With disability,Men,School_enrollment,12.724631499099619,%,Household_Survey,ok
2023,Rwanda,Kigali,Gasabo,Low,With disability,Men,Health_services_access,16.844194264206042,%,Household_Survey,ok
2023,Rwanda,Kigali,Gasabo,Low,With disability,Men,GBV_services_access,10.038337503799818,%,Labour_Force_Survey,ok
2023,Rwanda,Kigali,Gasabo,Low,With disability,Men,Employment_rate,9.445253205359382,%,Civic_Participation_Records,ok
2023,Rwanda,Kigali,Gasabo,Low,With disability,Men,Decision_making_participation,15.140884724954411,%,Civic_Participation_Records,ok
2023,Rwanda,Kigali,Gasabo,Middle,No disability,Women,School_enrollment,41.06652040492863,%,Administrative_Health_Reports,ok
2023,Rwanda,Kigali,Gasabo,Middle,No disability,Women,Health_services_access,47.08261060517912,%,Household_Survey,ok
2023,Rwanda,Kigali,Gasabo,Middle,No disability,Women,GBV_services_access,44.78732087088335,%,Household_Survey,ok
2023,Rwanda,Kigali,Gasabo,Middle,No disability,Women,Employment_rate,46.658567878499255,%,Administrative_Health_Reports,ok
2023,Rwanda,Kigali,Gasabo,Middle,No disability,Women,Decision_making_participation,46.32121991714031,%,Civic_Participation_Records,ok
2023,Rwanda,Kigali,Gasabo,Middle,No disability,Men,School_enrollment,50.62296274231278,%,Labour_Force_Survey,ok
2023,Rwanda,Kigali,Gasabo,Middle,No disability,Men,Health_services_access,49.60028621895281,%,Community_GBV_Monitoring,ok
2023,Rwanda,Kigali,Gasabo,Middle,No disability,Men,GBV_services_access,52.697869932963535,%,Administrative_Health_Reports,ok
2023,Rwanda,Kigali,Gasabo,Middle,No disability,Men,Employment_rate,49.03372059639073,%,Administrative_Health_Reports,ok
2023,Rwanda,Kigali,Gasabo,Middle,No disability,Men,Decision_making_participation,56.59332460004563,%,Civic_Participation_Records,ok
2023,Rwanda,Kigali,Gasabo,Middle,With disability,Women,School_enrollment,27.20100358712893,%,Administrative_Health_Reports,ok
2023,Rwanda,Kigali,Gasabo,Middle,With disability,Women,Health_services_access,24.068324851667857,%,Administrative_Health_Reports,ok
2023,Rwanda,Kigali,Gasabo,Middle,With disability,Women,GBV_services_access,26.34445329615124,%,Administrative_Health_Reports,ok
2023,Rwanda,Kigali,Gasabo,Middle,With disability,Women,Employment_rate,26.321498778622257,%,Community_GBV_Monitoring,ok
2023,Rwanda,Kigali,Gasabo,Middle,With disability,Women,Decision_making_participation,27.736100025841743,%,Civic_Participation_Records,ok
2023,Rwanda,Kigali,Gasabo,Middle,With disability,Men,School_enrollment,33.98784222664642,%,Labour_Force_Survey,ok
2023,Rwanda,Kigali,Gasabo,Middle,With disability,Men,Health_services_access,26.284155129189596,%,Civic_Participation_Records,ok
2023,Rwanda,Kigali,Gasabo,Middle,With disability,Men,GBV_services_access,29.576107822552963,%,Labour_Force_Survey,ok
2023,Rwanda,Kigali,Gasabo,Middle,With disability,Men,Employment_rate,31.92529881221538,%,Labour_Force_Survey,ok
2023,Rwanda,Kigali,Gasabo,Middle,With disability,Men,Decision_making_participation,32.4968195861958,%,Community_GBV_Monitoring,ok
2023,Rwanda,Kigali,Gasabo,High,No disability,Women,School_enrollment,,%,Household_Survey,missing_value
2023,Rwanda,Kigali,Gasabo,High,No disability,Women,Health_services_access,50.055902060017836,%,Household_Survey,ok
2023,Rwanda,Kigali,Gasabo,High,No disability,Women,GBV_services_access,50.41317229590122,%,Community_GBV_Monitoring,ok
2023,Rwanda,Kigali,Gasabo,High,No disability,Women,Employment_rate,50.15677986143993,%,Household_Survey,ok
2023,Rwanda,Kigali,Gasabo,High,No disability,Women,Decision_making_participation,51.7204898164743,%,Labour_Force_Survey,ok
2023,Rwanda,Kigali,Gasabo,High,No disability,Men,School_enrollment,53.58435152456151,%,Administrative_Health_Reports,ok
2023,Rwanda,Kigali,Gasabo,High,No disability,Men,Health_services_access,57.92954153427961,%,Civic_Participation_Records,ok
2023,Rwanda,Kigali,Gasabo,High,No disability,Men,GBV_services_access,54.84398973643362,%,Labour_Force_Survey,ok
2023,Rwanda,Kigali,Gasabo,High,No disability,Men,Employment_rate,56.15767152173874,%,Civic_Participation_Records,ok
2023,Rwanda,Kigali,Gasabo,High,No disability,Men,Decision_making_participation,58.87145164664995,%,Community_GBV_Monitoring,ok
2023,Rwanda,Kigali,Gasabo,High,With disability,Women,School_enrollment,29.916050331242662,%,Administrative_Health_Reports,ok
2023,Rwanda,Kigali,Gasabo,High,With disability,Women,Health_services_access,34.42214924124903,%,Labour_Force_Survey,ok
2023,Rwanda,Kigali,Gasabo,High,With disability,Women,GBV_services_access,29.592663115428422,%,Administrative_Health_Reports,ok
2023,Rwanda,Kigali,Gasabo,High,With disability,Women,Employment_rate,32.069305602422396,%,Labour_Force_Survey,ok
2023,Rwanda,Kigali,Gasabo,High,With disability,Women,Decision_making_participation,38.33986022202536,%,Civic_Participation_Records,ok
2023,Rwanda,Kigali,Gasabo,High,With disability,Men,School_enrollment,33.74587027494117,%,Community_GBV_Monitoring,ok
2023,Rwanda,Kigali,Gasabo,High,With disability,Men,Health_services_access,34.64247850409568,%,Labour_Force_Survey,ok
2023,Rwanda,Kigali,Gasabo,High,With disability,Men,GBV_services_access,31.982429309032952,%,Community_GBV_Monitoring,ok
2023,Rwanda,Kigali,Gasabo,High,With disability,Men,Employment_rate,38.85507474845183,%,Labour_Force_Survey,ok
2023,Rwanda,Kigali,Gasabo,High,With disability,Men,Decision_making_participation,30.159064597955535,%,Administrative_Health_Reports,ok
2024,Rwanda,Kigali,Gasabo,Low,No disability,Women,School_enrollment,32.43832509805624,%,Civic_Participation_Records,ok
2024,Rwanda,Kigali,Gasabo,Low,No disability,Women,Health_services_access,30.96447502229328,%,Administrative_Health_Reports,ok
2024,Rwanda,Kigali,Gasabo,Low,No disability,Women,GBV_services_access,26.759508182569572,%,Labour_Force_Survey,ok
2024,Rwanda,Kigali,Gasabo,Low,No disability,Women,Employment_rate,24.916211425064933,%,Labour_Force_Survey,ok
2024,Rwanda,Kigali,Gasabo,Low,No disability,Women,Decision_making_participation,31.75111555494505,%,Household_Survey,ok
2024,Rwanda,Kigali,Gasabo,Low,No disability,Men,School_enrollment,,%,Civic_Participation_Records,missing_value
2024,Rwanda,Kigali,Gasabo,Low,No disability,Men,Health_services_access,34.56610698256315,%,Household_Survey,ok
2024,Rwanda,Kigali,Gasabo,Low,No disability,Men,GBV_services_access,,%,Labour_Force_Survey,missing_value
2024,Rwanda,Kigali,Gasabo,Low,No disability,Men,Employment_rate,27.46513107327811,%,Labour_Force_Survey,ok
2024,Rwanda,Kigali,Gasabo,Low,No disability,Men,Decision_making_participation,36.19685820670246,%,Civic_Participation_Records,ok
2024,Rwanda,Kigali,Gasabo,Low,With disability,Women,School_enrollment,9.158405415929703,%,Labour_Force_Survey,ok
2024,Rwanda,Kigali,Gasabo,Low,With disability,Women,Health_services_access,9.009384028880774,%,Household_Survey,ok
2024,Rwanda,Kigali,Gasabo,Low,With disability,Women,GBV_services_access,5.821529066668252,%,Community_GBV_Monitoring,ok
2024,Rwanda,Kigali,Gasabo,Low,With disability,Women,Employment_rate,8.945202016557554,%,Civic_Participation_Records,ok
2024,Rwanda,Kigali,Gasabo,Low,With disability,Women,Decision_making_participation,7.867305845004194,%,Household_Survey,ok
2024,Rwanda,Kigali,Gasabo,Low,With disability,Men,School_enrollment,11.673857414349603,%,Community_GBV_Monitoring,ok
2024,Rwanda,Kigali,Gasabo,Low,With disability,Men,Health_services_access,16.519728643554707,%,Labour_Force_Survey,ok
2024,Rwanda,Kigali,Gasabo,Low,With disability,Men,GBV_services_access,13.172238647319382,%,Labour_Force_Survey,ok
2024,Rwanda,Kigali,Gasabo,Low,With disability,Men,Employment_rate,11.579268438897149,%,Community_GBV_Monitoring,ok
2024,Rwanda,Kigali,Gasabo,Low,With disability,Men,Decision_making_participation,12.86902584679801,%,Community_GBV_Monitoring,ok
2024,Rwanda,Kigali,Gasabo,Middle,No disability,Women,School_enrollment,48.58254181213913,%,Community_GBV_Monitoring,ok
2024,Rwanda,Kigali,Gasabo,Middle,No disability,Women,Health_services_access,47.881677826847685,%,Civic_Participation_Records,ok
2024,Rwanda,Kigali,Gasabo,Middle,No disability,Women,GBV_services_access,46.028164753089364,%,Civic_Participation_Records,ok
2024,Rwanda,Kigali,Gasabo,Middle,No disability,Women,Employment_rate,,%,Labour_Force_Survey,missing_value
2024,Rwanda,Kigali,Gasabo,Middle,No disability,Women,Decision_making_participation,44.72324201727048,%,Administrative_Health_Reports,ok
2024,Rwanda,Kigali,Gasabo,Middle,No disability,Men,School_enrollment,50.691188481691675,%,Household_Survey,ok
2024,Rwanda,Kigali,Gasabo,Middle,No disability,Men,Health_services_access,53.65666420081545,%,Household_Survey,ok
2024,Rwanda,Kigali,Gasabo,Middle,No disability,Men,GBV_services_access,51.30728069915678,%,Community_GBV_Monitoring,ok
2024,Rwanda,Kigali,Gasabo,Middle,No disability,Men,Employment_rate,54.52651437517545,%,Civic_Participation_Records,ok
2024,Rwanda,Kigali,Gasabo,Middle,No disability,Men,Decision_making_participation,53.549018729242114,%,Administrative_Health_Reports,ok
2024,Rwanda,Kigali,Gasabo,Middle,With disability,Women,School_enrollment,,%,Administrative_Health_Reports,missing_value
2024,Rwanda,Kigali,Gasabo,Middle,With disability,Women,Health_services_access,28.660662613084238,%,Civic_Participation_Records,ok
2024,Rwanda,Kigali,Gasabo,Middle,With disability,Women,GBV_services_access,21.666101311124155,%,Administrative_Health_Reports,ok
2024,Rwanda,Kigali,Gasabo,Middle,With disability,Women,Employment_rate,,%,Labour_Force_Survey,missing_value
2024,Rwanda,Kigali,Gasabo,Middle,With disability,Women,Decision_making_participation,,%,Administrative_Health_Reports,missing_value
2024,Rwanda,Kigali,Gasabo,Middle,With disability,Men,School_enrollment,28.704014468780038,%,Labour_Force_Survey,ok
2024,Rwanda,Kigali,Gasabo,Middle,With disability,Men,Health_services_access,,%,Administrative_Health_Reports,missing_value
2024,Rwanda,Kigali,Gasabo,Middle,With disability,Men,GBV_services_access,30.48430047807974,%,Household_Survey,ok
2024,Rwanda,Kigali,Gasabo,Middle,With disability,Men,Employment_rate,34.78120701254492,%,Labour_Force_Survey,ok
2024,Rwanda,Kigali,Gasabo,Middle,With disability,Men,Decision_making_participation,34.247621118204464,%,Community_GBV_Monitoring,ok
2024,Rwanda,Kigali,Gasabo,High,No disability,Women,School_enrollment,53.65267935623063,%,Household_Survey,ok
2024,Rwanda,Kigali,Gasabo,High,No disability,Women,Health_services_access,52.64225681291852,%,Administrative_Health_Reports,ok
2024,Rwanda,Kigali,Gasabo,High,No disability,Women,GBV_services_access,53.14643410120744,%,Community_GBV_Monitoring,ok
2024,Rwanda,Kigali,Gasabo,High,No disability,Women,Employment_rate,53.93780918339734,%,Civic_Participation_Records,ok
2024,Rwanda,Kigali,Gasabo,High,No disability,Women,Decision_making_participation,50.442421161638585,%,Civic_Participation_Records,ok
2024,Rwanda,Kigali,Gasabo,High,No disability,Men,School_enrollment,55.99318466521518,%,Community_GBV_Monitoring,ok
2024,Rwanda,Kigali,Gasabo,High,No disability,Men,Health_services_access,58.49537861960543,%,Civic_Participation_Records,ok
2024,Rwanda,Kigali,Gasabo,High,No disability,Men,GBV_services_access,50.16795327750378,%,Civic_Participation_Records,ok
2024,Rwanda,Kigali,Gasabo,High,No disability,Men,Employment_rate,53.13748894807197,%,Labour_Force_Survey,ok
2024,Rwanda,Kigali,Gasabo,High,No disability,Men,Decision_making_participation,57.34737604071038,%,Civic_Participation_Records,ok
2024,Rwanda,Kigali,Gasabo,High,With disability,Women,School_enrollment,31.2315044885199,%,Civic_Participation_Records,ok
2024,Rwanda,Kigali,Gasabo,High,With disability,Women,Health_services_access,27.729363426337166,%,Community_GBV_Monitoring,ok
2024,Rwanda,Kigali,Gasabo,High,With disability,Women,GBV_services_access,28.315331023056824,%,Civic_Participation_Records,ok
2024,Rwanda,Kigali,Gasabo,High,With disability,Women,Employment_rate,36.523342036785586,%,Household_Survey,ok
2024,Rwanda,Kigali,Gasabo,High,With disability,Women,Decision_making_participation,31.650453422490454,%,Community_GBV_Monitoring,ok
2024,Rwanda,Kigali,Gasabo,High,With disability,Men,School_enrollment,41.80529343541822,%,Labour_Force_Survey,ok
2024,Rwanda,Kigali,Gasabo,High,With disability,Men,Health_services_access,33.145929632552445,%,Administrative_Health_Reports,ok
2024,Rwanda,Kigali,Gasabo,High,With disability,Men,GBV_services_access,38.5149026468435,%,Administrative_Health_Reports,ok
2024,Rwanda,Kigali,Gasabo,High,With disability,Men,Employment_rate,,%,Administrative_Health_Reports,missing_value
2024,Rwanda,Kigali,Gasabo,High,With disability,Men,Decision_making_participation,44.7164258101826,%,Community_GBV_Monitoring,ok
2020,Rwanda,Kigali,Kicukiro,Low,No disability,Women,School_enrollment,31.673914491353898,%,Household_Survey,ok
2020,Rwanda,Kigali,Kicukiro,Low,No disability,Women,Health_services_access,30.501542536854636,%,Administrative_Health_Reports,ok
2020,Rwanda,Kigali,Kicukiro,Low,No disability,Women,GBV_services_access,32.616609744084414,%,Civic_Participation_Records,ok
2020,Rwanda,Kigali,Kicukiro,Low,No disability,Women,Employment_rate,23.429964440528195,%,Civic_Participation_Records,ok
2020,Rwanda,Kigali,Kicukiro,Low,No disability,Women,Decision_making_participation,29.45823561570779,%,Household_Survey,ok
2020,Rwanda,Kigali,Kicukiro,Low,No disability,Men,School_enrollment,33.514870544320395,%,Administrative_Health_Reports,ok
2020,Rwanda,Kigali,Kicukiro,Low,No disability,Men,Health_services_access,32.117492621646065,%,Administrative_Health_Reports,ok
2020,Rwanda,Kigali,Kicukiro,Low,No disability,Men,GBV_services_access,30.72867975431832,%,Community_GBV_Monitoring,ok
2020,Rwanda,Kigali,Kicukiro,Low,No disability,Men,Employment_rate,28.31725956067012,%,Community_GBV_Monitoring,ok
2020,Rwanda,Kigali,Kicukiro,Low,No disability,Men,Decision_making_participation,35.606122309616616,%,Labour_Force_Survey,ok
2020,Rwanda,Kigali,Kicukiro,Low,With disability,Women,School_enrollment,,%,Labour_Force_Survey,missing_value
2020,Rwanda,Kigali,Kicukiro,Low,With disability,Women,Health_services_access,9.069669900692103,%,Civic_Participation_Records,ok
2020,Rwanda,Kigali,Kicukiro,Low,With disability,Women,GBV_services_access,6.892105821433442,%,Administrative_Health_Reports,ok
2020,Rwanda,Kigali,Kicukiro,Low,With disability,Women,Employment_rate,13.973239328128653,%,Labour_Force_Survey,ok
2020,Rwanda,Kigali,Kicukiro,Low,With disability,Women,Decision_making_participation,11.10296438296808,%,Labour_Force_Survey,ok
2020,Rwanda,Kigali,Kicukiro,Low,With disability,Men,School_enrollment,17.328054075243404,%,Civic_Participation_Records,ok
2020,Rwanda,Kigali,Kicukiro,Low,With disability,Men,Health_services_access,,%,Labour_Force_Survey,missing_value
2020,Rwanda,Kigali,Kicukiro,Low,With disability,Men,GBV_services_access,9.62954562471623,%,Civic_Participation_Records,ok
2020,Rwanda,Kigali,Kicukiro,Low,With disability,Men,Employment_rate,11.01607669995139,%,Household_Survey,ok
2020,Rwanda,Kigali,Kicukiro,Low,With disability,Men,Decision_making_participation,19.9017104862563,%,Administrative_Health_Reports,ok
2020,Rwanda,Kigali,Kicukiro,Middle,No disability,Women,School_enrollment,46.15988191616428,%,Household_Survey,ok
2020,Rwanda,Kigali,Kicukiro,Middle,No disability,Women,Health_services_access,46.74933129390337,%,Community_GBV_Monitoring,ok
2020,Rwanda,Kigali,Kicukiro,Middle,No disability,Women,GBV_services_access,47.76900824834364,%,Civic_Participation_Records,ok
2020,Rwanda,Kigali,Kicukiro,Middle,No disability,Women,Employment_rate,38.934843939841834,%,Civic_Participation_Records,ok
2020,Rwanda,Kigali,Kicukiro,Middle,No disability,Women,Decision_making_participation,48.12193423521552,%,Household_Survey,ok
2020,Rwanda,Kigali,Kicukiro,Middle,No disability,Men,School_enrollment,48.282638591354896,%,Household_Survey,ok
2020,Rwanda,Kigali,Kicukiro,Middle,No disability,Men,Health_services_access,48.7583457135996,%,Labour_Force_Survey,ok
2020,Rwanda,Kigali,Kicukiro,Middle,No disability,Men,GBV_services_access,50.89270825131768,%,Administrative_Health_Reports,ok
2020,Rwanda,Kigali,Kicukiro,Middle,No disability,Men,Employment_rate,50.681608503326665,%,Labour_Force_Survey,ok
2020,Rwanda,Kigali,Kicukiro,Middle,No disability,Men,Decision_making_participation,52.253656681253716,%,Household_Survey,ok
2020,Rwanda,Kigali,Kicukiro,Middle,With disability,Women,School_enrollment,23.5077091902155,%,Civic_Participation_Records,ok
2020,Rwanda,Kigali,Kicukiro,Middle,With disability,Women,Health_services_access,,%,Administrative_Health_Reports,missing_value
2020,Rwanda,Kigali,Kicukiro,Middle,With disability,Women,GBV_services_access,25.558549373862732,%,Administrative_Health_Reports,ok
2020,Rwanda,Kigali,Kicukiro,Middle,With disability,Women,Employment_rate,29.38305508896419,%,Civic_Participation_Records,ok
2020,Rwanda,Kigali,Kicukiro,Middle,With disability,Women,Decision_making_participation,32.10000411121278,%,Administrative_Health_Reports,ok
2020,Rwanda,Kigali,Kicukiro,Middle,With disability,Men,School_enrollment,31.72851875145572,%,Community_GBV_Monitoring,ok
2020,Rwanda,Kigali,Kicukiro,Middle,With disability,Men,Health_services_access,,%,Administrative_Health_Reports,missing_value
2020,Rwanda,Kigali,Kicukiro,Middle,With disability,Men,GBV_services_access,28.84343840928934,%,Civic_Participation_Records,ok
2020,Rwanda,Kigali,Kicukiro,Middle,With disability,Men,Employment_rate,32.57934033987976,%,Community_GBV_Monitoring,ok
2020,Rwanda,Kigali,Kicukiro,Middle,With disability,Men,Decision_making_participation,28.844632641004456,%,Labour_Force_Survey,ok
2020,Rwanda,Kigali,Kicukiro,High,No disability,Women,School_enrollment,55.202258789447626,%,Community_GBV_Monitoring,ok
2020,Rwanda,Kigali,Kicukiro,High,No disability,Women,Health_services_access,51.67202509854764,%,Labour_Force_Survey,ok
2020,Rwanda,Kigali,Kicukiro,High,No disability,Women,GBV_services_access,56.0362367557276,%,Household_Survey,ok
2020,Rwanda,Kigali,Kicukiro,High,No disability,Women,Employment_rate,51.26236793011322,%,Household_Survey,ok
2020,Rwanda,Kigali,Kicukiro,High,No disability,Women,Decision_making_participation,51.730321147483764,%,Community_GBV_Monitoring,ok
2020,Rwanda,Kigali,Kicukiro,High,No disability,Men,School_enrollment,55.516543212774614,%,Household_Survey,ok
2020,Rwanda,Kigali,Kicukiro,High,No disability,Men,Health_services_access,59.30258490938811,%,Civic_Participation_Records,ok
2020,Rwanda,Kigali,Kicukiro,High,No disability,Men,GBV_services_access,56.45796315911115,%,Administrative_Health_Reports,ok
2020,Rwanda,Kigali,Kicukiro,High,No disability,Men,Employment_rate,55.21868530923292,%,Civic_Participation_Records,ok
2020,Rwanda,Kigali,Kicukiro,High,No disability,Men,Decision_making_participation,55.57361479152579,%,Administrative_Health_Reports,ok
2020,Rwanda,Kigali,Kicukiro,High,With disability,Women,School_enrollment,28.868388242409953,%,Labour_Force_Survey,ok
2020,Rwanda,Kigali,Kicukiro,High,With disability,Women,Health_services_access,29.31976448533431,%,Administrative_Health_Reports,ok
2020,Rwanda,Kigali,Kicukiro,High,With disability,Women,GBV_services_access,33.063229993440125,%,Administrative_Health_Reports,ok
2020,Rwanda,Kigali,Kicukiro,High,With disability,Women,Employment_rate,31.954175881277106,%,Administrative_Health_Reports,ok
2020,Rwanda,Kigali,Kicukiro,High,With disability,Women,Decision_making_participation,32.247993166769255,%,Administrative_Health_Reports,ok
2020,Rwanda,Kigali,Kicukiro,High,With disability,Men,School_enrollment,38.27310363392076,%,Civic_Participation_Records,ok
2020,Rwanda,Kigali,Kicukiro,High,With disability,Men,Health_services_access,,%,Community_GBV_Monitoring,missing_value
2020,Rwanda,Kigali,Kicukiro,High,With disability,Men,GBV_services_access,,%,Labour_Force_Survey,missing_value
2020,Rwanda,Kigali,Kicukiro,High,With disability,Men,Employment_rate,33.673102395483234,%,Labour_Force_Survey,ok
2020,Rwanda,Kigali,Kicukiro,High,With disability,Men,Decision_making_participation,39.8137579160214,%,Household_Survey,ok
2021,Rwanda,Kigali,Kicukiro,Low,No disability,Women,School_enrollment,27.79499106043885,%,Civic_Participation_Records,ok
2021,Rwanda,Kigali,Kicukiro,Low,No disability,Women,Health_services_access,32.23661242513797,%,Administrative_Health_Reports,ok
2021,Rwanda,Kigali,Kicukiro,Low,No disability,Women,GBV_services_access,28.379205563019827,%,Administrative_Health_Reports,ok
2021,Rwanda,Kigali,Kicukiro,Low,No disability,Women,Employment_rate,25.59500842442025,%,Community_GBV_Monitoring,ok
2021,Rwanda,Kigali,Kicukiro,Low,No disability,Women,Decision_making_participation,30.80530276143526,%,Household_Survey,ok
2021,Rwanda,Kigali,Kicukiro,Low,No disability,Men,School_enrollment,37.39452678066876,%,Labour_Force_Survey,ok
2021,Rwanda,Kigali,Kicukiro,Low,No disability,Men,Health_services_access,36.578855143091175,%,Household_Survey,ok
2021,Rwanda,Kigali,Kicukiro,Low,No disability,Men,GBV_services_access,31.52978520842995,%,Labour_Force_Survey,ok
2021,Rwanda,Kigali,Kicukiro,Low,No disability,Men,Employment_rate,27.17782910550415,%,Civic_Participation_Records,ok
2021,Rwanda,Kigali,Kicukiro,Low,No disability,Men,Decision_making_participation,32.61002227561721,%,Administrative_Health_Reports,ok
2021,Rwanda,Kigali,Kicukiro,Low,With disability,Women,School_enrollment,,%,Administrative_Health_Reports,missing_value
2021,Rwanda,Kigali,Kicukiro,Low,With disability,Women,Health_services_access,6.305374144047707,%,Household_Survey,ok
2021,Rwanda,Kigali,Kicukiro,Low,With disability,Women,GBV_services_access,6.059208918880735,%,Household_Survey,ok
2021,Rwanda,Kigali,Kicukiro,Low,With disability,Women,Employment_rate,10.144788561600043,%,Household_Survey,ok
2021,Rwanda,Kigali,Kicukiro,Low,With disability,Women,Decision_making_participation,15.203235962760466,%,Labour_Force_Survey,ok
2021,Rwanda,Kigali,Kicukiro,Low,With disability,Men,School_enrollment,11.274554787419962,%,Community_GBV_Monitoring,ok
2021,Rwanda,Kigali,Kicukiro,Low,With disability,Men,Health_services_access,12.682596947337577,%,Community_GBV_Monitoring,ok
2021,Rwanda,Kigali,Kicukiro,Low,With disability,Men,GBV_services_access,7.706235118585502,%,Community_GBV_Monitoring,ok
2021,Rwanda,Kigali,Kicukiro,Low,With disability,Men,Employment_rate,8.640189881080476,%,Community_GBV_Monitoring,ok
2021,Rwanda,Kigali,Kicukiro,Low,With disability,Men,Decision_making_participation,17.675534135671583,%,Community_GBV_Monitoring,ok
2021,Rwanda,Kigali,Kicukiro,Middle,No disability,Women,School_enrollment,44.66614263917943,%,Household_Survey,ok
2021,Rwanda,Kigali,Kicukiro,Middle,No disability,Women,Health_services_access,49.207708124366235,%,Labour_Force_Survey,ok
2021,Rwanda,Kigali,Kicukiro,Middle,No disability,Women,GBV_services_access,45.77153531155314,%,Labour_Force_Survey,ok
2021,Rwanda,Kigali,Kicukiro,Middle,No disability,Women,Employment_rate,44.69058510605319,%,Labour_Force_Survey,ok
2021,Rwanda,Kigali,Kicukiro,Middle,No disability,Women,Decision_making_participation,47.603565103045334,%,Community_GBV_Monitoring,ok
2021,Rwanda,Kigali,Kicukiro,Middle,No disability,Men,School_enrollment,48.67804510094254,%,Administrative_Health_Reports,ok
2021,Rwanda,Kigali,Kicukiro,Middle,No disability,Men,Health_services_access,52.028602368588096,%,Civic_Participation_Records,ok
2021,Rwanda,Kigali,Kicukiro,Middle,No disability,Men,GBV_services_access,47.54519684604936,%,Household_Survey,ok
2021,Rwanda,Kigali,Kicukiro,Middle,No disability,Men,Employment_rate,44.12350774780099,%,Administrative_Health_Reports,ok
2021,Rwanda,Kigali,Kicukiro,Middle,No disability,Men,Decision_making_participation,50.89093273105583,%,Community_GBV_Monitoring,ok
2021,Rwanda,Kigali,Kicukiro,Middle,With disability,Women,School_enrollment,27.633772512345228,%,Household_Survey,ok
2021,Rwanda,Kigali,Kicukiro,Middle,With disability,Women,Health_services_access,21.51842338233086,%,Household_Survey,ok
2021,Rwanda,Kigali,Kicukiro,Middle,With disability,Women,GBV_services_access,21.72053353079106,%,Household_Survey,ok
2021,Rwanda,Kigali,Kicukiro,Middle,With disability,Women,Employment_rate,28.050984438311534,%,Administrative_Health_Reports,ok
2021,Rwanda,Kigali,Kicukiro,Middle,With disability,Women,Decision_making_participation,23.811849282468852,%,Administrative_Health_Reports,ok
2021,Rwanda,Kigali,Kicukiro,Middle,With disability,Men,School_enrollment,30.20765246244307,%,Household_Survey,ok
2021,Rwanda,Kigali,Kicukiro,Middle,With disability,Men,Health_services_access,25.55140496784674,%,Community_GBV_Monitoring,ok
2021,Rwanda,Kigali,Kicukiro,Middle,With disability,Men,GBV_services_access,29.142364224057072,%,Civic_Participation_Records,ok
2021,Rwanda,Kigali,Kicukiro,Middle,With disability,Men,Employment_rate,33.15820622906133,%,Household_Survey,ok
2021,Rwanda,Kigali,Kicukiro,Middle,With disability,Men,Decision_making_participation,29.22248572024732,%,Household_Survey,ok
2021,Rwanda,Kigali,Kicukiro,High,No disability,Women,School_enrollment,50.636261258297665,%,Civic_Participation_Records,ok
2021,Rwanda,Kigali,Kicukiro,High,No disability,Women,Health_services_access,45.25245339136197,%,Community_GBV_Monitoring,ok
2021,Rwanda,Kigali,Kicukiro,High,No disability,Women,GBV_services_access,52.223089599092404,%,Civic_Participation_Records,ok
2021,Rwanda,Kigali,Kicukiro,High,No disability,Women,Employment_rate,48.94288431912458,%,Labour_Force_Survey,ok
2021,Rwanda,Kigali,Kicukiro,High,No disability,Women,Decision_making_participation,53.80279766744527,%,Civic_Participation_Records,ok
2021,Rwanda,Kigali,Kicukiro,High,No disability,Men,School_enrollment,55.39683999631392,%,Labour_Force_Survey,ok
2021,Rwanda,Kigali,Kicukiro,High,No disability,Men,Health_services_access,55.359560286081205,%,Household_Survey,ok
2021,Rwanda,Kigali,Kicukiro,High,No disability,Men,GBV_services_access,54.34390560686877,%,Household_Survey,ok
2021,Rwanda,Kigali,Kicukiro,High,No disability,Men,Employment_rate,56.82153376531355,%,Community_GBV_Monitoring,ok
2021,Rwanda,Kigali,Kicukiro,High,No disability,Men,Decision_making_participation,53.858905276073834,%,Civic_Participation_Records,ok
2021,Rwanda,Kigali,Kicukiro,High,With disability,Women,School_enrollment,27.164586917626792,%,Household_Survey,ok
2021,Rwanda,Kigali,Kicukiro,High,With disability,Women,Health_services_access,,%,Labour_Force_Survey,missing_value
2021,Rwanda,Kigali,Kicukiro,High,With disability,Women,GBV_services_access,31.41288540468752,%,Administrative_Health_Reports,ok
2021,Rwanda,Kigali,Kicukiro,High,With disability,Women,Employment_rate,29.146326858648038,%,Civic_Participation_Records,ok
2021,Rwanda,Kigali,Kicukiro,High,With disability,Women,Decision_making_participation,,%,Civic_Participation_Records,missing_value
2021,Rwanda,Kigali,Kicukiro,High,With disability,Men,School_enrollment,,%,Household_Survey,missing_value
2021,Rwanda,Kigali,Kicukiro,High,With disability,Men,Health_services_access,32.40858874431478,%,Community_GBV_Monitoring,ok
2021,Rwanda,Kigali,Kicukiro,High,With disability,Men,GBV_services_access,34.213791953815566,%,Community_GBV_Monitoring,ok
2021,Rwanda,Kigali,Kicukiro,High,With disability,Men,Employment_rate,37.6778160065928,%,Community_GBV_Monitoring,ok
2021,Rwanda,Kigali,Kicukiro,High,With disability,Men,Decision_making_participation,35.04427488186563,%,Civic_Participation_Records,ok
2022,Rwanda,Kigali,Kicukiro,Low,No disability,Women,School_enrollment,30.925075528668543,%,Household_Survey,ok
2022,Rwanda,Kigali,Kicukiro,Low,No disability,Women,Health_services_access,29.663430736986793,%,Community_GBV_Monitoring,ok
2022,Rwanda,Kigali,Kicukiro,Low,No disability,Women,GBV_services_access,31.575301094242995,%,Labour_Force_Survey,ok
2022,Rwanda,Kigali,Kicukiro,Low,No disability,Women,Employment_rate,27.044317207343813,%,Civic_Participation_Records,ok
2022,Rwanda,Kigali,Kicukiro,Low,No disability,Women,Decision_making_participation,,%,Administrative_Health_Reports,missing_value
2022,Rwanda,Kigali,Kicukiro,Low,No disability,Men,School_enrollment,34.7635243137184,%,Community_GBV_Monitoring,ok
2022,Rwanda,Kigali,Kicukiro,Low,No disability,Men,Health_services_access,32.07688292886468,%,Administrative_Health_Reports,ok
2022,Rwanda,Kigali,Kicukiro,Low,No disability,Men,GBV_services_access,34.7269767772636,%,Community_GBV_Monitoring,ok
2022,Rwanda,Kigali,Kicukiro,Low,No disability,Men,Employment_rate,35.08454389738369,%,Civic_Participation_Records,ok
2022,Rwanda,Kigali,Kicukiro,Low,No disability,Men,Decision_making_participation,36.6341302734453,%,Community_GBV_Monitoring,ok
2022,Rwanda,Kigali,Kicukiro,Low,With disability,Women,School_enrollment,,%,Community_GBV_Monitoring,missing_value
2022,Rwanda,Kigali,Kicukiro,Low,With disability,Women,Health_services_access,,%,Community_GBV_Monitoring,missing_value
2022,Rwanda,Kigali,Kicukiro,Low,With disability,Women,GBV_services_access,12.232745999365509,%,Household_Survey,ok
2022,Rwanda,Kigali,Kicukiro,Low,With disability,Women,Employment_rate,6.933147459498635,%,Civic_Participation_Records,ok
2022,Rwanda,Kigali,Kicukiro,Low,With disability,Women,Decision_making_participation,14.479841836349527,%,Community_GBV_Monitoring,ok
2022,Rwanda,Kigali,Kicukiro,Low,With disability,Men,School_enrollment,,%,Civic_Participation_Records,missing_value
2022,Rwanda,Kigali,Kicukiro,Low,With disability,Men,Health_services_access,11.56211795149299,%,Community_GBV_Monitoring,ok
2022,Rwanda,Kigali,Kicukiro,Low,With disability,Men,GBV_services_access,11.003377700287107,%,Civic_Participation_Records,ok
2022,Rwanda,Kigali,Kicukiro,Low,With disability,Men,Employment_rate,15.897853325486295,%,Community_GBV_Monitoring,ok
2022,Rwanda,Kigali,Kicukiro,Low,With disability,Men,Decision_making_participation,14.775876051011746,%,Labour_Force_Survey,ok
2022,Rwanda,Kigali,Kicukiro,Middle,No disability,Women,School_enrollment,46.094230231135526,%,Community_GBV_Monitoring,ok
2022,Rwanda,Kigali,Kicukiro,Middle,No disability,Women,Health_services_access,44.357915801744724,%,Household_Survey,ok
2022,Rwanda,Kigali,Kicukiro,Middle,No disability,Women,GBV_services_access,47.205795954237516,%,Administrative_Health_Reports,ok
2022,Rwanda,Kigali,Kicukiro,Middle,No disability,Women,Employment_rate,43.180812500773186,%,Administrative_Health_Reports,ok
2022,Rwanda,Kigali,Kicukiro,Middle,No disability,Women,Decision_making_participation,41.79276757883868,%,Labour_Force_Survey,ok
2022,Rwanda,Kigali,Kicukiro,Middle,No disability,Men,School_enrollment,47.8821940005045,%,Household_Survey,ok
2022,Rwanda,Kigali,Kicukiro,Middle,No disability,Men,Health_services_access,49.449851441877314,%,Civic_Participation_Records,ok
2022,Rwanda,Kigali,Kicukiro,Middle,No disability,Men,GBV_services_access,50.744221670741496,%,Administrative_Health_Reports,ok
2022,Rwanda,Kigali,Kicukiro,Middle,No disability,Men,Employment_rate,45.50492557696738,%,Household_Survey,ok
2022,Rwanda,Kigali,Kicukiro,Middle,No disability,Men,Decision_making_participation,50.173186036344966,%,Household_Survey,ok
2022,Rwanda,Kigali,Kicukiro,Middle,With disability,Women,School_enrollment,28.470180862187462,%,Community_GBV_Monitoring,ok
2022,Rwanda,Kigali,Kicukiro,Middle,With disability,Women,Health_services_access,26.525559589947328,%,Civic_Participation_Records,ok
2022,Rwanda,Kigali,Kicukiro,Middle,With disability,Women,GBV_services_access,,%,Civic_Participation_Records,missing_value
2022,Rwanda,Kigali,Kicukiro,Middle,With disability,Women,Employment_rate,25.942772653121047,%,Administrative_Health_Reports,ok
2022,Rwanda,Kigali,Kicukiro,Middle,With disability,Women,Decision_making_participation,28.15781444150386,%,Labour_Force_Survey,ok
2022,Rwanda,Kigali,Kicukiro,Middle,With disability,Men,School_enrollment,30.511098488023553,%,Community_GBV_Monitoring,ok
2022,Rwanda,Kigali,Kicukiro,Middle,With disability,Men,Health_services_access,26.77410533562314,%,Labour_Force_Survey,ok
2022,Rwanda,Kigali,Kicukiro,Middle,With disability,Men,GBV_services_access,27.213519831850636,%,Community_GBV_Monitoring,ok
2022,Rwanda,Kigali,Kicukiro,Middle,With disability,Men,Employment_rate,31.292419647315842,%,Household_Survey,ok
2022,Rwanda,Kigali,Kicukiro,Middle,With disability,Men,Decision_making_participation,26.67839990612895,%,Household_Survey,ok
2022,Rwanda,Kigali,Kicukiro,High,No disability,Women,School_enrollment,53.16346074120868,%,Administrative_Health_Reports,ok
2022,Rwanda,Kigali,Kicukiro,High,No disability,Women,Health_services_access,53.06102708056871,%,Administrative_Health_Reports,ok
2022,Rwanda,Kigali,Kicukiro,High,No disability,Women,GBV_services_access,50.164177310292075,%,Community_GBV_Monitoring,ok
2022,Rwanda,Kigali,Kicukiro,High,No disability,Women,Employment_rate,52.01108462952961,%,Civic_Participation_Records,ok
2022,Rwanda,Kigali,Kicukiro,High,No disability,Women,Decision_making_participation,,%,Community_GBV_Monitoring,missing_value
2022,Rwanda,Kigali,Kicukiro,High,No disability,Men,School_enrollment,47.382644613415025,%,Community_GBV_Monitoring,ok
2022,Rwanda,Kigali,Kicukiro,High,No disability,Men,Health_services_access,,%,Community_GBV_Monitoring,missing_value
2022,Rwanda,Kigali,Kicukiro,High,No disability,Men,GBV_services_access,54.68663527860018,%,Household_Survey,ok
2022,Rwanda,Kigali,Kicukiro,High,No disability,Men,Employment_rate,56.27813505644302,%,Community_GBV_Monitoring,ok
2022,Rwanda,Kigali,Kicukiro,High,No disability,Men,Decision_making_participation,58.680402235487904,%,Household_Survey,ok
2022,Rwanda,Kigali,Kicukiro,High,With disability,Women,School_enrollment,30.601245460076072,%,Community_GBV_Monitoring,ok
2022,Rwanda,Kigali,Kicukiro,High,With disability,Women,Health_services_access,28.08157867037484,%,Community_GBV_Monitoring,ok
2022,Rwanda,Kigali,Kicukiro,High,With disability,Women,GBV_services_access,27.418927221427722,%,Civic_Participation_Records,ok
2022,Rwanda,Kigali,Kicukiro,High,With disability,Women,Employment_rate,29.093094306401515,%,Administrative_Health_Reports,ok
2022,Rwanda,Kigali,Kicukiro,High,With disability,Women,Decision_making_participation,,%,Household_Survey,missing_value
2022,Rwanda,Kigali,Kicukiro,High,With disability,Men,School_enrollment,32.50630071617625,%,Civic_Participation_Records,ok
2022,Rwanda,Kigali,Kicukiro,High,With disability,Men,Health_services_access,32.36669420981025,%,Labour_Force_Survey,ok
2022,Rwanda,Kigali,Kicukiro,High,With disability,Men,GBV_services_access,30.81459673544959,%,Administrative_Health_Reports,ok
2022,Rwanda,Kigali,Kicukiro,High,With disability,Men,Employment_rate,39.78420453436227,%,Civic_Participation_Records,ok
2022,Rwanda,Kigali,Kicukiro,High,With disability,Men,Decision_making_participation,35.614779531819046,%,Household_Survey,ok
2023,Rwanda,Kigali,Kicukiro,Low,No disability,Women,School_enrollment,31.166663675077345,%,Labour_Force_Survey,ok
2023,Rwanda,Kigali,Kicukiro,Low,No disability,Women,Health_services_access,28.39867922424936,%,Labour_Force_Survey,ok
2023,Rwanda,Kigali,Kicukiro,Low,No disability,Women,GBV_services_access,30.389658114257927,%,Administrative_Health_Reports,ok
2023,Rwanda,Kigali,Kicukiro,Low,No disability,Women,Employment_rate,25.503979329542208,%,Administrative_Health_Reports,ok
2023,Rwanda,Kigali,Kicukiro,Low,No disability,Women,Decision_making_participation,32.131631001500516,%,Household_Survey,ok
2023,Rwanda,Kigali,Kicukiro,Low,No disability,Men,School_enrollment,32.96387662220659,%,Community_GBV_Monitoring,ok
2023,Rwanda,Kigali,Kicukiro,Low,No disability,Men,Health_services_access,33.81645181497515,%,Labour_Force_Survey,ok
2023,Rwanda,Kigali,Kicukiro,Low,No disability,Men,GBV_services_access,34.626598233162376,%,Civic_Participation_Records,ok
2023,Rwanda,Kigali,Kicukiro,Low,No disability,Men,Employment_rate,26.743922810334816,%,Civic_Participation_Records,ok
2023,Rwanda,Kigali,Kicukiro,Low,No disability,Men,Decision_making_participation,35.50998765238554,%,Labour_Force_Survey,ok
2023,Rwanda,Kigali,Kicukiro,Low,With disability,Women,School_enrollment,,%,Labour_Force_Survey,missing_value
2023,Rwanda,Kigali,Kicukiro,Low,With disability,Women,Health_services_access,,%,Administrative_Health_Reports,missing_value
2023,Rwanda,Kigali,Kicukiro,Low,With disability,Women,GBV_services_access,4.243315660927008,%,Civic_Participation_Records,ok
2023,Rwanda,Kigali,Kicukiro,Low,With disability,Women,Employment_rate,9.01622421908308,%,Labour_Force_Survey,ok
2023,Rwanda,Kigali,Kicukiro,Low,With disability,Women,Decision_making_participation,16.515751947858732,%,Household_Survey,ok
2023,Rwanda,Kigali,Kicukiro,Low,With disability,Men,School_enrollment,,%,Household_Survey,missing_value
2023,Rwanda,Kigali,Kicukiro,Low,With disability,Men,Health_services_access,8.291630966580176,%,Administrative_Health_Reports,ok
2023,Rwanda,Kigali,Kicukiro,Low,With disability,Men,GBV_services_access,15.458820223992902,%,Community_GBV_Monitoring,ok
2023,Rwanda,Kigali,Kicukiro,Low,With disability,Men,Employment_rate,,%,Community_GBV_Monitoring,missing_value
2023,Rwanda,Kigali,Kicukiro,Low,With disability,Men,Decision_making_participation,15.158983972626974,%,Household_Survey,ok
2023,Rwanda,Kigali,Kicukiro,Middle,No disability,Women,School_enrollment,48.04594310341244,%,Community_GBV_Monitoring,ok
2023,Rwanda,Kigali,Kicukiro,Middle,No disability,Women,Health_services_access,45.500105741311806,%,Household_Survey,ok
2023,Rwanda,Kigali,Kicukiro,Middle,No disability,Women,GBV_services_access,47.56881873180523,%,Administrative_Health_Reports,ok
2023,Rwanda,Kigali,Kicukiro,Middle,No disability,Women,Employment_rate,46.2234543384872,%,Household_Survey,ok
2023,Rwanda,Kigali,Kicukiro,Middle,No disability,Women,Decision_making_participation,45.521070602496664,%,Labour_Force_Survey,ok
2023,Rwanda,Kigali,Kicukiro,Middle,No disability,Men,School_enrollment,51.58411323161492,%,Civic_Participation_Records,ok
2023,Rwanda,Kigali,Kicukiro,Middle,No disability,Men,Health_services_access,51.280269152383475,%,Civic_Participation_Records,ok
2023,Rwanda,Kigali,Kicukiro,Middle,No disability,Men,GBV_services_access,48.760455150171786,%,Civic_Participation_Records,ok
2023,Rwanda,Kigali,Kicukiro,Middle,No disability,Men,Employment_rate,54.439189463311,%,Community_GBV_Monitoring,ok
2023,Rwanda,Kigali,Kicukiro,Middle,No disability,Men,Decision_making_participation,51.93551713889433,%,Labour_Force_Survey,ok
2023,Rwanda,Kigali,Kicukiro,Middle,With disability,Women,School_enrollment,,%,Community_GBV_Monitoring,missing_value
2023,Rwanda,Kigali,Kicukiro,Middle,With disability,Women,Health_services_access,25.16404138868283,%,Labour_Force_Survey,ok
2023,Rwanda,Kigali,Kicukiro,Middle,With disability,Women,GBV_services_access,25.34785112685544,%,Civic_Participation_Records,ok
2023,Rwanda,Kigali,Kicukiro,Middle,With disability,Women,Employment_rate,33.89712006314594,%,Administrative_Health_Reports,ok
2023,Rwanda,Kigali,Kicukiro,Middle,With disability,Women,Decision_making_participation,25.405704893382683,%,Household_Survey,ok
2023,Rwanda,Kigali,Kicukiro,Middle,With disability,Men,School_enrollment,30.584332448600367,%,Household_Survey,ok
2023,Rwanda,Kigali,Kicukiro,Middle,With disability,Men,Health_services_access,27.54394767726765,%,Civic_Participation_Records,ok
2023,Rwanda,Kigali,Kicukiro,Middle,With disability,Men,GBV_services_access,,%,Household_Survey,missing_value
2023,Rwanda,Kigali,Kicukiro,Middle,With disability,Men,Employment_rate,,%,Community_GBV_Monitoring,missing_value
2023,Rwanda,Kigali,Kicukiro,Middle,With disability,Men,Decision_making_participation,24.20758050248407,%,Civic_Participation_Records,ok
2023,Rwanda,Kigali,Kicukiro,High,No disability,Women,School_enrollment,52.462556567420265,%,Household_Survey,ok
2023,Rwanda,Kigali,Kicukiro,High,No disability,Women,Health_services_access,45.2284256542804,%,Community_GBV_Monitoring,ok
2023,Rwanda,Kigali,Kicukiro,High,No disability,Women,GBV_services_access,50.48589386167946,%,Administrative_Health_Reports,ok
2023,Rwanda,Kigali,Kicukiro,High,No disability,Women,Employment_rate,46.96062786283644,%,Household_Survey,ok
2023,Rwanda,Kigali,Kicukiro,High,No disability,Women,Decision_making_participation,54.572638278805464,%,Administrative_Health_Reports,ok
2023,Rwanda,Kigali,Kicukiro,High,No disability,Men,School_enrollment,55.75759162533886,%,Civic_Participation_Records,ok
2023,Rwanda,Kigali,Kicukiro,High,No disability,Men,Health_services_access,53.93058399539566,%,Administrative_Health_Reports,ok
2023,Rwanda,Kigali,Kicukiro,High,No disability,Men,GBV_services_access,57.01974254077953,%,Civic_Participation_Records,ok
2023,Rwanda,Kigali,Kicukiro,High,No disability,Men,Employment_rate,,%,Administrative_Health_Reports,missing_value
2023,Rwanda,Kigali,Kicukiro,High,No disability,Men,Decision_making_participation,54.51468034332753,%,Household_Survey,ok
2023,Rwanda,Kigali,Kicukiro,High,With disability,Women,School_enrollment,28.454930422345953,%,Civic_Participation_Records,ok
2023,Rwanda,Kigali,Kicukiro,High,With disability,Women,Health_services_access,30.559925193811733,%,Household_Survey,ok
2023,Rwanda,Kigali,Kicukiro,High,With disability,Women,GBV_services_access,28.33156892001736,%,Administrative_Health_Reports,ok
2023,Rwanda,Kigali,Kicukiro,High,With disability,Women,Employment_rate,26.085126734922603,%,Administrative_Health_Reports,ok
2023,Rwanda,Kigali,Kicukiro,High,With disability,Women,Decision_making_participation,31.482067214811188,%,Community_GBV_Monitoring,ok
2023,Rwanda,Kigali,Kicukiro,High,With disability,Men,School_enrollment,39.044744386318854,%,Household_Survey,ok
2023,Rwanda,Kigali,Kicukiro,High,With disability,Men,Health_services_access,33.573933803351466,%,Community_GBV_Monitoring,ok
2023,Rwanda,Kigali,Kicukiro,High,With disability,Men,GBV_services_access,24.54658565048065,%,Civic_Participation_Records,ok
2023,Rwanda,Kigali,Kicukiro,High,With disability,Men,Employment_rate,33.456820132133714,%,Administrative_Health_Reports,ok
2023,Rwanda,Kigali,Kicukiro,High,With disability,Men,Decision_making_participation,,%,Household_Survey,missing_value
2024,Rwanda,Kigali,Kicukiro,Low,No disability,Women,School_enrollment,27.801657223539806,%,Household_Survey,ok
2024,Rwanda,Kigali,Kicukiro,Low,No disability,Women,Health_services_access,29.268126809224515,%,Labour_Force_Survey,ok
2024,Rwanda,Kigali,Kicukiro,Low,No disability,Women,GBV_services_access,29.17637807780427,%,Administrative_Health_Reports,ok
2024,Rwanda,Kigali,Kicukiro,Low,No disability,Women,Employment_rate,25.610587922135455,%,Labour_Force_Survey,ok
2024,Rwanda,Kigali,Kicukiro,Low,No disability,Women,Decision_making_participation,25.60650525764179,%,Civic_Participation_Records,ok
2024,Rwanda,Kigali,Kicukiro,Low,No disability,Men,School_enrollment,35.534843765735026,%,Administrative_Health_Reports,ok
2024,Rwanda,Kigali,Kicukiro,Low,No disability,Men,Health_services_access,32.80301247962462,%,Household_Survey,ok
2024,Rwanda,Kigali,Kicukiro,Low,No disability,Men,GBV_services_access,37.893228259397034,%,Community_GBV_Monitoring,ok
2024,Rwanda,Kigali,Kicukiro,Low,No disability,Men,Employment_rate,27.19846509859769,%,Civic_Participation_Records,ok
2024,Rwanda,Kigali,Kicukiro,Low,No disability,Men,Decision_making_participation,33.22624134149035,%,Household_Survey,ok
2024,Rwanda,Kigali,Kicukiro,Low,With disability,Women,School_enrollment,10.212118483962184,%,Civic_Participation_Records,ok
2024,Rwanda,Kigali,Kicukiro,Low,With disability,Women,Health_services_access,9.164482965727396,%,Civic_Participation_Records,ok
2024,Rwanda,Kigali,Kicukiro,Low,With disability,Women,GBV_services_access,9.740840476032213,%,Administrative_Health_Reports,ok
2024,Rwanda,Kigali,Kicukiro,Low,With disability,Women,Employment_rate,12.072242201016934,%,Administrative_Health_Reports,ok
2024,Rwanda,Kigali,Kicukiro,Low,With disability,Women,Decision_making_participation,14.156156987898031,%,Community_GBV_Monitoring,ok
2024,Rwanda,Kigali,Kicukiro,Low,With disability,Men,School_enrollment,19.771087817920588,%,Labour_Force_Survey,ok
2024,Rwanda,Kigali,Kicukiro,Low,With disability,Men,Health_services_access,14.462155488088431,%,Labour_Force_Survey,ok
2024,Rwanda,Kigali,Kicukiro,Low,With disability,Men,GBV_services_access,,%,Labour_Force_Survey,missing_value
2024,Rwanda,Kigali,Kicukiro,Low,With disability,Men,Employment_rate,13.862707553516252,%,Household_Survey,ok
2024,Rwanda,Kigali,Kicukiro,Low,With disability,Men,Decision_making_participation,21.793499285635022,%,Administrative_Health_Reports,ok
2024,Rwanda,Kigali,Kicukiro,Middle,No disability,Women,School_enrollment,39.89293357595793,%,Labour_Force_Survey,ok
2024,Rwanda,Kigali,Kicukiro,Middle,No disability,Women,Health_services_access,42.4681267934249,%,Administrative_Health_Reports,ok
2024,Rwanda,Kigali,Kicukiro,Middle,No disability,Women,GBV_services_access,51.42820767231564,%,Household_Survey,ok
2024,Rwanda,Kigali,Kicukiro,Middle,No disability,Women,Employment_rate,43.56374886713593,%,Household_Survey,ok
2024,Rwanda,Kigali,Kicukiro,Middle,No disability,Women,Decision_making_participation,48.941322156535264,%,Administrative_Health_Reports,ok
2024,Rwanda,Kigali,Kicukiro,Middle,No disability,Men,School_enrollment,50.28339723075141,%,Community_GBV_Monitoring,ok
2024,Rwanda,Kigali,Kicukiro,Middle,No disability,Men,Health_services_access,48.99377058761702,%,Labour_Force_Survey,ok
2024,Rwanda,Kigali,Kicukiro,Middle,No disability,Men,GBV_services_access,49.73799292717854,%,Civic_Participation_Records,ok
2024,Rwanda,Kigali,Kicukiro,Middle,No disability,Men,Employment_rate,48.59095478652392,%,Community_GBV_Monitoring,ok
2024,Rwanda,Kigali,Kicukiro,Middle,No disability,Men,Decision_making_participation,48.640545091942315,%,Household_Survey,ok
2024,Rwanda,Kigali,Kicukiro,Middle,With disability,Women,School_enrollment,,%,Household_Survey,missing_value
2024,Rwanda,Kigali,Kicukiro,Middle,With disability,Women,Health_services_access,29.62496379510908,%,Household_Survey,ok
2024,Rwanda,Kigali,Kicukiro,Middle,With disability,Women,GBV_services_access,23.806801785397276,%,Community_GBV_Monitoring,ok
2024,Rwanda,Kigali,Kicukiro,Middle,With disability,Women,Employment_rate,,%,Administrative_Health_Reports,missing_value
2024,Rwanda,Kigali,Kicukiro,Middle,With disability,Women,Decision_making_participation,27.5211832803221,%,Labour_Force_Survey,ok
2024,Rwanda,Kigali,Kicukiro,Middle,With disability,Men,School_enrollment,26.72838615221496,%,Household_Survey,ok
2024,Rwanda,Kigali,Kicukiro,Middle,With disability,Men,Health_services_access,25.757332037574415,%,Labour_Force_Survey,ok
2024,Rwanda,Kigali,Kicukiro,Middle,With disability,Men,GBV_services_access,31.590636874312143,%,Community_GBV_Monitoring,ok
2024,Rwanda,Kigali,Kicukiro,Middle,With disability,Men,Employment_rate,32.296572500066794,%,Civic_Participation_Records,ok
2024,Rwanda,Kigali,Kicukiro,Middle,With disability,Men,Decision_making_participation,29.710152415257063,%,Community_GBV_Monitoring,ok
2024,Rwanda,Kigali,Kicukiro,High,No disability,Women,School_enrollment,48.999783840572235,%,Household_Survey,ok
2024,Rwanda,Kigali,Kicukiro,High,No disability,Women,Health_services_access,55.56977110679203,%,Community_GBV_Monitoring,ok
2024,Rwanda,Kigali,Kicukiro,High,No disability,Women,GBV_services_access,51.389271124402754,%,Civic_Participation_Records,ok
2024,Rwanda,Kigali,Kicukiro,High,No disability,Women,Employment_rate,47.898090836016905,%,Household_Survey,ok
2024,Rwanda,Kigali,Kicukiro,High,No disability,Women,Decision_making_participation,55.753830958305315,%,Civic_Participation_Records,ok
2024,Rwanda,Kigali,Kicukiro,High,No disability,Men,School_enrollment,56.00864716109918,%,Administrative_Health_Reports,ok
2024,Rwanda,Kigali,Kicukiro,High,No disability,Men,Health_services_access,51.557894893370445,%,Community_GBV_Monitoring,ok
2024,Rwanda,Kigali,Kicukiro,High,No disability,Men,GBV_services_access,56.78631456386098,%,Labour_Force_Survey,ok
2024,Rwanda,Kigali,Kicukiro,High,No disability,Men,Employment_rate,54.256129958842614,%,Civic_Participation_Records,ok
2024,Rwanda,Kigali,Kicukiro,High,No disability,Men,Decision_making_participation,56.26672817273698,%,Community_GBV_Monitoring,ok
2024,Rwanda,Kigali,Kicukiro,High,With disability,Women,School_enrollment,29.627651024715536,%,Civic_Participation_Records,ok
2024,Rwanda,Kigali,Kicukiro,High,With disability,Women,Health_services_access,29.213502880995957,%,Civic_Participation_Records,ok
2024,Rwanda,Kigali,Kicukiro,High,With disability,Women,GBV_services_access,28.555619785811928,%,Labour_Force_Survey,ok
2024,Rwanda,Kigali,Kicukiro,High,With disability,Women,Employment_rate,32.97533281667664,%,Labour_Force_Survey,ok
2024,Rwanda,Kigali,Kicukiro,High,With disability,Women,Decision_making_participation,32.169314420727524,%,Civic_Participation_Records,ok
2024,Rwanda,Kigali,Kicukiro,High,With disability,Men,School_enrollment,32.79627054681515,%,Labour_Force_Survey,ok
2024,Rwanda,Kigali,Kicukiro,High,With disability,Men,Health_services_access,36.98691662181623,%,Civic_Participation_Records,ok
2024,Rwanda,Kigali,Kicukiro,High,With disability,Men,GBV_services_access,32.103300046972976,%,Labour_Force_Survey,ok
2024,Rwanda,Kigali,Kicukiro,High,With disability,Men,Employment_rate,35.32493283434446,%,Household_Survey,ok
2024,Rwanda,Kigali,Kicukiro,High,With disability,Men,Decision_making_participation,35.955487420645525,%,Community_GBV_Monitoring,ok
2020,Tunisia,Tunis,Ariana,Low,No disability,Women,School_enrollment,34.5868741431255,%,Administrative_Health_Reports,ok
2020,Tunisia,Tunis,Ariana,Low,No disability,Women,Health_services_access,34.40731567262268,%,Administrative_Health_Reports,ok
2020,Tunisia,Tunis,Ariana,Low,No disability,Women,GBV_services_access,31.283878940097125,%,Household_Survey,ok
2020,Tunisia,Tunis,Ariana,Low,No disability,Women,Employment_rate,27.01291592137176,%,Civic_Participation_Records,ok
2020,Tunisia,Tunis,Ariana,Low,No disability,Women,Decision_making_participation,31.953178274792602,%,Civic_Participation_Records,ok
2020,Tunisia,Tunis,Ariana,Low,No disability,Men,School_enrollment,37.06593964155441,%,Administrative_Health_Reports,ok
2020,Tunisia,Tunis,Ariana,Low,No disability,Men,Health_services_access,35.7213439802198,%,Labour_Force_Survey,ok
2020,Tunisia,Tunis,Ariana,Low,No disability,Men,GBV_services_access,,%,Civic_Participation_Records,missing_value
2020,Tunisia,Tunis,Ariana,Low,No disability,Men,Employment_rate,32.10394260219373,%,Community_GBV_Monitoring,ok
2020,Tunisia,Tunis,Ariana,Low,No disability,Men,Decision_making_participation,35.18282808314511,%,Civic_Participation_Records,ok
2020,Tunisia,Tunis,Ariana,Low,With disability,Women,School_enrollment,14.617407355632212,%,Labour_Force_Survey,ok
2020,Tunisia,Tunis,Ariana,Low,With disability,Women,Health_services_access,9.974984844151844,%,Civic_Participation_Records,ok
2020,Tunisia,Tunis,Ariana,Low,With disability,Women,GBV_services_access,7.2809921982535855,%,Household_Survey,ok
2020,Tunisia,Tunis,Ariana,Low,With disability,Women,Employment_rate,9.828706640250676,%,Administrative_Health_Reports,ok
2020,Tunisia,Tunis,Ariana,Low,With disability,Women,Decision_making_participation,,%,Administrative_Health_Reports,missing_value
2020,Tunisia,Tunis,Ariana,Low,With disability,Men,School_enrollment,20.733531488931497,%,Administrative_Health_Reports,ok
2020,Tunisia,Tunis,Ariana,Low,With disability,Men,Health_services_access,15.838665467074645,%,Labour_Force_Survey,ok
2020,Tunisia,Tunis,Ariana,Low,With disability,Men,GBV_services_access,12.59837403124892,%,Labour_Force_Survey,ok
2020,Tunisia,Tunis,Ariana,Low,With disability,Men,Employment_rate,20.018396254530625,%,Community_GBV_Monitoring,ok
2020,Tunisia,Tunis,Ariana,Low,With disability,Men,Decision_making_participation,25.334889947139906,%,Civic_Participation_Records,ok
2020,Tunisia,Tunis,Ariana,Middle,No disability,Women,School_enrollment,48.997010500289484,%,Household_Survey,ok
2020,Tunisia,Tunis,Ariana,Middle,No disability,Women,Health_services_access,49.01462815307571,%,Community_GBV_Monitoring,ok
2020,Tunisia,Tunis,Ariana,Middle,No disability,Women,GBV_services_access,53.61756093520229,%,Civic_Participation_Records,ok
2020,Tunisia,Tunis,Ariana,Middle,No disability,Women,Employment_rate,42.54001746903896,%,Community_GBV_Monitoring,ok
2020,Tunisia,Tunis,Ariana,Middle,No disability,Women,Decision_making_participation,51.81618611525501,%,Administrative_Health_Reports,ok
2020,Tunisia,Tunis,Ariana,Middle,No disability,Men,School_enrollment,53.06323340307025,%,Community_GBV_Monitoring,ok
2020,Tunisia,Tunis,Ariana,Middle,No disability,Men,Health_services_access,58.90203924538137,%,Household_Survey,ok
2020,Tunisia,Tunis,Ariana,Middle,No disability,Men,GBV_services_access,50.04089890670594,%,Community_GBV_Monitoring,ok
2020,Tunisia,Tunis,Ariana,Middle,No disability,Men,Employment_rate,53.853834746162036,%,Labour_Force_Survey,ok
2020,Tunisia,Tunis,Ariana,Middle,No disability,Men,Decision_making_participation,53.503344677683735,%,Administrative_Health_Reports,ok
2020,Tunisia,Tunis,Ariana,Middle,With disability,Women,School_enrollment,31.00805698503586,%,Civic_Participation_Records,ok
2020,Tunisia,Tunis,Ariana,Middle,With disability,Women,Health_services_access,25.75886973393346,%,Administrative_Health_Reports,ok
2020,Tunisia,Tunis,Ariana,Middle,With disability,Women,GBV_services_access,26.613838353396524,%,Labour_Force_Survey,ok
2020,Tunisia,Tunis,Ariana,Middle,With disability,Women,Employment_rate,33.26252722345998,%,Household_Survey,ok
2020,Tunisia,Tunis,Ariana,Middle,With disability,Women,Decision_making_participation,26.007793202260228,%,Community_GBV_Monitoring,ok
2020,Tunisia,Tunis,Ariana,Middle,With disability,Men,School_enrollment,29.66731697695811,%,Civic_Participation_Records,ok
2020,Tunisia,Tunis,Ariana,Middle,With disability,Men,Health_services_access,30.462473378872584,%,Administrative_Health_Reports,ok
2020,Tunisia,Tunis,Ariana,Middle,With disability,Men,GBV_services_access,27.609495666452055,%,Household_Survey,ok
2020,Tunisia,Tunis,Ariana,Middle,With disability,Men,Employment_rate,34.485617106006075,%,Administrative_Health_Reports,ok
2020,Tunisia,Tunis,Ariana,Middle,With disability,Men,Decision_making_participation,32.03082092068812,%,Household_Survey,ok
2020,Tunisia,Tunis,Ariana,High,No disability,Women,School_enrollment,57.774233054846036,%,Administrative_Health_Reports,ok
2020,Tunisia,Tunis,Ariana,High,No disability,Women,Health_services_access,57.35003487242921,%,Labour_Force_Survey,ok
2020,Tunisia,Tunis,Ariana,High,No disability,Women,GBV_services_access,60.29643160599873,%,Administrative_Health_Reports,ok
2020,Tunisia,Tunis,Ariana,High,No disability,Women,Employment_rate,51.820675112842316,%,Household_Survey,ok
2020,Tunisia,Tunis,Ariana,High,No disability,Women,Decision_making_participation,52.72632167701018,%,Labour_Force_Survey,ok
2020,Tunisia,Tunis,Ariana,High,No disability,Men,School_enrollment,58.74522811373657,%,Household_Survey,ok
2020,Tunisia,Tunis,Ariana,High,No disability,Men,Health_services_access,60.22957762992045,%,Community_GBV_Monitoring,ok
2020,Tunisia,Tunis,Ariana,High,No disability,Men,GBV_services_access,,%,Labour_Force_Survey,missing_value
2020,Tunisia,Tunis,Ariana,High,No disability,Men,Employment_rate,61.69060698838311,%,Administrative_Health_Reports,ok
2020,Tunisia,Tunis,Ariana,High,No disability,Men,Decision_making_participation,63.585128429911954,%,Civic_Participation_Records,ok
2020,Tunisia,Tunis,Ariana,High,With disability,Women,School_enrollment,34.31634833086406,%,Community_GBV_Monitoring,ok
2020,Tunisia,Tunis,Ariana,High,With disability,Women,Health_services_access,31.740598369234696,%,Household_Survey,ok
2020,Tunisia,Tunis,Ariana,High,With disability,Women,GBV_services_access,34.69148732544137,%,Labour_Force_Survey,ok
2020,Tunisia,Tunis,Ariana,High,With disability,Women,Employment_rate,36.96621017589469,%,Labour_Force_Survey,ok
2020,Tunisia,Tunis,Ariana,High,With disability,Women,Decision_making_participation,31.814611800752477,%,Household_Survey,ok
2020,Tunisia,Tunis,Ariana,High,With disability,Men,School_enrollment,37.66932599011351,%,Labour_Force_Survey,ok
2020,Tunisia,Tunis,Ariana,High,With disability,Men,Health_services_access,40.687190045508856,%,Household_Survey,ok
2020,Tunisia,Tunis,Ariana,High,With disability,Men,GBV_services_access,31.298343702056606,%,Civic_Participation_Records,ok
2020,Tunisia,Tunis,Ariana,High,With disability,Men,Employment_rate,39.9357066940065,%,Labour_Force_Survey,ok
2020,Tunisia,Tunis,Ariana,High,With disability,Men,Decision_making_participation,40.894148151328324,%,Household_Survey,ok
2021,Tunisia,Tunis,Ariana,Low,No disability,Women,School_enrollment,36.45942718544708,%,Civic_Participation_Records,ok
2021,Tunisia,Tunis,Ariana,Low,No disability,Women,Health_services_access,28.098469778049655,%,Civic_Participation_Records,ok
2021,Tunisia,Tunis,Ariana,Low,No disability,Women,GBV_services_access,,%,Civic_Participation_Records,missing_value
2021,Tunisia,Tunis,Ariana,Low,No disability,Women,Employment_rate,28.66957396136258,%,Household_Survey,ok
2021,Tunisia,Tunis,Ariana,Low,No disability,Women,Decision_making_participation,36.402820058415664,%,Labour_Force_Survey,ok
2021,Tunisia,Tunis,Ariana,Low,No disability,Men,School_enrollment,37.795013921099276,%,Household_Survey,ok
2021,Tunisia,Tunis,Ariana,Low,No disability,Men,Health_services_access,36.45900155014417,%,Community_GBV_Monitoring,ok
2021,Tunisia,Tunis,Ariana,Low,No disability,Men,GBV_services_access,34.242006316018475,%,Household_Survey,ok
2021,Tunisia,Tunis,Ariana,Low,No disability,Men,Employment_rate,34.16483839477593,%,Administrative_Health_Reports,ok
2021,Tunisia,Tunis,Ariana,Low,No disability,Men,Decision_making_participation,35.71503981035003,%,Household_Survey,ok
2021,Tunisia,Tunis,Ariana,Low,With disability,Women,School_enrollment,,%,Administrative_Health_Reports,missing_value
2021,Tunisia,Tunis,Ariana,Low,With disability,Women,Health_services_access,10.773319991487039,%,Community_GBV_Monitoring,ok
2021,Tunisia,Tunis,Ariana,Low,With disability,Women,GBV_services_access,7.152677299787861,%,Labour_Force_Survey,ok
2021,Tunisia,Tunis,Ariana,Low,With disability,Women,Employment_rate,14.939966175197357,%,Household_Survey,ok
2021,Tunisia,Tunis,Ariana,Low,With disability,Women,Decision_making_participation,,%,Community_GBV_Monitoring,missing_value
2021,Tunisia,Tunis,Ariana,Low,With disability,Men,School_enrollment,,%,Administrative_Health_Reports,missing_value
2021,Tunisia,Tunis,Ariana,Low,With disability,Men,Health_services_access,14.346364184274178,%,Community_GBV_Monitoring,ok
2021,Tunisia,Tunis,Ariana,Low,With disability,Men,GBV_services_access,17.275131337394896,%,Community_GBV_Monitoring,ok
2021,Tunisia,Tunis,Ariana,Low,With disability,Men,Employment_rate,15.794527296180334,%,Community_GBV_Monitoring,ok
2021,Tunisia,Tunis,Ariana,Low,With disability,Men,Decision_making_participation,21.491706817902024,%,Civic_Participation_Records,ok
2021,Tunisia,Tunis,Ariana,Middle,No disability,Women,School_enrollment,48.24491776211886,%,Civic_Participation_Records,ok
2021,Tunisia,Tunis,Ariana,Middle,No disability,Women,Health_services_access,51.05930108526582,%,Administrative_Health_Reports,ok
2021,Tunisia,Tunis,Ariana,Middle,No disability,Women,GBV_services_access,53.09029020938102,%,Administrative_Health_Reports,ok
2021,Tunisia,Tunis,Ariana,Middle,No disability,Women,Employment_rate,47.68727888791882,%,Administrative_Health_Reports,ok
2021,Tunisia,Tunis,Ariana,Middle,No disability,Women,Decision_making_participation,49.695149675235285,%,Community_GBV_Monitoring,ok
2021,Tunisia,Tunis,Ariana,Middle,No disability,Men,School_enrollment,52.001273643665165,%,Household_Survey,ok
2021,Tunisia,Tunis,Ariana,Middle,No disability,Men,Health_services_access,48.89979205402759,%,Administrative_Health_Reports,ok
2021,Tunisia,Tunis,Ariana,Middle,No disability,Men,GBV_services_access,54.754653217016056,%,Administrative_Health_Reports,ok
2021,Tunisia,Tunis,Ariana,Middle,No disability,Men,Employment_rate,55.60059945067389,%,Household_Survey,ok
2021,Tunisia,Tunis,Ariana,Middle,No disability,Men,Decision_making_participation,56.4669742490386,%,Civic_Participation_Records,ok
2021,Tunisia,Tunis,Ariana,Middle,With disability,Women,School_enrollment,31.803658469163956,%,Labour_Force_Survey,ok
2021,Tunisia,Tunis,Ariana,Middle,With disability,Women,Health_services_access,29.95841539248379,%,Labour_Force_Survey,ok
2021,Tunisia,Tunis,Ariana,Middle,With disability,Women,GBV_services_access,30.50608494768559,%,Labour_Force_Survey,ok
2021,Tunisia,Tunis,Ariana,Middle,With disability,Women,Employment_rate,28.929003798149605,%,Household_Survey,ok
2021,Tunisia,Tunis,Ariana,Middle,With disability,Women,Decision_making_participation,32.22594366736264,%,Household_Survey,ok
2021,Tunisia,Tunis,Ariana,Middle,With disability,Men,School_enrollment,33.05720494741967,%,Community_GBV_Monitoring,ok
2021,Tunisia,Tunis,Ariana,Middle,With disability,Men,Health_services_access,28.74091198720352,%,Civic_Participation_Records,ok
2021,Tunisia,Tunis,Ariana,Middle,With disability,Men,GBV_services_access,,%,Administrative_Health_Reports,missing_value
2021,Tunisia,Tunis,Ariana,Middle,With disability,Men,Employment_rate,,%,Administrative_Health_Reports,missing_value
2021,Tunisia,Tunis,Ariana,Middle,With disability,Men,Decision_making_participation,34.1146819930623,%,Administrative_Health_Reports,ok
2021,Tunisia,Tunis,Ariana,High,No disability,Women,School_enrollment,52.81702134690362,%,Labour_Force_Survey,ok
2021,Tunisia,Tunis,Ariana,High,No disability,Women,Health_services_access,52.01572818331634,%,Household_Survey,ok
2021,Tunisia,Tunis,Ariana,High,No disability,Women,GBV_services_access,53.97768613944633,%,Household_Survey,ok
2021,Tunisia,Tunis,Ariana,High,No disability,Women,Employment_rate,51.60140375556138,%,Administrative_Health_Reports,ok
2021,Tunisia,Tunis,Ariana,High,No disability,Women,Decision_making_participation,50.742425255845404,%,Community_GBV_Monitoring,ok
2021,Tunisia,Tunis,Ariana,High,No disability,Men,School_enrollment,58.81466337600355,%,Labour_Force_Survey,ok
2021,Tunisia,Tunis,Ariana,High,No disability,Men,Health_services_access,59.57736165249115,%,Civic_Participation_Records,ok
2021,Tunisia,Tunis,Ariana,High,No disability,Men,GBV_services_access,58.31411533647208,%,Household_Survey,ok
2021,Tunisia,Tunis,Ariana,High,No disability,Men,Employment_rate,64.22724999497918,%,Labour_Force_Survey,ok
2021,Tunisia,Tunis,Ariana,High,No disability,Men,Decision_making_participation,58.62119962571322,%,Civic_Participation_Records,ok
2021,Tunisia,Tunis,Ariana,High,With disability,Women,School_enrollment,30.80299126801801,%,Administrative_Health_Reports,ok
2021,Tunisia,Tunis,Ariana,High,With disability,Women,Health_services_access,33.4302494126096,%,Administrative_Health_Reports,ok
2021,Tunisia,Tunis,Ariana,High,With disability,Women,GBV_services_access,28.47104323636034,%,Civic_Participation_Records,ok
2021,Tunisia,Tunis,Ariana,High,With disability,Women,Employment_rate,32.746121404470436,%,Administrative_Health_Reports,ok
2021,Tunisia,Tunis,Ariana,High,With disability,Women,Decision_making_participation,35.17627195334742,%,Administrative_Health_Reports,ok
2021,Tunisia,Tunis,Ariana,High,With disability,Men,School_enrollment,38.55607063610125,%,Household_Survey,ok
2021,Tunisia,Tunis,Ariana,High,With disability,Men,Health_services_access,34.876968807628934,%,Administrative_Health_Reports,ok
2021,Tunisia,Tunis,Ariana,High,With disability,Men,GBV_services_access,41.37776030128935,%,Administrative_Health_Reports,ok
2021,Tunisia,Tunis,Ariana,High,With disability,Men,Employment_rate,40.066107412226756,%,Civic_Participation_Records,ok
2021,Tunisia,Tunis,Ariana,High,With disability,Men,Decision_making_participation,37.716560723061704,%,Household_Survey,ok
2022,Tunisia,Tunis,Ariana,Low,No disability,Women,School_enrollment,29.53008239271776,%,Administrative_Health_Reports,ok
2022,Tunisia,Tunis,Ariana,Low,No disability,Women,Health_services_access,32.8303190048404,%,Community_GBV_Monitoring,ok
2022,Tunisia,Tunis,Ariana,Low,No disability,Women,GBV_services_access,33.64152462489267,%,Household_Survey,ok
2022,Tunisia,Tunis,Ariana,Low,No disability,Women,Employment_rate,26.4610344504864,%,Administrative_Health_Reports,ok
2022,Tunisia,Tunis,Ariana,Low,No disability,Women,Decision_making_participation,34.03669068967454,%,Household_Survey,ok
2022,Tunisia,Tunis,Ariana,Low,No disability,Men,School_enrollment,36.315755599564966,%,Civic_Participation_Records,ok
2022,Tunisia,Tunis,Ariana,Low,No disability,Men,Health_services_access,37.55938202480557,%,Community_GBV_Monitoring,ok
2022,Tunisia,Tunis,Ariana,Low,No disability,Men,GBV_services_access,38.18087168770226,%,Household_Survey,ok
2022,Tunisia,Tunis,Ariana,Low,No disability,Men,Employment_rate,39.6120428437955,%,Community_GBV_Monitoring,ok
2022,Tunisia,Tunis,Ariana,Low,No disability,Men,Decision_making_participation,,%,Civic_Participation_Records,missing_value
2022,Tunisia,Tunis,Ariana,Low,With disability,Women,School_enrollment,13.91937236995875,%,Community_GBV_Monitoring,ok
2022,Tunisia,Tunis,Ariana,Low,With disability,Women,Health_services_access,8.630544463805872,%,Community_GBV_Monitoring,ok
2022,Tunisia,Tunis,Ariana,Low,With disability,Women,GBV_services_access,,%,Household_Survey,missing_value
2022,Tunisia,Tunis,Ariana,Low,With disability,Women,Employment_rate,12.792915105903363,%,Labour_Force_Survey,ok
2022,Tunisia,Tunis,Ariana,Low,With disability,Women,Decision_making_participation,12.182985560209463,%,Administrative_Health_Reports,ok
2022,Tunisia,Tunis,Ariana,Low,With disability,Men,School_enrollment,13.78642542191579,%,Household_Survey,ok
2022,Tunisia,Tunis,Ariana,Low,With disability,Men,Health_services_access,18.82455750109668,%,Civic_Participation_Records,ok
2022,Tunisia,Tunis,Ariana,Low,With disability,Men,GBV_services_access,10.011435540571789,%,Civic_Participation_Records,ok
2022,Tunisia,Tunis,Ariana,Low,With disability,Men,Employment_rate,,%,Labour_Force_Survey,missing_value
2022,Tunisia,Tunis,Ariana,Low,With disability,Men,Decision_making_participation,21.46550335282319,%,Community_GBV_Monitoring,ok
2022,Tunisia,Tunis,Ariana,Middle,No disability,Women,School_enrollment,45.16602636892614,%,Labour_Force_Survey,ok
2022,Tunisia,Tunis,Ariana,Middle,No disability,Women,Health_services_access,47.78976779439717,%,Labour_Force_Survey,ok
2022,Tunisia,Tunis,Ariana,Middle,No disability,Women,GBV_services_access,53.83799032536965,%,Labour_Force_Survey,ok
2022,Tunisia,Tunis,Ariana,Middle,No disability,Women,Employment_rate,45.450315512613216,%,Administrative_Health_Reports,ok
2022,Tunisia,Tunis,Ariana,Middle,No disability,Women,Decision_making_participation,48.4579074377346,%,Labour_Force_Survey,ok
2022,Tunisia,Tunis,Ariana,Middle,No disability,Men,School_enrollment,57.63456453339033,%,Community_GBV_Monitoring,ok
2022,Tunisia,Tunis,Ariana,Middle,No disability,Men,Health_services_access,50.35231944880955,%,Civic_Participation_Records,ok
2022,Tunisia,Tunis,Ariana,Middle,No disability,Men,GBV_services_access,53.31053307730841,%,Civic_Participation_Records,ok
2022,Tunisia,Tunis,Ariana,Middle,No disability,Men,Employment_rate,56.139867285036104,%,Civic_Participation_Records,ok
2022,Tunisia,Tunis,Ariana,Middle,No disability,Men,Decision_making_participation,55.33387148879581,%,Administrative_Health_Reports,ok
2022,Tunisia,Tunis,Ariana,Middle,With disability,Women,School_enrollment,31.272011277862134,%,Labour_Force_Survey,ok
2022,Tunisia,Tunis,Ariana,Middle,With disability,Women,Health_services_access,30.88567589157559,%,Community_GBV_Monitoring,ok
2022,Tunisia,Tunis,Ariana,Middle,With disability,Women,GBV_services_access,28.41675394316462,%,Community_GBV_Monitoring,ok
2022,Tunisia,Tunis,Ariana,Middle,With disability,Women,Employment_rate,29.811749900086113,%,Labour_Force_Survey,ok
2022,Tunisia,Tunis,Ariana,Middle,With disability,Women,Decision_making_participation,30.293414161190363,%,Administrative_Health_Reports,ok
2022,Tunisia,Tunis,Ariana,Middle,With disability,Men,School_enrollment,34.48145471776784,%,Administrative_Health_Reports,ok
2022,Tunisia,Tunis,Ariana,Middle,With disability,Men,Health_services_access,35.59686459465902,%,Administrative_Health_Reports,ok
2022,Tunisia,Tunis,Ariana,Middle,With disability,Men,GBV_services_access,29.508384755470647,%,Community_GBV_Monitoring,ok
2022,Tunisia,Tunis,Ariana,Middle,With disability,Men,Employment_rate,33.67778959750508,%,Administrative_Health_Reports,ok
2022,Tunisia,Tunis,Ariana,Middle,With disability,Men,Decision_making_participation,30.763199911648325,%,Community_GBV_Monitoring,ok
2022,Tunisia,Tunis,Ariana,High,No disability,Women,School_enrollment,54.144808110864815,%,Civic_Participation_Records,ok
2022,Tunisia,Tunis,Ariana,High,No disability,Women,Health_services_access,52.74382428969895,%,Community_GBV_Monitoring,ok
2022,Tunisia,Tunis,Ariana,High,No disability,Women,GBV_services_access,59.75880749071028,%,Labour_Force_Survey,ok
2022,Tunisia,Tunis,Ariana,High,No disability,Women,Employment_rate,56.71277237815822,%,Community_GBV_Monitoring,ok
2022,Tunisia,Tunis,Ariana,High,No disability,Women,Decision_making_participation,50.862562712202326,%,Administrative_Health_Reports,ok
2022,Tunisia,Tunis,Ariana,High,No disability,Men,School_enrollment,61.91858555429207,%,Household_Survey,ok
2022,Tunisia,Tunis,Ariana,High,No disability,Men,Health_services_access,58.2492270712172,%,Labour_Force_Survey,ok
2022,Tunisia,Tunis,Ariana,High,No disability,Men,GBV_services_access,59.18634852498054,%,Labour_Force_Survey,ok
2022,Tunisia,Tunis,Ariana,High,No disability,Men,Employment_rate,63.85782902608996,%,Civic_Participation_Records,ok
2022,Tunisia,Tunis,Ariana,High,No disability,Men,Decision_making_participation,61.5865121325998,%,Household_Survey,ok
2022,Tunisia,Tunis,Ariana,High,With disability,Women,School_enrollment,36.178726580626915,%,Labour_Force_Survey,ok
2022,Tunisia,Tunis,Ariana,High,With disability,Women,Health_services_access,32.82577449035217,%,Administrative_Health_Reports,ok
2022,Tunisia,Tunis,Ariana,High,With disability,Women,GBV_services_access,,%,Labour_Force_Survey,missing_value
2022,Tunisia,Tunis,Ariana,High,With disability,Women,Employment_rate,34.305552320147086,%,Household_Survey,ok
2022,Tunisia,Tunis,Ariana,High,With disability,Women,Decision_making_participation,35.13290230699757,%,Civic_Participation_Records,ok
2022,Tunisia,Tunis,Ariana,High,With disability,Men,School_enrollment,39.16088703079846,%,Community_GBV_Monitoring,ok
2022,Tunisia,Tunis,Ariana,High,With disability,Men,Health_services_access,30.08395242213457,%,Household_Survey,ok
2022,Tunisia,Tunis,Ariana,High,With disability,Men,GBV_services_access,35.99229336820683,%,Labour_Force_Survey,ok
2022,Tunisia,Tunis,Ariana,High,With disability,Men,Employment_rate,41.47722848211976,%,Labour_Force_Survey,ok
2022,Tunisia,Tunis,Ariana,High,With disability,Men,Decision_making_participation,42.93598961637488,%,Household_Survey,ok
2023,Tunisia,Tunis,Ariana,Low,No disability,Women,School_enrollment,,%,Labour_Force_Survey,missing_value
2023,Tunisia,Tunis,Ariana,Low,No disability,Women,Health_services_access,31.577631928386747,%,Household_Survey,ok
2023,Tunisia,Tunis,Ariana,Low,No disability,Women,GBV_services_access,,%,Administrative_Health_Reports,missing_value
2023,Tunisia,Tunis,Ariana,Low,No disability,Women,Employment_rate,32.654451399713594,%,Labour_Force_Survey,ok
2023,Tunisia,Tunis,Ariana,Low,No disability,Women,Decision_making_participation,32.73976155049555,%,Administrative_Health_Reports,ok
2023,Tunisia,Tunis,Ariana,Low,No disability,Men,School_enrollment,43.09272260233104,%,Administrative_Health_Reports,ok
2023,Tunisia,Tunis,Ariana,Low,No disability,Men,Health_services_access,33.256547957035615,%,Administrative_Health_Reports,ok
2023,Tunisia,Tunis,Ariana,Low,No disability,Men,GBV_services_access,,%,Civic_Participation_Records,missing_value
2023,Tunisia,Tunis,Ariana,Low,No disability,Men,Employment_rate,35.121758027114375,%,Household_Survey,ok
2023,Tunisia,Tunis,Ariana,Low,No disability,Men,Decision_making_participation,40.39096755480672,%,Administrative_Health_Reports,ok
2023,Tunisia,Tunis,Ariana,Low,With disability,Women,School_enrollment,11.162176881890957,%,Civic_Participation_Records,ok
2023,Tunisia,Tunis,Ariana,Low,With disability,Women,Health_services_access,11.584639063667542,%,Labour_Force_Survey,ok
2023,Tunisia,Tunis,Ariana,Low,With disability,Women,GBV_services_access,9.783107726421871,%,Labour_Force_Survey,ok
2023,Tunisia,Tunis,Ariana,Low,With disability,Women,Employment_rate,,%,Household_Survey,missing_value
2023,Tunisia,Tunis,Ariana,Low,With disability,Women,Decision_making_participation,15.880206435134301,%,Labour_Force_Survey,ok
2023,Tunisia,Tunis,Ariana,Low,With disability,Men,School_enrollment,14.629398601186718,%,Civic_Participation_Records,ok
2023,Tunisia,Tunis,Ariana,Low,With disability,Men,Health_services_access,12.957977827009756,%,Administrative_Health_Reports,ok
2023,Tunisia,Tunis,Ariana,Low,With disability,Men,GBV_services_access,10.499738082373398,%,Community_GBV_Monitoring,ok
2023,Tunisia,Tunis,Ariana,Low,With disability,Men,Employment_rate,19.47682087102393,%,Administrative_Health_Reports,ok
2023,Tunisia,Tunis,Ariana,Low,With disability,Men,Decision_making_participation,20.982311275432462,%,Civic_Participation_Records,ok
2023,Tunisia,Tunis,Ariana,Middle,No disability,Women,School_enrollment,48.602977040904015,%,Household_Survey,ok
2023,Tunisia,Tunis,Ariana,Middle,No disability,Women,Health_services_access,50.720053802460626,%,Household_Survey,ok
2023,Tunisia,Tunis,Ariana,Middle,No disability,Women,GBV_services_access,47.974391541117924,%,Household_Survey,ok
2023,Tunisia,Tunis,Ariana,Middle,No disability,Women,Employment_rate,44.137102848043135,%,Administrative_Health_Reports,ok
2023,Tunisia,Tunis,Ariana,Middle,No disability,Women,Decision_making_participation,49.04348199638079,%,Civic_Participation_Records,ok
2023,Tunisia,Tunis,Ariana,Middle,No disability,Men,School_enrollment,50.46498589632374,%,Labour_Force_Survey,ok
2023,Tunisia,Tunis,Ariana,Middle,No disability,Men,Health_services_access,54.34975276651608,%,Labour_Force_Survey,ok
2023,Tunisia,Tunis,Ariana,Middle,No disability,Men,GBV_services_access,54.31126602313983,%,Household_Survey,ok
2023,Tunisia,Tunis,Ariana,Middle,No disability,Men,Employment_rate,52.02213330042558,%,Labour_Force_Survey,ok
2023,Tunisia,Tunis,Ariana,Middle,No disability,Men,Decision_making_participation,51.75993069575421,%,Administrative_Health_Reports,ok
2023,Tunisia,Tunis,Ariana,Middle,With disability,Women,School_enrollment,29.643623101669995,%,Labour_Force_Survey,ok
2023,Tunisia,Tunis,Ariana,Middle,With disability,Women,Health_services_access,29.093122771365206,%,Civic_Participation_Records,ok
2023,Tunisia,Tunis,Ariana,Middle,With disability,Women,GBV_services_access,31.37099529607003,%,Civic_Participation_Records,ok
2023,Tunisia,Tunis,Ariana,Middle,With disability,Women,Employment_rate,29.329519692576817,%,Labour_Force_Survey,ok
2023,Tunisia,Tunis,Ariana,Middle,With disability,Women,Decision_making_participation,,%,Labour_Force_Survey,missing_value
2023,Tunisia,Tunis,Ariana,Middle,With disability,Men,School_enrollment,37.559077740546726,%,Administrative_Health_Reports,ok
2023,Tunisia,Tunis,Ariana,Middle,With disability,Men,Health_services_access,,%,Community_GBV_Monitoring,missing_value
2023,Tunisia,Tunis,Ariana,Middle,With disability,Men,GBV_services_access,36.2447944776097,%,Civic_Participation_Records,ok
2023,Tunisia,Tunis,Ariana,Middle,With disability,Men,Employment_rate,38.814051335179066,%,Household_Survey,ok
2023,Tunisia,Tunis,Ariana,Middle,With disability,Men,Decision_making_participation,29.58370255137804,%,Community_GBV_Monitoring,ok
2023,Tunisia,Tunis,Ariana,High,No disability,Women,School_enrollment,58.98566910651519,%,Labour_Force_Survey,ok
2023,Tunisia,Tunis,Ariana,High,No disability,Women,Health_services_access,53.54379416176315,%,Household_Survey,ok
2023,Tunisia,Tunis,Ariana,High,No disability,Women,GBV_services_access,56.86755017434363,%,Household_Survey,ok
2023,Tunisia,Tunis,Ariana,High,No disability,Women,Employment_rate,49.83259355567214,%,Labour_Force_Survey,ok
2023,Tunisia,Tunis,Ariana,High,No disability,Women,Decision_making_participation,54.566647903798255,%,Household_Survey,ok
2023,Tunisia,Tunis,Ariana,High,No disability,Men,School_enrollment,,%,Community_GBV_Monitoring,missing_value
2023,Tunisia,Tunis,Ariana,High,No disability,Men,Health_services_access,61.22636100055008,%,Labour_Force_Survey,ok
2023,Tunisia,Tunis,Ariana,High,No disability,Men,GBV_services_access,59.53018156348896,%,Administrative_Health_Reports,ok
2023,Tunisia,Tunis,Ariana,High,No disability,Men,Employment_rate,56.03690403164386,%,Civic_Participation_Records,ok
2023,Tunisia,Tunis,Ariana,High,No disability,Men,Decision_making_participation,56.413127353144645,%,Administrative_Health_Reports,ok
2023,Tunisia,Tunis,Ariana,High,With disability,Women,School_enrollment,32.45788893890904,%,Household_Survey,ok
2023,Tunisia,Tunis,Ariana,High,With disability,Women,Health_services_access,,%,Labour_Force_Survey,missing_value
2023,Tunisia,Tunis,Ariana,High,With disability,Women,GBV_services_access,32.2599294856276,%,Household_Survey,ok
2023,Tunisia,Tunis,Ariana,High,With disability,Women,Employment_rate,30.6824752576623,%,Administrative_Health_Reports,ok
2023,Tunisia,Tunis,Ariana,High,With disability,Women,Decision_making_participation,38.67420069316238,%,Household_Survey,ok
2023,Tunisia,Tunis,Ariana,High,With disability,Men,School_enrollment,38.01920001414379,%,Household_Survey,ok
2023,Tunisia,Tunis,Ariana,High,With disability,Men,Health_services_access,35.45621850067961,%,Labour_Force_Survey,ok
2023,Tunisia,Tunis,Ariana,High,With disability,Men,GBV_services_access,33.420297075362946,%,Civic_Participation_Records,ok
2023,Tunisia,Tunis,Ariana,High,With disability,Men,Employment_rate,40.78842870439483,%,Labour_Force_Survey,ok
2023,Tunisia,Tunis,Ariana,High,With disability,Men,Decision_making_participation,38.40711208896643,%,Household_Survey,ok
2024,Tunisia,Tunis,Ariana,Low,No disability,Women,School_enrollment,33.56233265712251,%,Community_GBV_Monitoring,ok
2024,Tunisia,Tunis,Ariana,Low,No disability,Women,Health_services_access,33.64659719937213,%,Civic_Participation_Records,ok
2024,Tunisia,Tunis,Ariana,Low,No disability,Women,GBV_services_access,27.752714089339637,%,Civic_Participation_Records,ok
2024,Tunisia,Tunis,Ariana,Low,No disability,Women,Employment_rate,28.01829535774724,%,Administrative_Health_Reports,ok
2024,Tunisia,Tunis,Ariana,Low,No disability,Women,Decision_making_participation,35.36829523072194,%,Community_GBV_Monitoring,ok
2024,Tunisia,Tunis,Ariana,Low,No disability,Men,School_enrollment,39.849034722350524,%,Civic_Participation_Records,ok
2024,Tunisia,Tunis,Ariana,Low,No disability,Men,Health_services_access,37.53555720674235,%,Community_GBV_Monitoring,ok
2024,Tunisia,Tunis,Ariana,Low,No disability,Men,GBV_services_access,35.63114588168319,%,Labour_Force_Survey,ok
2024,Tunisia,Tunis,Ariana,Low,No disability,Men,Employment_rate,34.982554373192464,%,Administrative_Health_Reports,ok
2024,Tunisia,Tunis,Ariana,Low,No disability,Men,Decision_making_participation,40.57780636111825,%,Civic_Participation_Records,ok
2024,Tunisia,Tunis,Ariana,Low,With disability,Women,School_enrollment,,%,Community_GBV_Monitoring,missing_value
2024,Tunisia,Tunis,Ariana,Low,With disability,Women,Health_services_access,10.009148736530287,%,Labour_Force_Survey,ok
2024,Tunisia,Tunis,Ariana,Low,With disability,Women,GBV_services_access,7.759879556690354,%,Labour_Force_Survey,ok
2024,Tunisia,Tunis,Ariana,Low,With disability,Women,Employment_rate,12.256051265954998,%,Civic_Participation_Records,ok
2024,Tunisia,Tunis,Ariana,Low,With disability,Women,Decision_making_participation,15.873441008894364,%,Labour_Force_Survey,ok
2024,Tunisia,Tunis,Ariana,Low,With disability,Men,School_enrollment,,%,Community_GBV_Monitoring,missing_value
2024,Tunisia,Tunis,Ariana,Low,With disability,Men,Health_services_access,14.632746967007371,%,Household_Survey,ok
2024,Tunisia,Tunis,Ariana,Low,With disability,Men,GBV_services_access,14.554571145317134,%,Civic_Participation_Records,ok
2024,Tunisia,Tunis,Ariana,Low,With disability,Men,Employment_rate,18.574355871161686,%,Household_Survey,ok
2024,Tunisia,Tunis,Ariana,Low,With disability,Men,Decision_making_participation,18.8118253618991,%,Civic_Participation_Records,ok
2024,Tunisia,Tunis,Ariana,Middle,No disability,Women,School_enrollment,47.58571632316402,%,Administrative_Health_Reports,ok
2024,Tunisia,Tunis,Ariana,Middle,No disability,Women,Health_services_access,44.90818619717365,%,Community_GBV_Monitoring,ok
2024,Tunisia,Tunis,Ariana,Middle,No disability,Women,GBV_services_access,51.38684507030067,%,Household_Survey,ok
2024,Tunisia,Tunis,Ariana,Middle,No disability,Women,Employment_rate,46.06747068653014,%,Household_Survey,ok
2024,Tunisia,Tunis,Ariana,Middle,No disability,Women,Decision_making_participation,49.082427041791696,%,Community_GBV_Monitoring,ok
2024,Tunisia,Tunis,Ariana,Middle,No disability,Men,School_enrollment,51.92507487438803,%,Community_GBV_Monitoring,ok
2024,Tunisia,Tunis,Ariana,Middle,No disability,Men,Health_services_access,54.90442100928493,%,Administrative_Health_Reports,ok
2024,Tunisia,Tunis,Ariana,Middle,No disability,Men,GBV_services_access,56.1245415226463,%,Household_Survey,ok
2024,Tunisia,Tunis,Ariana,Middle,No disability,Men,Employment_rate,57.87480017520251,%,Administrative_Health_Reports,ok
2024,Tunisia,Tunis,Ariana,Middle,No disability,Men,Decision_making_participation,52.74077644365081,%,Labour_Force_Survey,ok
2024,Tunisia,Tunis,Ariana,Middle,With disability,Women,School_enrollment,29.09611676062157,%,Labour_Force_Survey,ok
2024,Tunisia,Tunis,Ariana,Middle,With disability,Women,Health_services_access,27.838717386138494,%,Administrative_Health_Reports,ok
2024,Tunisia,Tunis,Ariana,Middle,With disability,Women,GBV_services_access,26.88627938260497,%,Labour_Force_Survey,ok
2024,Tunisia,Tunis,Ariana,Middle,With disability,Women,Employment_rate,29.91108156418293,%,Administrative_Health_Reports,ok
2024,Tunisia,Tunis,Ariana,Middle,With disability,Women,Decision_making_participation,31.078613684322324,%,Labour_Force_Survey,ok
2024,Tunisia,Tunis,Ariana,Middle,With disability,Men,School_enrollment,33.064349585252536,%,Administrative_Health_Reports,ok
2024,Tunisia,Tunis,Ariana,Middle,With disability,Men,Health_services_access,35.12671083949167,%,Civic_Participation_Records,ok
2024,Tunisia,Tunis,Ariana,Middle,With disability,Men,GBV_services_access,31.814360682024745,%,Administrative_Health_Reports,ok
2024,Tunisia,Tunis,Ariana,Middle,With disability,Men,Employment_rate,36.11183052325619,%,Community_GBV_Monitoring,ok
2024,Tunisia,Tunis,Ariana,Middle,With disability,Men,Decision_making_participation,,%,Civic_Participation_Records,missing_value
2024,Tunisia,Tunis,Ariana,High,No disability,Women,School_enrollment,51.81203854795844,%,Civic_Participation_Records,ok
2024,Tunisia,Tunis,Ariana,High,No disability,Women,Health_services_access,57.21568623588186,%,Civic_Participation_Records,ok
2024,Tunisia,Tunis,Ariana,High,No disability,Women,GBV_services_access,59.01247629780034,%,Household_Survey,ok
2024,Tunisia,Tunis,Ariana,High,No disability,Women,Employment_rate,54.96276880522539,%,Household_Survey,ok
2024,Tunisia,Tunis,Ariana,High,No disability,Women,Decision_making_participation,56.619068344985585,%,Administrative_Health_Reports,ok
2024,Tunisia,Tunis,Ariana,High,No disability,Men,School_enrollment,63.28971356806899,%,Household_Survey,ok
2024,Tunisia,Tunis,Ariana,High,No disability,Men,Health_services_access,60.164529171722656,%,Civic_Participation_Records,ok
2024,Tunisia,Tunis,Ariana,High,No disability,Men,GBV_services_access,59.02621809056683,%,Administrative_Health_Reports,ok
2024,Tunisia,Tunis,Ariana,High,No disability,Men,Employment_rate,56.15544100065064,%,Community_GBV_Monitoring,ok
2024,Tunisia,Tunis,Ariana,High,No disability,Men,Decision_making_participation,61.69179832030789,%,Administrative_Health_Reports,ok
2024,Tunisia,Tunis,Ariana,High,With disability,Women,School_enrollment,,%,Household_Survey,missing_value
2024,Tunisia,Tunis,Ariana,High,With disability,Women,Health_services_access,33.307861951480675,%,Civic_Participation_Records,ok
2024,Tunisia,Tunis,Ariana,High,With disability,Women,GBV_services_access,,%,Household_Survey,missing_value
2024,Tunisia,Tunis,Ariana,High,With disability,Women,Employment_rate,35.402845634361285,%,Labour_Force_Survey,ok
2024,Tunisia,Tunis,Ariana,High,With disability,Women,Decision_making_participation,,%,Household_Survey,missing_value
2024,Tunisia,Tunis,Ariana,High,With disability,Men,School_enrollment,36.13008530543836,%,Household_Survey,ok
2024,Tunisia,Tunis,Ariana,High,With disability,Men,Health_services_access,33.68156026870381,%,Labour_Force_Survey,ok
2024,Tunisia,Tunis,Ariana,High,With disability,Men,GBV_services_access,37.75168309986753,%,Household_Survey,ok
2024,Tunisia,Tunis,Ariana,High,With disability,Men,Employment_rate,,%,Civic_Participation_Records,missing_value
2024,Tunisia,Tunis,Ariana,High,With disability,Men,Decision_making_participation,38.7205124900946,%,Household_Survey,ok
2020,Tunisia,Tunis,La Marsa,Low,No disability,Women,School_enrollment,31.679760989033024,%,Community_GBV_Monitoring,ok
2020,Tunisia,Tunis,La Marsa,Low,No disability,Women,Health_services_access,32.33546710951506,%,Household_Survey,ok
2020,Tunisia,Tunis,La Marsa,Low,No disability,Women,GBV_services_access,32.38761914252197,%,Administrative_Health_Reports,ok
2020,Tunisia,Tunis,La Marsa,Low,No disability,Women,Employment_rate,28.27825301936583,%,Labour_Force_Survey,ok
2020,Tunisia,Tunis,La Marsa,Low,No disability,Women,Decision_making_participation,29.85586961739793,%,Administrative_Health_Reports,ok
2020,Tunisia,Tunis,La Marsa,Low,No disability,Men,School_enrollment,,%,Community_GBV_Monitoring,missing_value
2020,Tunisia,Tunis,La Marsa,Low,No disability,Men,Health_services_access,,%,Community_GBV_Monitoring,missing_value
2020,Tunisia,Tunis,La Marsa,Low,No disability,Men,GBV_services_access,35.35754855156116,%,Administrative_Health_Reports,ok
2020,Tunisia,Tunis,La Marsa,Low,No disability,Men,Employment_rate,30.48210714666928,%,Civic_Participation_Records,ok
2020,Tunisia,Tunis,La Marsa,Low,No disability,Men,Decision_making_participation,35.51454196385913,%,Labour_Force_Survey,ok
2020,Tunisia,Tunis,La Marsa,Low,With disability,Women,School_enrollment,13.69390370068007,%,Labour_Force_Survey,ok
2020,Tunisia,Tunis,La Marsa,Low,With disability,Women,Health_services_access,10.574307748789236,%,Labour_Force_Survey,ok
2020,Tunisia,Tunis,La Marsa,Low,With disability,Women,GBV_services_access,,%,Labour_Force_Survey,missing_value
2020,Tunisia,Tunis,La Marsa,Low,With disability,Women,Employment_rate,11.072056187260857,%,Household_Survey,ok
2020,Tunisia,Tunis,La Marsa,Low,With disability,Women,Decision_making_participation,15.134840958606304,%,Community_GBV_Monitoring,ok
2020,Tunisia,Tunis,La Marsa,Low,With disability,Men,School_enrollment,20.870957630256104,%,Community_GBV_Monitoring,ok
2020,Tunisia,Tunis,La Marsa,Low,With disability,Men,Health_services_access,12.589885823320225,%,Labour_Force_Survey,ok
2020,Tunisia,Tunis,La Marsa,Low,With disability,Men,GBV_services_access,9.455441521744486,%,Household_Survey,ok
2020,Tunisia,Tunis,La Marsa,Low,With disability,Men,Employment_rate,11.977954572125062,%,Household_Survey,ok
2020,Tunisia,Tunis,La Marsa,Low,With disability,Men,Decision_making_participation,,%,Labour_Force_Survey,missing_value
2020,Tunisia,Tunis,La Marsa,Middle,No disability,Women,School_enrollment,44.32507533064106,%,Household_Survey,ok
2020,Tunisia,Tunis,La Marsa,Middle,No disability,Women,Health_services_access,,%,Civic_Participation_Records,missing_value
2020,Tunisia,Tunis,La Marsa,Middle,No disability,Women,GBV_services_access,51.822264279328714,%,Civic_Participation_Records,ok
2020,Tunisia,Tunis,La Marsa,Middle,No disability,Women,Employment_rate,43.293127905474236,%,Household_Survey,ok
2020,Tunisia,Tunis,La Marsa,Middle,No disability,Women,Decision_making_participation,47.46925849726713,%,Community_GBV_Monitoring,ok
2020,Tunisia,Tunis,La Marsa,Middle,No disability,Men,School_enrollment,55.34825133912055,%,Household_Survey,ok
2020,Tunisia,Tunis,La Marsa,Middle,No disability,Men,Health_services_access,53.683118427299284,%,Administrative_Health_Reports,ok
2020,Tunisia,Tunis,La Marsa,Middle,No disability,Men,GBV_services_access,52.27415536286182,%,Civic_Participation_Records,ok
2020,Tunisia,Tunis,La Marsa,Middle,No disability,Men,Employment_rate,52.50006296531026,%,Labour_Force_Survey,ok
2020,Tunisia,Tunis,La Marsa,Middle,No disability,Men,Decision_making_participation,50.722023451983425,%,Labour_Force_Survey,ok
2020,Tunisia,Tunis,La Marsa,Middle,With disability,Women,School_enrollment,30.499986758556666,%,Labour_Force_Survey,ok
2020,Tunisia,Tunis,La Marsa,Middle,With disability,Women,Health_services_access,27.006360545699078,%,Community_GBV_Monitoring,ok
2020,Tunisia,Tunis,La Marsa,Middle,With disability,Women,GBV_services_access,27.44216734372998,%,Community_GBV_Monitoring,ok
2020,Tunisia,Tunis,La Marsa,Middle,With disability,Women,Employment_rate,28.02301533056746,%,Civic_Participation_Records,ok
2020,Tunisia,Tunis,La Marsa,Middle,With disability,Women,Decision_making_participation,24.6066573630509,%,Civic_Participation_Records,ok
2020,Tunisia,Tunis,La Marsa,Middle,With disability,Men,School_enrollment,29.80768807622501,%,Civic_Participation_Records,ok
2020,Tunisia,Tunis,La Marsa,Middle,With disability,Men,Health_services_access,32.51675648498607,%,Community_GBV_Monitoring,ok
2020,Tunisia,Tunis,La Marsa,Middle,With disability,Men,GBV_services_access,25.28514491844131,%,Household_Survey,ok
2020,Tunisia,Tunis,La Marsa,Middle,With disability,Men,Employment_rate,,%,Civic_Participation_Records,missing_value
2020,Tunisia,Tunis,La Marsa,Middle,With disability,Men,Decision_making_participation,32.82707707975004,%,Administrative_Health_Reports,ok
2020,Tunisia,Tunis,La Marsa,High,No disability,Women,School_enrollment,50.440417298008846,%,Community_GBV_Monitoring,ok
2020,Tunisia,Tunis,La Marsa,High,No disability,Women,Health_services_access,49.2291875040965,%,Civic_Participation_Records,ok
2020,Tunisia,Tunis,La Marsa,High,No disability,Women,GBV_services_access,53.41312137258678,%,Administrative_Health_Reports,ok
2020,Tunisia,Tunis,La Marsa,High,No disability,Women,Employment_rate,51.789786547354915,%,Community_GBV_Monitoring,ok
2020,Tunisia,Tunis,La Marsa,High,No disability,Women,Decision_making_participation,52.33737881359552,%,Household_Survey,ok
2020,Tunisia,Tunis,La Marsa,High,No disability,Men,School_enrollment,57.597308370954686,%,Civic_Participation_Records,ok
2020,Tunisia,Tunis,La Marsa,High,No disability,Men,Health_services_access,55.008220526727484,%,Administrative_Health_Reports,ok
2020,Tunisia,Tunis,La Marsa,High,No disability,Men,GBV_services_access,58.66859507644452,%,Administrative_Health_Reports,ok
2020,Tunisia,Tunis,La Marsa,High,No disability,Men,Employment_rate,59.39907520435597,%,Civic_Participation_Records,ok
2020,Tunisia,Tunis,La Marsa,High,No disability,Men,Decision_making_participation,56.369007433951545,%,Civic_Participation_Records,ok
2020,Tunisia,Tunis,La Marsa,High,With disability,Women,School_enrollment,33.85666391529523,%,Labour_Force_Survey,ok
2020,Tunisia,Tunis,La Marsa,High,With disability,Women,Health_services_access,,%,Household_Survey,missing_value
2020,Tunisia,Tunis,La Marsa,High,With disability,Women,GBV_services_access,,%,Administrative_Health_Reports,missing_value
2020,Tunisia,Tunis,La Marsa,High,With disability,Women,Employment_rate,32.72378492960254,%,Civic_Participation_Records,ok
2020,Tunisia,Tunis,La Marsa,High,With disability,Women,Decision_making_participation,,%,Community_GBV_Monitoring,missing_value
2020,Tunisia,Tunis,La Marsa,High,With disability,Men,School_enrollment,34.09635017516651,%,Labour_Force_Survey,ok
2020,Tunisia,Tunis,La Marsa,High,With disability,Men,Health_services_access,34.0440494417374,%,Community_GBV_Monitoring,ok
2020,Tunisia,Tunis,La Marsa,High,With disability,Men,GBV_services_access,,%,Community_GBV_Monitoring,missing_value
2020,Tunisia,Tunis,La Marsa,High,With disability,Men,Employment_rate,38.475163844714544,%,Community_GBV_Monitoring,ok
2020,Tunisia,Tunis,La Marsa,High,With disability,Men,Decision_making_participation,,%,Civic_Participation_Records,missing_value
2021,Tunisia,Tunis,La Marsa,Low,No disability,Women,School_enrollment,31.927353883119704,%,Household_Survey,ok
2021,Tunisia,Tunis,La Marsa,Low,No disability,Women,Health_services_access,29.423953883047986,%,Household_Survey,ok
2021,Tunisia,Tunis,La Marsa,Low,No disability,Women,GBV_services_access,32.493660876787295,%,Community_GBV_Monitoring,ok
2021,Tunisia,Tunis,La Marsa,Low,No disability,Women,Employment_rate,25.2201556304502,%,Labour_Force_Survey,ok
2021,Tunisia,Tunis,La Marsa,Low,No disability,Women,Decision_making_participation,32.74969069449401,%,Community_GBV_Monitoring,ok
2021,Tunisia,Tunis,La Marsa,Low,No disability,Men,School_enrollment,37.217939670085144,%,Civic_Participation_Records,ok
2021,Tunisia,Tunis,La Marsa,Low,No disability,Men,Health_services_access,34.64057545002892,%,Labour_Force_Survey,ok
2021,Tunisia,Tunis,La Marsa,Low,No disability,Men,GBV_services_access,29.43503968207575,%,Civic_Participation_Records,ok
2021,Tunisia,Tunis,La Marsa,Low,No disability,Men,Employment_rate,31.3783119778061,%,Community_GBV_Monitoring,ok
2021,Tunisia,Tunis,La Marsa,Low,No disability,Men,Decision_making_participation,38.39499779391356,%,Labour_Force_Survey,ok
2021,Tunisia,Tunis,La Marsa,Low,With disability,Women,School_enrollment,12.938769597620016,%,Administrative_Health_Reports,ok
2021,Tunisia,Tunis,La Marsa,Low,With disability,Women,Health_services_access,8.450553194838907,%,Administrative_Health_Reports,ok
2021,Tunisia,Tunis,La Marsa,Low,With disability,Women,GBV_services_access,,%,Household_Survey,missing_value
2021,Tunisia,Tunis,La Marsa,Low,With disability,Women,Employment_rate,12.720485241559663,%,Labour_Force_Survey,ok
2021,Tunisia,Tunis,La Marsa,Low,With disability,Women,Decision_making_participation,14.400715706374598,%,Labour_Force_Survey,ok
2021,Tunisia,Tunis,La Marsa,Low,With disability,Men,School_enrollment,17.798970192983187,%,Administrative_Health_Reports,ok
2021,Tunisia,Tunis,La Marsa,Low,With disability,Men,Health_services_access,12.542771772181855,%,Community_GBV_Monitoring,ok
2021,Tunisia,Tunis,La Marsa,Low,With disability,Men,GBV_services_access,13.341693621578749,%,Household_Survey,ok
2021,Tunisia,Tunis,La Marsa,Low,With disability,Men,Employment_rate,13.22212079349567,%,Administrative_Health_Reports,ok
2021,Tunisia,Tunis,La Marsa,Low,With disability,Men,Decision_making_participation,18.98775582380431,%,Household_Survey,ok
2021,Tunisia,Tunis,La Marsa,Middle,No disability,Women,School_enrollment,43.719539649389716,%,Administrative_Health_Reports,ok
2021,Tunisia,Tunis,La Marsa,Middle,No disability,Women,Health_services_access,46.49018251854556,%,Household_Survey,ok
2021,Tunisia,Tunis,La Marsa,Middle,No disability,Women,GBV_services_access,52.52053733619738,%,Labour_Force_Survey,ok
2021,Tunisia,Tunis,La Marsa,Middle,No disability,Women,Employment_rate,47.11038462267872,%,Community_GBV_Monitoring,ok
2021,Tunisia,Tunis,La Marsa,Middle,No disability,Women,Decision_making_participation,48.352806748121,%,Community_GBV_Monitoring,ok
2021,Tunisia,Tunis,La Marsa,Middle,No disability,Men,School_enrollment,51.6374905613223,%,Civic_Participation_Records,ok
2021,Tunisia,Tunis,La Marsa,Middle,No disability,Men,Health_services_access,53.16676079613096,%,Labour_Force_Survey,ok
2021,Tunisia,Tunis,La Marsa,Middle,No disability,Men,GBV_services_access,51.30384674288796,%,Civic_Participation_Records,ok
2021,Tunisia,Tunis,La Marsa,Middle,No disability,Men,Employment_rate,50.5597390887644,%,Labour_Force_Survey,ok
2021,Tunisia,Tunis,La Marsa,Middle,No disability,Men,Decision_making_participation,45.689640549136996,%,Household_Survey,ok
2021,Tunisia,Tunis,La Marsa,Middle,With disability,Women,School_enrollment,28.601130917450387,%,Labour_Force_Survey,ok
2021,Tunisia,Tunis,La Marsa,Middle,With disability,Women,Health_services_access,25.850273185222044,%,Community_GBV_Monitoring,ok
2021,Tunisia,Tunis,La Marsa,Middle,With disability,Women,GBV_services_access,,%,Administrative_Health_Reports,missing_value
2021,Tunisia,Tunis,La Marsa,Middle,With disability,Women,Employment_rate,31.38420592080397,%,Household_Survey,ok
2021,Tunisia,Tunis,La Marsa,Middle,With disability,Women,Decision_making_participation,26.91290509796098,%,Community_GBV_Monitoring,ok
2021,Tunisia,Tunis,La Marsa,Middle,With disability,Men,School_enrollment,34.71272958001549,%,Administrative_Health_Reports,ok
2021,Tunisia,Tunis,La Marsa,Middle,With disability,Men,Health_services_access,29.73539077156061,%,Civic_Participation_Records,ok
2021,Tunisia,Tunis,La Marsa,Middle,With disability,Men,GBV_services_access,27.858853496601164,%,Civic_Participation_Records,ok
2021,Tunisia,Tunis,La Marsa,Middle,With disability,Men,Employment_rate,30.142036735184824,%,Civic_Participation_Records,ok
2021,Tunisia,Tunis,La Marsa,Middle,With disability,Men,Decision_making_participation,34.71415374215845,%,Household_Survey,ok
2021,Tunisia,Tunis,La Marsa,High,No disability,Women,School_enrollment,57.027501437178096,%,Household_Survey,ok
2021,Tunisia,Tunis,La Marsa,High,No disability,Women,Health_services_access,55.93956747045049,%,Administrative_Health_Reports,ok
2021,Tunisia,Tunis,La Marsa,High,No disability,Women,GBV_services_access,52.45631089357145,%,Labour_Force_Survey,ok
2021,Tunisia,Tunis,La Marsa,High,No disability,Women,Employment_rate,,%,Community_GBV_Monitoring,missing_value
2021,Tunisia,Tunis,La Marsa,High,No disability,Women,Decision_making_participation,53.15655444730626,%,Community_GBV_Monitoring,ok
2021,Tunisia,Tunis,La Marsa,High,No disability,Men,School_enrollment,58.99602020261169,%,Administrative_Health_Reports,ok
2021,Tunisia,Tunis,La Marsa,High,No disability,Men,Health_services_access,57.467096327664244,%,Community_GBV_Monitoring,ok
2021,Tunisia,Tunis,La Marsa,High,No disability,Men,GBV_services_access,57.020350172666994,%,Community_GBV_Monitoring,ok
2021,Tunisia,Tunis,La Marsa,High,No disability,Men,Employment_rate,62.714973405209385,%,Labour_Force_Survey,ok
2021,Tunisia,Tunis,La Marsa,High,No disability,Men,Decision_making_participation,57.33956476765482,%,Household_Survey,ok
2021,Tunisia,Tunis,La Marsa,High,With disability,Women,School_enrollment,29.972603346290644,%,Administrative_Health_Reports,ok
2021,Tunisia,Tunis,La Marsa,High,With disability,Women,Health_services_access,33.95662913682707,%,Community_GBV_Monitoring,ok
2021,Tunisia,Tunis,La Marsa,High,With disability,Women,GBV_services_access,22.99334711039177,%,Labour_Force_Survey,ok
2021,Tunisia,Tunis,La Marsa,High,With disability,Women,Employment_rate,,%,Administrative_Health_Reports,missing_value
2021,Tunisia,Tunis,La Marsa,High,With disability,Women,Decision_making_participation,32.97634293683084,%,Labour_Force_Survey,ok
2021,Tunisia,Tunis,La Marsa,High,With disability,Men,School_enrollment,39.17153812987785,%,Administrative_Health_Reports,ok
2021,Tunisia,Tunis,La Marsa,High,With disability,Men,Health_services_access,33.56194260536873,%,Community_GBV_Monitoring,ok
2021,Tunisia,Tunis,La Marsa,High,With disability,Men,GBV_services_access,36.23319075516081,%,Community_GBV_Monitoring,ok
2021,Tunisia,Tunis,La Marsa,High,With disability,Men,Employment_rate,,%,Community_GBV_Monitoring,missing_value
2021,Tunisia,Tunis,La Marsa,High,With disability,Men,Decision_making_participation,34.71155980477949,%,Household_Survey,ok
2022,Tunisia,Tunis,La Marsa,Low,No disability,Women,School_enrollment,,%,Civic_Participation_Records,missing_value
2022,Tunisia,Tunis,La Marsa,Low,No disability,Women,Health_services_access,26.461062486887467,%,Administrative_Health_Reports,ok
2022,Tunisia,Tunis,La Marsa,Low,No disability,Women,GBV_services_access,31.63209753654544,%,Labour_Force_Survey,ok
2022,Tunisia,Tunis,La Marsa,Low,No disability,Women,Employment_rate,27.38920306863134,%,Civic_Participation_Records,ok
2022,Tunisia,Tunis,La Marsa,Low,No disability,Women,Decision_making_participation,34.42679602570581,%,Community_GBV_Monitoring,ok
2022,Tunisia,Tunis,La Marsa,Low,No disability,Men,School_enrollment,39.120182969426544,%,Administrative_Health_Reports,ok
2022,Tunisia,Tunis,La Marsa,Low,No disability,Men,Health_services_access,33.89449553327716,%,Community_GBV_Monitoring,ok
2022,Tunisia,Tunis,La Marsa,Low,No disability,Men,GBV_services_access,34.39950210465642,%,Household_Survey,ok
2022,Tunisia,Tunis,La Marsa,Low,No disability,Men,Employment_rate,29.265611974380658,%,Administrative_Health_Reports,ok
2022,Tunisia,Tunis,La Marsa,Low,No disability,Men,Decision_making_participation,38.750309845045614,%,Administrative_Health_Reports,ok
2022,Tunisia,Tunis,La Marsa,Low,With disability,Women,School_enrollment,11.38485014904172,%,Civic_Participation_Records,ok
2022,Tunisia,Tunis,La Marsa,Low,With disability,Women,Health_services_access,10.305394131810093,%,Civic_Participation_Records,ok
2022,Tunisia,Tunis,La Marsa,Low,With disability,Women,GBV_services_access,9.752881509608224,%,Civic_Participation_Records,ok
2022,Tunisia,Tunis,La Marsa,Low,With disability,Women,Employment_rate,,%,Civic_Participation_Records,missing_value
2022,Tunisia,Tunis,La Marsa,Low,With disability,Women,Decision_making_participation,16.57094358010361,%,Community_GBV_Monitoring,ok
2022,Tunisia,Tunis,La Marsa,Low,With disability,Men,School_enrollment,14.590886344939344,%,Administrative_Health_Reports,ok
2022,Tunisia,Tunis,La Marsa,Low,With disability,Men,Health_services_access,11.52876371594073,%,Administrative_Health_Reports,ok
2022,Tunisia,Tunis,La Marsa,Low,With disability,Men,GBV_services_access,13.376776310769541,%,Household_Survey,ok
2022,Tunisia,Tunis,La Marsa,Low,With disability,Men,Employment_rate,9.856091016302155,%,Household_Survey,ok
2022,Tunisia,Tunis,La Marsa,Low,With disability,Men,Decision_making_participation,20.10777272846934,%,Administrative_Health_Reports,ok
2022,Tunisia,Tunis,La Marsa,Middle,No disability,Women,School_enrollment,44.16824437801056,%,Household_Survey,ok
2022,Tunisia,Tunis,La Marsa,Middle,No disability,Women,Health_services_access,48.07925838743197,%,Community_GBV_Monitoring,ok
2022,Tunisia,Tunis,La Marsa,Middle,No disability,Women,GBV_services_access,49.434918892621354,%,Labour_Force_Survey,ok
2022,Tunisia,Tunis,La Marsa,Middle,No disability,Women,Employment_rate,44.69564299316256,%,Civic_Participation_Records,ok
2022,Tunisia,Tunis,La Marsa,Middle,No disability,Women,Decision_making_participation,45.75234368175397,%,Administrative_Health_Reports,ok
2022,Tunisia,Tunis,La Marsa,Middle,No disability,Men,School_enrollment,52.21038869256213,%,Administrative_Health_Reports,ok
2022,Tunisia,Tunis,La Marsa,Middle,No disability,Men,Health_services_access,52.919347953654736,%,Civic_Participation_Records,ok
2022,Tunisia,Tunis,La Marsa,Middle,No disability,Men,GBV_services_access,51.70144495826122,%,Community_GBV_Monitoring,ok
2022,Tunisia,Tunis,La Marsa,Middle,No disability,Men,Employment_rate,49.533435547948976,%,Administrative_Health_Reports,ok
2022,Tunisia,Tunis,La Marsa,Middle,No disability,Men,Decision_making_participation,,%,Community_GBV_Monitoring,missing_value
2022,Tunisia,Tunis,La Marsa,Middle,With disability,Women,School_enrollment,27.123592010519765,%,Labour_Force_Survey,ok
2022,Tunisia,Tunis,La Marsa,Middle,With disability,Women,Health_services_access,25.473418867717605,%,Civic_Participation_Records,ok
2022,Tunisia,Tunis,La Marsa,Middle,With disability,Women,GBV_services_access,25.012293431443368,%,Community_GBV_Monitoring,ok
2022,Tunisia,Tunis,La Marsa,Middle,With disability,Women,Employment_rate,27.692167350705933,%,Community_GBV_Monitoring,ok
2022,Tunisia,Tunis,La Marsa,Middle,With disability,Women,Decision_making_participation,28.018431443279432,%,Civic_Participation_Records,ok
2022,Tunisia,Tunis,La Marsa,Middle,With disability,Men,School_enrollment,,%,Civic_Participation_Records,missing_value
2022,Tunisia,Tunis,La Marsa,Middle,With disability,Men,Health_services_access,32.38992887200563,%,Household_Survey,ok
2022,Tunisia,Tunis,La Marsa,Middle,With disability,Men,GBV_services_access,31.113935350480883,%,Administrative_Health_Reports,ok
2022,Tunisia,Tunis,La Marsa,Middle,With disability,Men,Employment_rate,34.250397963042175,%,Household_Survey,ok
2022,Tunisia,Tunis,La Marsa,Middle,With disability,Men,Decision_making_participation,30.52570474095383,%,Community_GBV_Monitoring,ok
2022,Tunisia,Tunis,La Marsa,High,No disability,Women,School_enrollment,45.649668134645765,%,Household_Survey,ok
2022,Tunisia,Tunis,La Marsa,High,No disability,Women,Health_services_access,56.588769951203496,%,Community_GBV_Monitoring,ok
2022,Tunisia,Tunis,La Marsa,High,No disability,Women,GBV_services_access,54.65456145575646,%,Labour_Force_Survey,ok
2022,Tunisia,Tunis,La Marsa,High,No disability,Women,Employment_rate,53.04459145075744,%,Community_GBV_Monitoring,ok
2022,Tunisia,Tunis,La Marsa,High,No disability,Women,Decision_making_participation,52.60829244238657,%,Community_GBV_Monitoring,ok
2022,Tunisia,Tunis,La Marsa,High,No disability,Men,School_enrollment,59.72330194806956,%,Administrative_Health_Reports,ok
2022,Tunisia,Tunis,La Marsa,High,No disability,Men,Health_services_access,55.06179896073854,%,Civic_Participation_Records,ok
2022,Tunisia,Tunis,La Marsa,High,No disability,Men,GBV_services_access,58.36960725438592,%,Administrative_Health_Reports,ok
2022,Tunisia,Tunis,La Marsa,High,No disability,Men,Employment_rate,56.45918214919996,%,Labour_Force_Survey,ok
2022,Tunisia,Tunis,La Marsa,High,No disability,Men,Decision_making_participation,59.33044561918087,%,Household_Survey,ok
2022,Tunisia,Tunis,La Marsa,High,With disability,Women,School_enrollment,33.722400357632,%,Administrative_Health_Reports,ok
2022,Tunisia,Tunis,La Marsa,High,With disability,Women,Health_services_access,29.66632123891005,%,Civic_Participation_Records,ok
2022,Tunisia,Tunis,La Marsa,High,With disability,Women,GBV_services_access,30.64823356676477,%,Community_GBV_Monitoring,ok
2022,Tunisia,Tunis,La Marsa,High,With disability,Women,Employment_rate,30.568886207077924,%,Civic_Participation_Records,ok
2022,Tunisia,Tunis,La Marsa,High,With disability,Women,Decision_making_participation,31.054645572308015,%,Household_Survey,ok
2022,Tunisia,Tunis,La Marsa,High,With disability,Men,School_enrollment,39.2193992202845,%,Administrative_Health_Reports,ok
2022,Tunisia,Tunis,La Marsa,High,With disability,Men,Health_services_access,34.54735895713293,%,Civic_Participation_Records,ok
2022,Tunisia,Tunis,La Marsa,High,With disability,Men,GBV_services_access,35.815561850474126,%,Household_Survey,ok
2022,Tunisia,Tunis,La Marsa,High,With disability,Men,Employment_rate,37.00311618252966,%,Household_Survey,ok
2022,Tunisia,Tunis,La Marsa,High,With disability,Men,Decision_making_participation,38.18742494122817,%,Labour_Force_Survey,ok
2023,Tunisia,Tunis,La Marsa,Low,No disability,Women,School_enrollment,,%,Community_GBV_Monitoring,missing_value
2023,Tunisia,Tunis,La Marsa,Low,No disability,Women,Health_services_access,31.294722029023625,%,Labour_Force_Survey,ok
2023,Tunisia,Tunis,La Marsa,Low,No disability,Women,GBV_services_access,,%,Household_Survey,missing_value
2023,Tunisia,Tunis,La Marsa,Low,No disability,Women,Employment_rate,28.94536832079846,%,Administrative_Health_Reports,ok
2023,Tunisia,Tunis,La Marsa,Low,No disability,Women,Decision_making_participation,,%,Civic_Participation_Records,missing_value
2023,Tunisia,Tunis,La Marsa,Low,No disability,Men,School_enrollment,34.497648799200604,%,Labour_Force_Survey,ok
2023,Tunisia,Tunis,La Marsa,Low,No disability,Men,Health_services_access,31.828425467195878,%,Administrative_Health_Reports,ok
2023,Tunisia,Tunis,La Marsa,Low,No disability,Men,GBV_services_access,33.70038273613383,%,Community_GBV_Monitoring,ok
2023,Tunisia,Tunis,La Marsa,Low,No disability,Men,Employment_rate,29.609694836249876,%,Community_GBV_Monitoring,ok
2023,Tunisia,Tunis,La Marsa,Low,No disability,Men,Decision_making_participation,37.81362103555273,%,Administrative_Health_Reports,ok
2023,Tunisia,Tunis,La Marsa,Low,With disability,Women,School_enrollment,16.164049194871435,%,Administrative_Health_Reports,ok
2023,Tunisia,Tunis,La Marsa,Low,With disability,Women,Health_services_access,6.759217868375799,%,Administrative_Health_Reports,ok
2023,Tunisia,Tunis,La Marsa,Low,With disability,Women,GBV_services_access,4.62380294803962,%,Household_Survey,ok
2023,Tunisia,Tunis,La Marsa,Low,With disability,Women,Employment_rate,12.865012761532613,%,Administrative_Health_Reports,ok
2023,Tunisia,Tunis,La Marsa,Low,With disability,Women,Decision_making_participation,13.29801595229862,%,Household_Survey,ok
2023,Tunisia,Tunis,La Marsa,Low,With disability,Men,School_enrollment,19.076548139803947,%,Civic_Participation_Records,ok
2023,Tunisia,Tunis,La Marsa,Low,With disability,Men,Health_services_access,16.019410313761004,%,Administrative_Health_Reports,ok
2023,Tunisia,Tunis,La Marsa,Low,With disability,Men,GBV_services_access,13.653274188402424,%,Administrative_Health_Reports,ok
2023,Tunisia,Tunis,La Marsa,Low,With disability,Men,Employment_rate,18.349754705431604,%,Civic_Participation_Records,ok
2023,Tunisia,Tunis,La Marsa,Low,With disability,Men,Decision_making_participation,,%,Administrative_Health_Reports,missing_value
2023,Tunisia,Tunis,La Marsa,Middle,No disability,Women,School_enrollment,46.926554153359255,%,Labour_Force_Survey,ok
2023,Tunisia,Tunis,La Marsa,Middle,No disability,Women,Health_services_access,42.31554265980493,%,Civic_Participation_Records,ok
2023,Tunisia,Tunis,La Marsa,Middle,No disability,Women,GBV_services_access,46.10817902997025,%,Community_GBV_Monitoring,ok
2023,Tunisia,Tunis,La Marsa,Middle,No disability,Women,Employment_rate,47.7959728219389,%,Administrative_Health_Reports,ok
2023,Tunisia,Tunis,La Marsa,Middle,No disability,Women,Decision_making_participation,48.50752652127929,%,Labour_Force_Survey,ok
2023,Tunisia,Tunis,La Marsa,Middle,No disability,Men,School_enrollment,56.43569438207115,%,Civic_Participation_Records,ok
2023,Tunisia,Tunis,La Marsa,Middle,No disability,Men,Health_services_access,50.959723011498696,%,Household_Survey,ok
2023,Tunisia,Tunis,La Marsa,Middle,No disability,Men,GBV_services_access,53.02323679403982,%,Household_Survey,ok
2023,Tunisia,Tunis,La Marsa,Middle,No disability,Men,Employment_rate,53.383718617931805,%,Civic_Participation_Records,ok
2023,Tunisia,Tunis,La Marsa,Middle,No disability,Men,Decision_making_participation,52.263686885137446,%,Community_GBV_Monitoring,ok
2023,Tunisia,Tunis,La Marsa,Middle,With disability,Women,School_enrollment,26.158880937205424,%,Labour_Force_Survey,ok
2023,Tunisia,Tunis,La Marsa,Middle,With disability,Women,Health_services_access,24.744729500194243,%,Community_GBV_Monitoring,ok
2023,Tunisia,Tunis,La Marsa,Middle,With disability,Women,GBV_services_access,22.782039518667666,%,Household_Survey,ok
2023,Tunisia,Tunis,La Marsa,Middle,With disability,Women,Employment_rate,31.9837179243112,%,Labour_Force_Survey,ok
2023,Tunisia,Tunis,La Marsa,Middle,With disability,Women,Decision_making_participation,30.129516542180887,%,Community_GBV_Monitoring,ok
2023,Tunisia,Tunis,La Marsa,Middle,With disability,Men,School_enrollment,31.681742654868735,%,Labour_Force_Survey,ok
2023,Tunisia,Tunis,La Marsa,Middle,With disability,Men,Health_services_access,25.906276980831002,%,Community_GBV_Monitoring,ok
2023,Tunisia,Tunis,La Marsa,Middle,With disability,Men,GBV_services_access,32.03452897613293,%,Labour_Force_Survey,ok
2023,Tunisia,Tunis,La Marsa,Middle,With disability,Men,Employment_rate,38.047016551023255,%,Household_Survey,ok
2023,Tunisia,Tunis,La Marsa,Middle,With disability,Men,Decision_making_participation,35.012949556132284,%,Labour_Force_Survey,ok
2023,Tunisia,Tunis,La Marsa,High,No disability,Women,School_enrollment,54.24438756419909,%,Administrative_Health_Reports,ok
2023,Tunisia,Tunis,La Marsa,High,No disability,Women,Health_services_access,53.61978211251352,%,Administrative_Health_Reports,ok
2023,Tunisia,Tunis,La Marsa,High,No disability,Women,GBV_services_access,55.806630384660245,%,Labour_Force_Survey,ok
2023,Tunisia,Tunis,La Marsa,High,No disability,Women,Employment_rate,51.216677281717146,%,Administrative_Health_Reports,ok
2023,Tunisia,Tunis,La Marsa,High,No disability,Women,Decision_making_participation,57.97639026207711,%,Labour_Force_Survey,ok
2023,Tunisia,Tunis,La Marsa,High,No disability,Men,School_enrollment,53.35566519904605,%,Community_GBV_Monitoring,ok
2023,Tunisia,Tunis,La Marsa,High,No disability,Men,Health_services_access,51.28248571431918,%,Administrative_Health_Reports,ok
2023,Tunisia,Tunis,La Marsa,High,No disability,Men,GBV_services_access,59.46076809688761,%,Household_Survey,ok
2023,Tunisia,Tunis,La Marsa,High,No disability,Men,Employment_rate,59.91345979706815,%,Civic_Participation_Records,ok
2023,Tunisia,Tunis,La Marsa,High,No disability,Men,Decision_making_participation,61.68368088891815,%,Community_GBV_Monitoring,ok
2023,Tunisia,Tunis,La Marsa,High,With disability,Women,School_enrollment,31.311807120908224,%,Household_Survey,ok
2023,Tunisia,Tunis,La Marsa,High,With disability,Women,Health_services_access,34.01312098611033,%,Labour_Force_Survey,ok
2023,Tunisia,Tunis,La Marsa,High,With disability,Women,GBV_services_access,29.21382224013615,%,Community_GBV_Monitoring,ok
2023,Tunisia,Tunis,La Marsa,High,With disability,Women,Employment_rate,36.802080155854306,%,Civic_Participation_Records,ok
2023,Tunisia,Tunis,La Marsa,High,With disability,Women,Decision_making_participation,30.85424076931417,%,Community_GBV_Monitoring,ok
2023,Tunisia,Tunis,La Marsa,High,With disability,Men,School_enrollment,37.070203184147815,%,Community_GBV_Monitoring,ok
2023,Tunisia,Tunis,La Marsa,High,With disability,Men,Health_services_access,41.41854792763612,%,Labour_Force_Survey,ok
2023,Tunisia,Tunis,La Marsa,High,With disability,Men,GBV_services_access,31.228460545744518,%,Labour_Force_Survey,ok
2023,Tunisia,Tunis,La Marsa,High,With disability,Men,Employment_rate,41.80813079988816,%,Administrative_Health_Reports,ok
2023,Tunisia,Tunis,La Marsa,High,With disability,Men,Decision_making_participation,41.25566716412821,%,Civic_Participation_Records,ok
2024,Tunisia,Tunis,La Marsa,Low,No disability,Women,School_enrollment,33.689743964630956,%,Community_GBV_Monitoring,ok
2024,Tunisia,Tunis,La Marsa,Low,No disability,Women,Health_services_access,,%,Labour_Force_Survey,missing_value
2024,Tunisia,Tunis,La Marsa,Low,No disability,Women,GBV_services_access,35.75650614481452,%,Civic_Participation_Records,ok
2024,Tunisia,Tunis,La Marsa,Low,No disability,Women,Employment_rate,30.40500633426461,%,Administrative_Health_Reports,ok
2024,Tunisia,Tunis,La Marsa,Low,No disability,Women,Decision_making_participation,34.64256550387136,%,Household_Survey,ok
2024,Tunisia,Tunis,La Marsa,Low,No disability,Men,School_enrollment,,%,Civic_Participation_Records,missing_value
2024,Tunisia,Tunis,La Marsa,Low,No disability,Men,Health_services_access,33.380941413964294,%,Administrative_Health_Reports,ok
2024,Tunisia,Tunis,La Marsa,Low,No disability,Men,GBV_services_access,31.682507031462656,%,Civic_Participation_Records,ok
2024,Tunisia,Tunis,La Marsa,Low,No disability,Men,Employment_rate,,%,Community_GBV_Monitoring,missing_value
2024,Tunisia,Tunis,La Marsa,Low,No disability,Men,Decision_making_participation,39.863093387751405,%,Civic_Participation_Records,ok
2024,Tunisia,Tunis,La Marsa,Low,With disability,Women,School_enrollment,16.783149755760967,%,Administrative_Health_Reports,ok
2024,Tunisia,Tunis,La Marsa,Low,With disability,Women,Health_services_access,10.334728180491842,%,Household_Survey,ok
2024,Tunisia,Tunis,La Marsa,Low,With disability,Women,GBV_services_access,11.227662593624636,%,Administrative_Health_Reports,ok
2024,Tunisia,Tunis,La Marsa,Low,With disability,Women,Employment_rate,,%,Household_Survey,missing_value
2024,Tunisia,Tunis,La Marsa,Low,With disability,Women,Decision_making_participation,17.884299873255625,%,Labour_Force_Survey,ok
2024,Tunisia,Tunis,La Marsa,Low,With disability,Men,School_enrollment,,%,Civic_Participation_Records,missing_value
2024,Tunisia,Tunis,La Marsa,Low,With disability,Men,Health_services_access,15.371400822170205,%,Labour_Force_Survey,ok
2024,Tunisia,Tunis,La Marsa,Low,With disability,Men,GBV_services_access,10.422359046765578,%,Civic_Participation_Records,ok
2024,Tunisia,Tunis,La Marsa,Low,With disability,Men,Employment_rate,,%,Labour_Force_Survey,missing_value
2024,Tunisia,Tunis,La Marsa,Low,With disability,Men,Decision_making_participation,19.5294543240866,%,Civic_Participation_Records,ok
2024,Tunisia,Tunis,La Marsa,Middle,No disability,Women,School_enrollment,51.343424823958465,%,Civic_Participation_Records,ok
2024,Tunisia,Tunis,La Marsa,Middle,No disability,Women,Health_services_access,50.59640747203364,%,Civic_Participation_Records,ok
2024,Tunisia,Tunis,La Marsa,Middle,No disability,Women,GBV_services_access,45.54070899786534,%,Administrative_Health_Reports,ok
2024,Tunisia,Tunis,La Marsa,Middle,No disability,Women,Employment_rate,45.52351398418697,%,Administrative_Health_Reports,ok
2024,Tunisia,Tunis,La Marsa,Middle,No disability,Women,Decision_making_participation,45.33006052737812,%,Administrative_Health_Reports,ok
2024,Tunisia,Tunis,La Marsa,Middle,No disability,Men,School_enrollment,57.18611725090599,%,Labour_Force_Survey,ok
2024,Tunisia,Tunis,La Marsa,Middle,No disability,Men,Health_services_access,53.64051138633934,%,Household_Survey,ok
2024,Tunisia,Tunis,La Marsa,Middle,No disability,Men,GBV_services_access,56.99019472065609,%,Civic_Participation_Records,ok
2024,Tunisia,Tunis,La Marsa,Middle,No disability,Men,Employment_rate,53.09518430503227,%,Household_Survey,ok
2024,Tunisia,Tunis,La Marsa,Middle,No disability,Men,Decision_making_participation,51.1983974147636,%,Community_GBV_Monitoring,ok
2024,Tunisia,Tunis,La Marsa,Middle,With disability,Women,School_enrollment,28.283906946528987,%,Labour_Force_Survey,ok
2024,Tunisia,Tunis,La Marsa,Middle,With disability,Women,Health_services_access,27.233131914658507,%,Labour_Force_Survey,ok
2024,Tunisia,Tunis,La Marsa,Middle,With disability,Women,GBV_services_access,24.140149152041612,%,Administrative_Health_Reports,ok
2024,Tunisia,Tunis,La Marsa,Middle,With disability,Women,Employment_rate,29.18871686260792,%,Community_GBV_Monitoring,ok
2024,Tunisia,Tunis,La Marsa,Middle,With disability,Women,Decision_making_participation,29.7521438872046,%,Administrative_Health_Reports,ok
2024,Tunisia,Tunis,La Marsa,Middle,With disability,Men,School_enrollment,29.031160031374682,%,Household_Survey,ok
2024,Tunisia,Tunis,La Marsa,Middle,With disability,Men,Health_services_access,27.50401878532232,%,Household_Survey,ok
2024,Tunisia,Tunis,La Marsa,Middle,With disability,Men,GBV_services_access,27.70620406234262,%,Civic_Participation_Records,ok
2024,Tunisia,Tunis,La Marsa,Middle,With disability,Men,Employment_rate,36.51907023862249,%,Labour_Force_Survey,ok
2024,Tunisia,Tunis,La Marsa,Middle,With disability,Men,Decision_making_participation,,%,Civic_Participation_Records,missing_value
2024,Tunisia,Tunis,La Marsa,High,No disability,Women,School_enrollment,52.57091053208031,%,Community_GBV_Monitoring,ok
2024,Tunisia,Tunis,La Marsa,High,No disability,Women,Health_services_access,52.655870328639125,%,Community_GBV_Monitoring,ok
2024,Tunisia,Tunis,La Marsa,High,No disability,Women,GBV_services_access,55.58662520861987,%,Household_Survey,ok
2024,Tunisia,Tunis,La Marsa,High,No disability,Women,Employment_rate,,%,Administrative_Health_Reports,missing_value
2024,Tunisia,Tunis,La Marsa,High,No disability,Women,Decision_making_participation,52.94873924117632,%,Administrative_Health_Reports,ok
2024,Tunisia,Tunis,La Marsa,High,No disability,Men,School_enrollment,55.78926442210473,%,Community_GBV_Monitoring,ok
2024,Tunisia,Tunis,La Marsa,High,No disability,Men,Health_services_access,56.95767494536193,%,Administrative_Health_Reports,ok
2024,Tunisia,Tunis,La Marsa,High,No disability,Men,GBV_services_access,58.125717754770655,%,Civic_Participation_Records,ok
2024,Tunisia,Tunis,La Marsa,High,No disability,Men,Employment_rate,56.77940146897695,%,Administrative_Health_Reports,ok
2024,Tunisia,Tunis,La Marsa,High,No disability,Men,Decision_making_participation,59.26305920033233,%,Civic_Participation_Records,ok
2024,Tunisia,Tunis,La Marsa,High,With disability,Women,School_enrollment,32.527498758755236,%,Administrative_Health_Reports,ok
2024,Tunisia,Tunis,La Marsa,High,With disability,Women,Health_services_access,,%,Labour_Force_Survey,missing_value
2024,Tunisia,Tunis,La Marsa,High,With disability,Women,GBV_services_access,32.05276178578016,%,Labour_Force_Survey,ok
2024,Tunisia,Tunis,La Marsa,High,With disability,Women,Employment_rate,,%,Labour_Force_Survey,missing_value
2024,Tunisia,Tunis,La Marsa,High,With disability,Women,Decision_making_participation,36.195540521651424,%,Administrative_Health_Reports,ok
2024,Tunisia,Tunis,La Marsa,High,With disability,Men,School_enrollment,,%,Community_GBV_Monitoring,missing_value
2024,Tunisia,Tunis,La Marsa,High,With disability,Men,Health_services_access,37.42632113677534,%,Labour_Force_Survey,ok
2024,Tunisia,Tunis,La Marsa,High,With disability,Men,GBV_services_access,35.49680669595193,%,Civic_Participation_Records,ok
2024,Tunisia,Tunis,La Marsa,High,With disability,Men,Employment_rate,38.27931599389643,%,Household_Survey,ok
2024,Tunisia,Tunis,La Marsa,High,With disability,Men,Decision_making_participation,38.14235992778193,%,Labour_Force_Survey,ok
2020,Tunisia,Sousse,Sousse_North,Low,No disability,Women,School_enrollment,29.848727391498972,%,Community_GBV_Monitoring,ok
2020,Tunisia,Sousse,Sousse_North,Low,No disability,Women,Health_services_access,32.09130676033702,%,Administrative_Health_Reports,ok
2020,Tunisia,Sousse,Sousse_North,Low,No disability,Women,GBV_services_access,29.42196192818601,%,Labour_Force_Survey,ok
2020,Tunisia,Sousse,Sousse_North,Low,No disability,Women,Employment_rate,28.765922401584135,%,Administrative_Health_Reports,ok
2020,Tunisia,Sousse,Sousse_North,Low,No disability,Women,Decision_making_participation,33.37821465906075,%,Administrative_Health_Reports,ok
2020,Tunisia,Sousse,Sousse_North,Low,No disability,Men,School_enrollment,37.149277295981726,%,Administrative_Health_Reports,ok
2020,Tunisia,Sousse,Sousse_North,Low,No disability,Men,Health_services_access,30.18950981573029,%,Civic_Participation_Records,ok
2020,Tunisia,Sousse,Sousse_North,Low,No disability,Men,GBV_services_access,,%,Community_GBV_Monitoring,missing_value
2020,Tunisia,Sousse,Sousse_North,Low,No disability,Men,Employment_rate,29.89040263358779,%,Community_GBV_Monitoring,ok
2020,Tunisia,Sousse,Sousse_North,Low,No disability,Men,Decision_making_participation,41.42276517457843,%,Administrative_Health_Reports,ok
2020,Tunisia,Sousse,Sousse_North,Low,With disability,Women,School_enrollment,,%,Administrative_Health_Reports,missing_value
2020,Tunisia,Sousse,Sousse_North,Low,With disability,Women,Health_services_access,14.024445393064292,%,Administrative_Health_Reports,ok
2020,Tunisia,Sousse,Sousse_North,Low,With disability,Women,GBV_services_access,5.956589826923158,%,Community_GBV_Monitoring,ok
2020,Tunisia,Sousse,Sousse_North,Low,With disability,Women,Employment_rate,6.128506522431924,%,Community_GBV_Monitoring,ok
2020,Tunisia,Sousse,Sousse_North,Low,With disability,Women,Decision_making_participation,,%,Administrative_Health_Reports,missing_value
2020,Tunisia,Sousse,Sousse_North,Low,With disability,Men,School_enrollment,13.486417441351385,%,Community_GBV_Monitoring,ok
2020,Tunisia,Sousse,Sousse_North,Low,With disability,Men,Health_services_access,17.934707375061254,%,Household_Survey,ok
2020,Tunisia,Sousse,Sousse_North,Low,With disability,Men,GBV_services_access,11.887246126233034,%,Administrative_Health_Reports,ok
2020,Tunisia,Sousse,Sousse_North,Low,With disability,Men,Employment_rate,16.839366119389062,%,Administrative_Health_Reports,ok
2020,Tunisia,Sousse,Sousse_North,Low,With disability,Men,Decision_making_participation,16.233398937966008,%,Community_GBV_Monitoring,ok
2020,Tunisia,Sousse,Sousse_North,Middle,No disability,Women,School_enrollment,,%,Community_GBV_Monitoring,missing_value
2020,Tunisia,Sousse,Sousse_North,Middle,No disability,Women,Health_services_access,50.720533252076734,%,Administrative_Health_Reports,ok
2020,Tunisia,Sousse,Sousse_North,Middle,No disability,Women,GBV_services_access,,%,Labour_Force_Survey,missing_value
2020,Tunisia,Sousse,Sousse_North,Middle,No disability,Women,Employment_rate,40.80270398553895,%,Civic_Participation_Records,ok
2020,Tunisia,Sousse,Sousse_North,Middle,No disability,Women,Decision_making_participation,45.81742337114371,%,Labour_Force_Survey,ok
2020,Tunisia,Sousse,Sousse_North,Middle,No disability,Men,School_enrollment,55.84918095419135,%,Household_Survey,ok
2020,Tunisia,Sousse,Sousse_North,Middle,No disability,Men,Health_services_access,51.03473387228053,%,Community_GBV_Monitoring,ok
2020,Tunisia,Sousse,Sousse_North,Middle,No disability,Men,GBV_services_access,,%,Labour_Force_Survey,missing_value
2020,Tunisia,Sousse,Sousse_North,Middle,No disability,Men,Employment_rate,53.181400789607814,%,Community_GBV_Monitoring,ok
2020,Tunisia,Sousse,Sousse_North,Middle,No disability,Men,Decision_making_participation,54.83249587579077,%,Labour_Force_Survey,ok
2020,Tunisia,Sousse,Sousse_North,Middle,With disability,Women,School_enrollment,28.842448769154625,%,Community_GBV_Monitoring,ok
2020,Tunisia,Sousse,Sousse_North,Middle,With disability,Women,Health_services_access,21.54043301193237,%,Community_GBV_Monitoring,ok
2020,Tunisia,Sousse,Sousse_North,Middle,With disability,Women,GBV_services_access,,%,Civic_Participation_Records,missing_value
2020,Tunisia,Sousse,Sousse_North,Middle,With disability,Women,Employment_rate,30.028558476320995,%,Community_GBV_Monitoring,ok
2020,Tunisia,Sousse,Sousse_North,Middle,With disability,Women,Decision_making_participation,,%,Civic_Participation_Records,missing_value
2020,Tunisia,Sousse,Sousse_North,Middle,With disability,Men,School_enrollment,30.690166006215776,%,Administrative_Health_Reports,ok
2020,Tunisia,Sousse,Sousse_North,Middle,With disability,Men,Health_services_access,,%,Civic_Participation_Records,missing_value
2020,Tunisia,Sousse,Sousse_North,Middle,With disability,Men,GBV_services_access,32.93372089541221,%,Community_GBV_Monitoring,ok
2020,Tunisia,Sousse,Sousse_North,Middle,With disability,Men,Employment_rate,,%,Household_Survey,missing_value
2020,Tunisia,Sousse,Sousse_North,Middle,With disability,Men,Decision_making_participation,34.75172797698928,%,Administrative_Health_Reports,ok
2020,Tunisia,Sousse,Sousse_North,High,No disability,Women,School_enrollment,54.59588424389634,%,Household_Survey,ok
2020,Tunisia,Sousse,Sousse_North,High,No disability,Women,Health_services_access,56.39110743590241,%,Administrative_Health_Reports,ok
2020,Tunisia,Sousse,Sousse_North,High,No disability,Women,GBV_services_access,55.81049801963417,%,Administrative_Health_Reports,ok
2020,Tunisia,Sousse,Sousse_North,High,No disability,Women,Employment_rate,56.01898173591203,%,Administrative_Health_Reports,ok
2020,Tunisia,Sousse,Sousse_North,High,No disability,Women,Decision_making_participation,50.73832979002179,%,Administrative_Health_Reports,ok
2020,Tunisia,Sousse,Sousse_North,High,No disability,Men,School_enrollment,59.80676978897317,%,Administrative_Health_Reports,ok
2020,Tunisia,Sousse,Sousse_North,High,No disability,Men,Health_services_access,58.91279885545746,%,Administrative_Health_Reports,ok
2020,Tunisia,Sousse,Sousse_North,High,No disability,Men,GBV_services_access,57.31779587459092,%,Labour_Force_Survey,ok
2020,Tunisia,Sousse,Sousse_North,High,No disability,Men,Employment_rate,55.97735775859434,%,Labour_Force_Survey,ok
2020,Tunisia,Sousse,Sousse_North,High,No disability,Men,Decision_making_participation,58.96119053625889,%,Community_GBV_Monitoring,ok
2020,Tunisia,Sousse,Sousse_North,High,With disability,Women,School_enrollment,35.56476770863779,%,Community_GBV_Monitoring,ok
2020,Tunisia,Sousse,Sousse_North,High,With disability,Women,Health_services_access,,%,Community_GBV_Monitoring,missing_value
2020,Tunisia,Sousse,Sousse_North,High,With disability,Women,GBV_services_access,,%,Household_Survey,missing_value
2020,Tunisia,Sousse,Sousse_North,High,With disability,Women,Employment_rate,,%,Civic_Participation_Records,missing_value
2020,Tunisia,Sousse,Sousse_North,High,With disability,Women,Decision_making_participation,32.90706774063228,%,Administrative_Health_Reports,ok
2020,Tunisia,Sousse,Sousse_North,High,With disability,Men,School_enrollment,,%,Household_Survey,missing_value
2020,Tunisia,Sousse,Sousse_North,High,With disability,Men,Health_services_access,33.64395394351697,%,Community_GBV_Monitoring,ok
2020,Tunisia,Sousse,Sousse_North,High,With disability,Men,GBV_services_access,,%,Administrative_Health_Reports,missing_value
2020,Tunisia,Sousse,Sousse_North,High,With disability,Men,Employment_rate,39.20082954172142,%,Community_GBV_Monitoring,ok
2020,Tunisia,Sousse,Sousse_North,High,With disability,Men,Decision_making_participation,37.80103234235795,%,Community_GBV_Monitoring,ok
2021,Tunisia,Sousse,Sousse_North,Low,No disability,Women,School_enrollment,,%,Household_Survey,missing_value
2021,Tunisia,Sousse,Sousse_North,Low,No disability,Women,Health_services_access,29.292105793730595,%,Labour_Force_Survey,ok
2021,Tunisia,Sousse,Sousse_North,Low,No disability,Women,GBV_services_access,25.765759038506552,%,Labour_Force_Survey,ok
2021,Tunisia,Sousse,Sousse_North,Low,No disability,Women,Employment_rate,25.141428065230702,%,Civic_Participation_Records,ok
2021,Tunisia,Sousse,Sousse_North,Low,No disability,Women,Decision_making_participation,31.178032241042892,%,Labour_Force_Survey,ok
2021,Tunisia,Sousse,Sousse_North,Low,No disability,Men,School_enrollment,42.05675441537661,%,Administrative_Health_Reports,ok
2021,Tunisia,Sousse,Sousse_North,Low,No disability,Men,Health_services_access,36.48398264984763,%,Community_GBV_Monitoring,ok
2021,Tunisia,Sousse,Sousse_North,Low,No disability,Men,GBV_services_access,34.11904479097454,%,Community_GBV_Monitoring,ok
2021,Tunisia,Sousse,Sousse_North,Low,No disability,Men,Employment_rate,36.93982365994323,%,Community_GBV_Monitoring,ok
2021,Tunisia,Sousse,Sousse_North,Low,No disability,Men,Decision_making_participation,33.69526929455512,%,Community_GBV_Monitoring,ok
2021,Tunisia,Sousse,Sousse_North,Low,With disability,Women,School_enrollment,16.64812101477217,%,Administrative_Health_Reports,ok
2021,Tunisia,Sousse,Sousse_North,Low,With disability,Women,Health_services_access,10.547410461680853,%,Civic_Participation_Records,ok
2021,Tunisia,Sousse,Sousse_North,Low,With disability,Women,GBV_services_access,,%,Civic_Participation_Records,missing_value
2021,Tunisia,Sousse,Sousse_North,Low,With disability,Women,Employment_rate,7.589588843511056,%,Labour_Force_Survey,ok
2021,Tunisia,Sousse,Sousse_North,Low,With disability,Women,Decision_making_participation,14.359440048929331,%,Civic_Participation_Records,ok
2021,Tunisia,Sousse,Sousse_North,Low,With disability,Men,School_enrollment,,%,Civic_Participation_Records,missing_value
2021,Tunisia,Sousse,Sousse_North,Low,With disability,Men,Health_services_access,11.457043816247253,%,Household_Survey,ok
2021,Tunisia,Sousse,Sousse_North,Low,With disability,Men,GBV_services_access,9.905811280630061,%,Community_GBV_Monitoring,ok
2021,Tunisia,Sousse,Sousse_North,Low,With disability,Men,Employment_rate,9.776648100714251,%,Labour_Force_Survey,ok
2021,Tunisia,Sousse,Sousse_North,Low,With disability,Men,Decision_making_participation,13.188912217307248,%,Household_Survey,ok
2021,Tunisia,Sousse,Sousse_North,Middle,No disability,Women,School_enrollment,50.96517972144788,%,Labour_Force_Survey,ok
2021,Tunisia,Sousse,Sousse_North,Middle,No disability,Women,Health_services_access,44.318102226650545,%,Administrative_Health_Reports,ok
2021,Tunisia,Sousse,Sousse_North,Middle,No disability,Women,GBV_services_access,49.83878459678819,%,Administrative_Health_Reports,ok
2021,Tunisia,Sousse,Sousse_North,Middle,No disability,Women,Employment_rate,43.860535176876425,%,Labour_Force_Survey,ok
2021,Tunisia,Sousse,Sousse_North,Middle,No disability,Women,Decision_making_participation,47.313219954431744,%,Community_GBV_Monitoring,ok
2021,Tunisia,Sousse,Sousse_North,Middle,No disability,Men,School_enrollment,53.325397662221725,%,Household_Survey,ok
2021,Tunisia,Sousse,Sousse_North,Middle,No disability,Men,Health_services_access,52.979440944338116,%,Civic_Participation_Records,ok
2021,Tunisia,Sousse,Sousse_North,Middle,No disability,Men,GBV_services_access,54.87983665244263,%,Civic_Participation_Records,ok
2021,Tunisia,Sousse,Sousse_North,Middle,No disability,Men,Employment_rate,48.62718280797723,%,Labour_Force_Survey,ok
2021,Tunisia,Sousse,Sousse_North,Middle,No disability,Men,Decision_making_participation,50.716695172708285,%,Civic_Participation_Records,ok
2021,Tunisia,Sousse,Sousse_North,Middle,With disability,Women,School_enrollment,27.54199710176554,%,Community_GBV_Monitoring,ok
2021,Tunisia,Sousse,Sousse_North,Middle,With disability,Women,Health_services_access,25.882141612065897,%,Community_GBV_Monitoring,ok
2021,Tunisia,Sousse,Sousse_North,Middle,With disability,Women,GBV_services_access,28.88439827282116,%,Household_Survey,ok
2021,Tunisia,Sousse,Sousse_North,Middle,With disability,Women,Employment_rate,30.348842058709597,%,Household_Survey,ok
2021,Tunisia,Sousse,Sousse_North,Middle,With disability,Women,Decision_making_participation,28.71152226658187,%,Administrative_Health_Reports,ok
2021,Tunisia,Sousse,Sousse_North,Middle,With disability,Men,School_enrollment,29.7936776977978,%,Community_GBV_Monitoring,ok
2021,Tunisia,Sousse,Sousse_North,Middle,With disability,Men,Health_services_access,30.228831161060317,%,Administrative_Health_Reports,ok
2021,Tunisia,Sousse,Sousse_North,Middle,With disability,Men,GBV_services_access,26.817548137782765,%,Community_GBV_Monitoring,ok
2021,Tunisia,Sousse,Sousse_North,Middle,With disability,Men,Employment_rate,32.206000926697016,%,Household_Survey,ok
2021,Tunisia,Sousse,Sousse_North,Middle,With disability,Men,Decision_making_participation,32.33775234244907,%,Household_Survey,ok
2021,Tunisia,Sousse,Sousse_North,High,No disability,Women,School_enrollment,51.52161296811144,%,Civic_Participation_Records,ok
2021,Tunisia,Sousse,Sousse_North,High,No disability,Women,Health_services_access,49.68404147129098,%,Administrative_Health_Reports,ok
2021,Tunisia,Sousse,Sousse_North,High,No disability,Women,GBV_services_access,51.10862047531649,%,Labour_Force_Survey,ok
2021,Tunisia,Sousse,Sousse_North,High,No disability,Women,Employment_rate,50.11443650802043,%,Labour_Force_Survey,ok
2021,Tunisia,Sousse,Sousse_North,High,No disability,Women,Decision_making_participation,54.85875641510888,%,Administrative_Health_Reports,ok
2021,Tunisia,Sousse,Sousse_North,High,No disability,Men,School_enrollment,57.38732076884238,%,Household_Survey,ok
2021,Tunisia,Sousse,Sousse_North,High,No disability,Men,Health_services_access,58.07907476319793,%,Administrative_Health_Reports,ok
2021,Tunisia,Sousse,Sousse_North,High,No disability,Men,GBV_services_access,61.75836670813553,%,Labour_Force_Survey,ok
2021,Tunisia,Sousse,Sousse_North,High,No disability,Men,Employment_rate,57.493452738236414,%,Community_GBV_Monitoring,ok
2021,Tunisia,Sousse,Sousse_North,High,No disability,Men,Decision_making_participation,54.60539593327205,%,Household_Survey,ok
2021,Tunisia,Sousse,Sousse_North,High,With disability,Women,School_enrollment,33.58883389978559,%,Administrative_Health_Reports,ok
2021,Tunisia,Sousse,Sousse_North,High,With disability,Women,Health_services_access,30.917088445328936,%,Administrative_Health_Reports,ok
2021,Tunisia,Sousse,Sousse_North,High,With disability,Women,GBV_services_access,,%,Household_Survey,missing_value
2021,Tunisia,Sousse,Sousse_North,High,With disability,Women,Employment_rate,32.47306316260737,%,Household_Survey,ok
2021,Tunisia,Sousse,Sousse_North,High,With disability,Women,Decision_making_participation,35.4260286260031,%,Household_Survey,ok
2021,Tunisia,Sousse,Sousse_North,High,With disability,Men,School_enrollment,33.30685502038135,%,Civic_Participation_Records,ok
2021,Tunisia,Sousse,Sousse_North,High,With disability,Men,Health_services_access,34.739876966904184,%,Community_GBV_Monitoring,ok
2021,Tunisia,Sousse,Sousse_North,High,With disability,Men,GBV_services_access,33.17680284705062,%,Labour_Force_Survey,ok
2021,Tunisia,Sousse,Sousse_North,High,With disability,Men,Employment_rate,37.38330534053271,%,Community_GBV_Monitoring,ok
2021,Tunisia,Sousse,Sousse_North,High,With disability,Men,Decision_making_participation,37.94416275652015,%,Community_GBV_Monitoring,ok
2022,Tunisia,Sousse,Sousse_North,Low,No disability,Women,School_enrollment,35.05016093831328,%,Community_GBV_Monitoring,ok
2022,Tunisia,Sousse,Sousse_North,Low,No disability,Women,Health_services_access,36.67230246384261,%,Administrative_Health_Reports,ok
2022,Tunisia,Sousse,Sousse_North,Low,No disability,Women,GBV_services_access,33.235428584158086,%,Civic_Participation_Records,ok
2022,Tunisia,Sousse,Sousse_North,Low,No disability,Women,Employment_rate,27.39989764980088,%,Administrative_Health_Reports,ok
2022,Tunisia,Sousse,Sousse_North,Low,No disability,Women,Decision_making_participation,32.339466437281374,%,Civic_Participation_Records,ok
2022,Tunisia,Sousse,Sousse_North,Low,No disability,Men,School_enrollment,33.81248341328143,%,Community_GBV_Monitoring,ok
2022,Tunisia,Sousse,Sousse_North,Low,No disability,Men,Health_services_access,33.591390451043,%,Household_Survey,ok
2022,Tunisia,Sousse,Sousse_North,Low,No disability,Men,GBV_services_access,30.166572014906418,%,Labour_Force_Survey,ok
2022,Tunisia,Sousse,Sousse_North,Low,No disability,Men,Employment_rate,26.635549539388386,%,Labour_Force_Survey,ok
2022,Tunisia,Sousse,Sousse_North,Low,No disability,Men,Decision_making_participation,30.507471800148636,%,Household_Survey,ok
2022,Tunisia,Sousse,Sousse_North,Low,With disability,Women,School_enrollment,17.971280226773096,%,Household_Survey,ok
2022,Tunisia,Sousse,Sousse_North,Low,With disability,Women,Health_services_access,10.55970776741705,%,Household_Survey,ok
2022,Tunisia,Sousse,Sousse_North,Low,With disability,Women,GBV_services_access,7.449455961328011,%,Civic_Participation_Records,ok
2022,Tunisia,Sousse,Sousse_North,Low,With disability,Women,Employment_rate,,%,Civic_Participation_Records,missing_value
2022,Tunisia,Sousse,Sousse_North,Low,With disability,Women,Decision_making_participation,15.88513299086326,%,Administrative_Health_Reports,ok
2022,Tunisia,Sousse,Sousse_North,Low,With disability,Men,School_enrollment,15.704122779407049,%,Community_GBV_Monitoring,ok
2022,Tunisia,Sousse,Sousse_North,Low,With disability,Men,Health_services_access,10.069330304895715,%,Labour_Force_Survey,ok
2022,Tunisia,Sousse,Sousse_North,Low,With disability,Men,GBV_services_access,8.931837595946853,%,Administrative_Health_Reports,ok
2022,Tunisia,Sousse,Sousse_North,Low,With disability,Men,Employment_rate,,%,Community_GBV_Monitoring,missing_value
2022,Tunisia,Sousse,Sousse_North,Low,With disability,Men,Decision_making_participation,17.00153527225924,%,Administrative_Health_Reports,ok
2022,Tunisia,Sousse,Sousse_North,Middle,No disability,Women,School_enrollment,51.11259109166333,%,Community_GBV_Monitoring,ok
2022,Tunisia,Sousse,Sousse_North,Middle,No disability,Women,Health_services_access,,%,Civic_Participation_Records,missing_value
2022,Tunisia,Sousse,Sousse_North,Middle,No disability,Women,GBV_services_access,48.869726846324276,%,Civic_Participation_Records,ok
2022,Tunisia,Sousse,Sousse_North,Middle,No disability,Women,Employment_rate,46.99945160435163,%,Labour_Force_Survey,ok
2022,Tunisia,Sousse,Sousse_North,Middle,No disability,Women,Decision_making_participation,49.97524690865598,%,Administrative_Health_Reports,ok
2022,Tunisia,Sousse,Sousse_North,Middle,No disability,Men,School_enrollment,56.25021279868664,%,Civic_Participation_Records,ok
2022,Tunisia,Sousse,Sousse_North,Middle,No disability,Men,Health_services_access,52.967255217899364,%,Administrative_Health_Reports,ok
2022,Tunisia,Sousse,Sousse_North,Middle,No disability,Men,GBV_services_access,53.14516069062555,%,Civic_Participation_Records,ok
2022,Tunisia,Sousse,Sousse_North,Middle,No disability,Men,Employment_rate,50.967268463651145,%,Civic_Participation_Records,ok
2022,Tunisia,Sousse,Sousse_North,Middle,No disability,Men,Decision_making_participation,48.367603716924215,%,Household_Survey,ok
2022,Tunisia,Sousse,Sousse_North,Middle,With disability,Women,School_enrollment,26.725169096370777,%,Household_Survey,ok
2022,Tunisia,Sousse,Sousse_North,Middle,With disability,Women,Health_services_access,26.3645139726291,%,Administrative_Health_Reports,ok
2022,Tunisia,Sousse,Sousse_North,Middle,With disability,Women,GBV_services_access,,%,Community_GBV_Monitoring,missing_value
2022,Tunisia,Sousse,Sousse_North,Middle,With disability,Women,Employment_rate,,%,Administrative_Health_Reports,missing_value
2022,Tunisia,Sousse,Sousse_North,Middle,With disability,Women,Decision_making_participation,29.62372659801925,%,Community_GBV_Monitoring,ok
2022,Tunisia,Sousse,Sousse_North,Middle,With disability,Men,School_enrollment,26.801614108149575,%,Administrative_Health_Reports,ok
2022,Tunisia,Sousse,Sousse_North,Middle,With disability,Men,Health_services_access,31.785917744661624,%,Labour_Force_Survey,ok
2022,Tunisia,Sousse,Sousse_North,Middle,With disability,Men,GBV_services_access,22.712091152285883,%,Community_GBV_Monitoring,ok
2022,Tunisia,Sousse,Sousse_North,Middle,With disability,Men,Employment_rate,36.864837783807694,%,Household_Survey,ok
2022,Tunisia,Sousse,Sousse_North,Middle,With disability,Men,Decision_making_participation,37.614897761137954,%,Community_GBV_Monitoring,ok
2022,Tunisia,Sousse,Sousse_North,High,No disability,Women,School_enrollment,54.66497405632028,%,Community_GBV_Monitoring,ok
2022,Tunisia,Sousse,Sousse_North,High,No disability,Women,Health_services_access,54.04071765062769,%,Administrative_Health_Reports,ok
2022,Tunisia,Sousse,Sousse_North,High,No disability,Women,GBV_services_access,59.16555916863024,%,Labour_Force_Survey,ok
2022,Tunisia,Sousse,Sousse_North,High,No disability,Women,Employment_rate,49.847376220533434,%,Community_GBV_Monitoring,ok
2022,Tunisia,Sousse,Sousse_North,High,No disability,Women,Decision_making_participation,57.12385356367257,%,Civic_Participation_Records,ok
2022,Tunisia,Sousse,Sousse_North,High,No disability,Men,School_enrollment,55.52011253963855,%,Household_Survey,ok
2022,Tunisia,Sousse,Sousse_North,High,No disability,Men,Health_services_access,56.93728206036957,%,Household_Survey,ok
2022,Tunisia,Sousse,Sousse_North,High,No disability,Men,GBV_services_access,58.552787370916825,%,Labour_Force_Survey,ok
2022,Tunisia,Sousse,Sousse_North,High,No disability,Men,Employment_rate,59.336628530470136,%,Household_Survey,ok
2022,Tunisia,Sousse,Sousse_North,High,No disability,Men,Decision_making_participation,62.49945948321739,%,Labour_Force_Survey,ok
2022,Tunisia,Sousse,Sousse_North,High,With disability,Women,School_enrollment,33.764165317898396,%,Civic_Participation_Records,ok
2022,Tunisia,Sousse,Sousse_North,High,With disability,Women,Health_services_access,33.624125409310224,%,Community_GBV_Monitoring,ok
2022,Tunisia,Sousse,Sousse_North,High,With disability,Women,GBV_services_access,30.148288008065673,%,Community_GBV_Monitoring,ok
2022,Tunisia,Sousse,Sousse_North,High,With disability,Women,Employment_rate,29.424233449349522,%,Labour_Force_Survey,ok
2022,Tunisia,Sousse,Sousse_North,High,With disability,Women,Decision_making_participation,34.41145455156158,%,Civic_Participation_Records,ok
2022,Tunisia,Sousse,Sousse_North,High,With disability,Men,School_enrollment,32.14683049940227,%,Civic_Participation_Records,ok
2022,Tunisia,Sousse,Sousse_North,High,With disability,Men,Health_services_access,31.637152902178798,%,Community_GBV_Monitoring,ok
2022,Tunisia,Sousse,Sousse_North,High,With disability,Men,GBV_services_access,35.25713127753169,%,Administrative_Health_Reports,ok
2022,Tunisia,Sousse,Sousse_North,High,With disability,Men,Employment_rate,36.094936310044794,%,Household_Survey,ok
2022,Tunisia,Sousse,Sousse_North,High,With disability,Men,Decision_making_participation,38.61186607745766,%,Labour_Force_Survey,ok
2023,Tunisia,Sousse,Sousse_North,Low,No disability,Women,School_enrollment,30.408320859436532,%,Household_Survey,ok
2023,Tunisia,Sousse,Sousse_North,Low,No disability,Women,Health_services_access,,%,Civic_Participation_Records,missing_value
2023,Tunisia,Sousse,Sousse_North,Low,No disability,Women,GBV_services_access,34.994378398455716,%,Household_Survey,ok
2023,Tunisia,Sousse,Sousse_North,Low,No disability,Women,Employment_rate,30.09215714096188,%,Administrative_Health_Reports,ok
2023,Tunisia,Sousse,Sousse_North,Low,No disability,Women,Decision_making_participation,32.331168286119,%,Household_Survey,ok
2023,Tunisia,Sousse,Sousse_North,Low,No disability,Men,School_enrollment,40.47790159061339,%,Civic_Participation_Records,ok
2023,Tunisia,Sousse,Sousse_North,Low,No disability,Men,Health_services_access,34.05492715591661,%,Household_Survey,ok
2023,Tunisia,Sousse,Sousse_North,Low,No disability,Men,GBV_services_access,30.721578707091243,%,Community_GBV_Monitoring,ok
2023,Tunisia,Sousse,Sousse_North,Low,No disability,Men,Employment_rate,27.919867865757002,%,Community_GBV_Monitoring,ok
2023,Tunisia,Sousse,Sousse_North,Low,No disability,Men,Decision_making_participation,,%,Administrative_Health_Reports,missing_value
2023,Tunisia,Sousse,Sousse_North,Low,With disability,Women,School_enrollment,14.070050496483931,%,Household_Survey,ok
2023,Tunisia,Sousse,Sousse_North,Low,With disability,Women,Health_services_access,,%,Labour_Force_Survey,missing_value
2023,Tunisia,Sousse,Sousse_North,Low,With disability,Women,GBV_services_access,10.188329198879055,%,Community_GBV_Monitoring,ok
2023,Tunisia,Sousse,Sousse_North,Low,With disability,Women,Employment_rate,10.230503639324542,%,Civic_Participation_Records,ok
2023,Tunisia,Sousse,Sousse_North,Low,With disability,Women,Decision_making_participation,19.02736294000991,%,Community_GBV_Monitoring,ok
2023,Tunisia,Sousse,Sousse_North,Low,With disability,Men,School_enrollment,15.432986458715616,%,Labour_Force_Survey,ok
2023,Tunisia,Sousse,Sousse_North,Low,With disability,Men,Health_services_access,8.54041630163397,%,Administrative_Health_Reports,ok
2023,Tunisia,Sousse,Sousse_North,Low,With disability,Men,GBV_services_access,,%,Administrative_Health_Reports,missing_value
2023,Tunisia,Sousse,Sousse_North,Low,With disability,Men,Employment_rate,12.182828257846841,%,Household_Survey,ok
2023,Tunisia,Sousse,Sousse_North,Low,With disability,Men,Decision_making_participation,21.48997953896137,%,Household_Survey,ok
2023,Tunisia,Sousse,Sousse_North,Middle,No disability,Women,School_enrollment,42.90684369696714,%,Community_GBV_Monitoring,ok
2023,Tunisia,Sousse,Sousse_North,Middle,No disability,Women,Health_services_access,,%,Administrative_Health_Reports,missing_value
2023,Tunisia,Sousse,Sousse_North,Middle,No disability,Women,GBV_services_access,45.70453825296128,%,Household_Survey,ok
2023,Tunisia,Sousse,Sousse_North,Middle,No disability,Women,Employment_rate,44.38527847187989,%,Community_GBV_Monitoring,ok
2023,Tunisia,Sousse,Sousse_North,Middle,No disability,Women,Decision_making_participation,51.93718920372381,%,Civic_Participation_Records,ok
2023,Tunisia,Sousse,Sousse_North,Middle,No disability,Men,School_enrollment,55.91053950580487,%,Civic_Participation_Records,ok
2023,Tunisia,Sousse,Sousse_North,Middle,No disability,Men,Health_services_access,52.3838675786771,%,Community_GBV_Monitoring,ok
2023,Tunisia,Sousse,Sousse_North,Middle,No disability,Men,GBV_services_access,52.668043801986606,%,Labour_Force_Survey,ok
2023,Tunisia,Sousse,Sousse_North,Middle,No disability,Men,Employment_rate,55.08267887763496,%,Community_GBV_Monitoring,ok
2023,Tunisia,Sousse,Sousse_North,Middle,No disability,Men,Decision_making_participation,,%,Civic_Participation_Records,missing_value
2023,Tunisia,Sousse,Sousse_North,Middle,With disability,Women,School_enrollment,27.62246462988205,%,Labour_Force_Survey,ok
2023,Tunisia,Sousse,Sousse_North,Middle,With disability,Women,Health_services_access,27.8797022655606,%,Labour_Force_Survey,ok
2023,Tunisia,Sousse,Sousse_North,Middle,With disability,Women,GBV_services_access,29.267198459673327,%,Civic_Participation_Records,ok
2023,Tunisia,Sousse,Sousse_North,Middle,With disability,Women,Employment_rate,31.74328137832038,%,Community_GBV_Monitoring,ok
2023,Tunisia,Sousse,Sousse_North,Middle,With disability,Women,Decision_making_participation,29.649068905919506,%,Labour_Force_Survey,ok
2023,Tunisia,Sousse,Sousse_North,Middle,With disability,Men,School_enrollment,32.943556016226246,%,Civic_Participation_Records,ok
2023,Tunisia,Sousse,Sousse_North,Middle,With disability,Men,Health_services_access,29.08211946094753,%,Community_GBV_Monitoring,ok
2023,Tunisia,Sousse,Sousse_North,Middle,With disability,Men,GBV_services_access,,%,Civic_Participation_Records,missing_value
2023,Tunisia,Sousse,Sousse_North,Middle,With disability,Men,Employment_rate,33.59667657516611,%,Community_GBV_Monitoring,ok
2023,Tunisia,Sousse,Sousse_North,Middle,With disability,Men,Decision_making_participation,,%,Community_GBV_Monitoring,missing_value
2023,Tunisia,Sousse,Sousse_North,High,No disability,Women,School_enrollment,54.7186925599208,%,Administrative_Health_Reports,ok
2023,Tunisia,Sousse,Sousse_North,High,No disability,Women,Health_services_access,50.73501239689995,%,Civic_Participation_Records,ok
2023,Tunisia,Sousse,Sousse_North,High,No disability,Women,GBV_services_access,55.391950674089045,%,Civic_Participation_Records,ok
2023,Tunisia,Sousse,Sousse_North,High,No disability,Women,Employment_rate,48.57917923722953,%,Labour_Force_Survey,ok
2023,Tunisia,Sousse,Sousse_North,High,No disability,Women,Decision_making_participation,51.87534952659659,%,Labour_Force_Survey,ok
2023,Tunisia,Sousse,Sousse_North,High,No disability,Men,School_enrollment,62.90364267727523,%,Administrative_Health_Reports,ok
2023,Tunisia,Sousse,Sousse_North,High,No disability,Men,Health_services_access,56.77610551143184,%,Household_Survey,ok
2023,Tunisia,Sousse,Sousse_North,High,No disability,Men,GBV_services_access,55.200817228490095,%,Administrative_Health_Reports,ok
2023,Tunisia,Sousse,Sousse_North,High,No disability,Men,Employment_rate,53.751651610383796,%,Civic_Participation_Records,ok
2023,Tunisia,Sousse,Sousse_North,High,No disability,Men,Decision_making_participation,60.90773666189047,%,Community_GBV_Monitoring,ok
2023,Tunisia,Sousse,Sousse_North,High,With disability,Women,School_enrollment,35.717010263273664,%,Labour_Force_Survey,ok
2023,Tunisia,Sousse,Sousse_North,High,With disability,Women,Health_services_access,,%,Civic_Participation_Records,missing_value
2023,Tunisia,Sousse,Sousse_North,High,With disability,Women,GBV_services_access,,%,Administrative_Health_Reports,missing_value
2023,Tunisia,Sousse,Sousse_North,High,With disability,Women,Employment_rate,35.183776254719646,%,Community_GBV_Monitoring,ok
2023,Tunisia,Sousse,Sousse_North,High,With disability,Women,Decision_making_participation,36.38579496957394,%,Household_Survey,ok
2023,Tunisia,Sousse,Sousse_North,High,With disability,Men,School_enrollment,37.98075937914213,%,Community_GBV_Monitoring,ok
2023,Tunisia,Sousse,Sousse_North,High,With disability,Men,Health_services_access,35.94097868808657,%,Civic_Participation_Records,ok
2023,Tunisia,Sousse,Sousse_North,High,With disability,Men,GBV_services_access,,%,Labour_Force_Survey,missing_value
2023,Tunisia,Sousse,Sousse_North,High,With disability,Men,Employment_rate,38.86457172344819,%,Community_GBV_Monitoring,ok
2023,Tunisia,Sousse,Sousse_North,High,With disability,Men,Decision_making_participation,35.91156676070133,%,Community_GBV_Monitoring,ok
2024,Tunisia,Sousse,Sousse_North,Low,No disability,Women,School_enrollment,31.283426247421172,%,Community_GBV_Monitoring,ok
2024,Tunisia,Sousse,Sousse_North,Low,No disability,Women,Health_services_access,26.547010794362514,%,Administrative_Health_Reports,ok
2024,Tunisia,Sousse,Sousse_North,Low,No disability,Women,GBV_services_access,26.59299215288962,%,Community_GBV_Monitoring,ok
2024,Tunisia,Sousse,Sousse_North,Low,No disability,Women,Employment_rate,25.7903594205893,%,Household_Survey,ok
2024,Tunisia,Sousse,Sousse_North,Low,No disability,Women,Decision_making_participation,33.24461325788111,%,Administrative_Health_Reports,ok
2024,Tunisia,Sousse,Sousse_North,Low,No disability,Men,School_enrollment,37.26810282600491,%,Community_GBV_Monitoring,ok
2024,Tunisia,Sousse,Sousse_North,Low,No disability,Men,Health_services_access,35.488866210410926,%,Household_Survey,ok
2024,Tunisia,Sousse,Sousse_North,Low,No disability,Men,GBV_services_access,32.37632092467819,%,Civic_Participation_Records,ok
2024,Tunisia,Sousse,Sousse_North,Low,No disability,Men,Employment_rate,31.478754089228072,%,Civic_Participation_Records,ok
2024,Tunisia,Sousse,Sousse_North,Low,No disability,Men,Decision_making_participation,35.27599061175976,%,Labour_Force_Survey,ok
2024,Tunisia,Sousse,Sousse_North,Low,With disability,Women,School_enrollment,10.628275059029496,%,Administrative_Health_Reports,ok
2024,Tunisia,Sousse,Sousse_North,Low,With disability,Women,Health_services_access,16.544429677046253,%,Civic_Participation_Records,ok
2024,Tunisia,Sousse,Sousse_North,Low,With disability,Women,GBV_services_access,,%,Household_Survey,missing_value
2024,Tunisia,Sousse,Sousse_North,Low,With disability,Women,Employment_rate,9.38613233460034,%,Community_GBV_Monitoring,ok
2024,Tunisia,Sousse,Sousse_North,Low,With disability,Women,Decision_making_participation,13.093245392226201,%,Community_GBV_Monitoring,ok
2024,Tunisia,Sousse,Sousse_North,Low,With disability,Men,School_enrollment,16.367474329406548,%,Community_GBV_Monitoring,ok
2024,Tunisia,Sousse,Sousse_North,Low,With disability,Men,Health_services_access,,%,Administrative_Health_Reports,missing_value
2024,Tunisia,Sousse,Sousse_North,Low,With disability,Men,GBV_services_access,11.29601808055173,%,Community_GBV_Monitoring,ok
2024,Tunisia,Sousse,Sousse_North,Low,With disability,Men,Employment_rate,20.451775610709213,%,Community_GBV_Monitoring,ok
2024,Tunisia,Sousse,Sousse_North,Low,With disability,Men,Decision_making_participation,18.680815823889827,%,Labour_Force_Survey,ok
2024,Tunisia,Sousse,Sousse_North,Middle,No disability,Women,School_enrollment,51.633441119511176,%,Administrative_Health_Reports,ok
2024,Tunisia,Sousse,Sousse_North,Middle,No disability,Women,Health_services_access,50.50958879143938,%,Labour_Force_Survey,ok
2024,Tunisia,Sousse,Sousse_North,Middle,No disability,Women,GBV_services_access,48.56809520724967,%,Administrative_Health_Reports,ok
2024,Tunisia,Sousse,Sousse_North,Middle,No disability,Women,Employment_rate,42.55597392211177,%,Civic_Participation_Records,ok
2024,Tunisia,Sousse,Sousse_North,Middle,No disability,Women,Decision_making_participation,51.38503959912237,%,Civic_Participation_Records,ok
2024,Tunisia,Sousse,Sousse_North,Middle,No disability,Men,School_enrollment,52.23446129952641,%,Administrative_Health_Reports,ok
2024,Tunisia,Sousse,Sousse_North,Middle,No disability,Men,Health_services_access,51.733393381981216,%,Administrative_Health_Reports,ok
2024,Tunisia,Sousse,Sousse_North,Middle,No disability,Men,GBV_services_access,49.44330669443859,%,Administrative_Health_Reports,ok
2024,Tunisia,Sousse,Sousse_North,Middle,No disability,Men,Employment_rate,52.620019161622096,%,Administrative_Health_Reports,ok
2024,Tunisia,Sousse,Sousse_North,Middle,No disability,Men,Decision_making_participation,52.334293872488075,%,Civic_Participation_Records,ok
2024,Tunisia,Sousse,Sousse_North,Middle,With disability,Women,School_enrollment,27.233683738043755,%,Household_Survey,ok
2024,Tunisia,Sousse,Sousse_North,Middle,With disability,Women,Health_services_access,21.38522492310561,%,Household_Survey,ok
2024,Tunisia,Sousse,Sousse_North,Middle,With disability,Women,GBV_services_access,,%,Administrative_Health_Reports,missing_value
2024,Tunisia,Sousse,Sousse_North,Middle,With disability,Women,Employment_rate,36.85739339144165,%,Civic_Participation_Records,ok
2024,Tunisia,Sousse,Sousse_North,Middle,With disability,Women,Decision_making_participation,31.093121554156223,%,Civic_Participation_Records,ok
2024,Tunisia,Sousse,Sousse_North,Middle,With disability,Men,School_enrollment,31.85048019139637,%,Household_Survey,ok
2024,Tunisia,Sousse,Sousse_North,Middle,With disability,Men,Health_services_access,28.206437844552326,%,Community_GBV_Monitoring,ok
2024,Tunisia,Sousse,Sousse_North,Middle,With disability,Men,GBV_services_access,25.48026387849748,%,Administrative_Health_Reports,ok
2024,Tunisia,Sousse,Sousse_North,Middle,With disability,Men,Employment_rate,28.93577321661769,%,Civic_Participation_Records,ok
2024,Tunisia,Sousse,Sousse_North,Middle,With disability,Men,Decision_making_participation,32.82436531630167,%,Administrative_Health_Reports,ok
2024,Tunisia,Sousse,Sousse_North,High,No disability,Women,School_enrollment,53.61855630927087,%,Household_Survey,ok
2024,Tunisia,Sousse,Sousse_North,High,No disability,Women,Health_services_access,50.704779897512935,%,Civic_Participation_Records,ok
2024,Tunisia,Sousse,Sousse_North,High,No disability,Women,GBV_services_access,51.102352079988414,%,Labour_Force_Survey,ok
2024,Tunisia,Sousse,Sousse_North,High,No disability,Women,Employment_rate,54.90843431993837,%,Administrative_Health_Reports,ok
2024,Tunisia,Sousse,Sousse_North,High,No disability,Women,Decision_making_participation,51.10896613016073,%,Labour_Force_Survey,ok
2024,Tunisia,Sousse,Sousse_North,High,No disability,Men,School_enrollment,58.831302938028365,%,Labour_Force_Survey,ok
2024,Tunisia,Sousse,Sousse_North,High,No disability,Men,Health_services_access,55.5312759831467,%,Household_Survey,ok
2024,Tunisia,Sousse,Sousse_North,High,No disability,Men,GBV_services_access,56.03176656597795,%,Civic_Participation_Records,ok
2024,Tunisia,Sousse,Sousse_North,High,No disability,Men,Employment_rate,55.97412820954707,%,Civic_Participation_Records,ok
2024,Tunisia,Sousse,Sousse_North,High,No disability,Men,Decision_making_participation,58.43673891425962,%,Civic_Participation_Records,ok
2024,Tunisia,Sousse,Sousse_North,High,With disability,Women,School_enrollment,31.16088466629268,%,Household_Survey,ok
2024,Tunisia,Sousse,Sousse_North,High,With disability,Women,Health_services_access,28.12831069452004,%,Household_Survey,ok
2024,Tunisia,Sousse,Sousse_North,High,With disability,Women,GBV_services_access,31.11669727797872,%,Household_Survey,ok
2024,Tunisia,Sousse,Sousse_North,High,With disability,Women,Employment_rate,27.226997472330513,%,Civic_Participation_Records,ok
2024,Tunisia,Sousse,Sousse_North,High,With disability,Women,Decision_making_participation,30.627378415383294,%,Civic_Participation_Records,ok
2024,Tunisia,Sousse,Sousse_North,High,With disability,Men,School_enrollment,38.82624015616783,%,Civic_Participation_Records,ok
2024,Tunisia,Sousse,Sousse_North,High,With disability,Men,Health_services_access,35.45191617387673,%,Labour_Force_Survey,ok
2024,Tunisia,Sousse,Sousse_North,High,With disability,Men,GBV_services_access,,%,Labour_Force_Survey,missing_value
2024,Tunisia,Sousse,Sousse_North,High,With disability,Men,Employment_rate,39.247549322539946,%,Household_Survey,ok
2024,Tunisia,Sousse,Sousse_North,High,With disability,Men,Decision_making_participation,35.26675111014982,%,Household_Survey,ok
2020,Tunisia,Sousse,Sousse_South,Low,No disability,Women,School_enrollment,32.225275795877074,%,Civic_Participation_Records,ok
2020,Tunisia,Sousse,Sousse_South,Low,No disability,Women,Health_services_access,30.545800909219707,%,Community_GBV_Monitoring,ok
2020,Tunisia,Sousse,Sousse_South,Low,No disability,Women,GBV_services_access,,%,Household_Survey,missing_value
2020,Tunisia,Sousse,Sousse_South,Low,No disability,Women,Employment_rate,,%,Community_GBV_Monitoring,missing_value
2020,Tunisia,Sousse,Sousse_South,Low,No disability,Women,Decision_making_participation,32.27232722339776,%,Labour_Force_Survey,ok
2020,Tunisia,Sousse,Sousse_South,Low,No disability,Men,School_enrollment,,%,Household_Survey,missing_value
2020,Tunisia,Sousse,Sousse_South,Low,No disability,Men,Health_services_access,38.13342936101014,%,Administrative_Health_Reports,ok
2020,Tunisia,Sousse,Sousse_South,Low,No disability,Men,GBV_services_access,37.08914780387791,%,Civic_Participation_Records,ok
2020,Tunisia,Sousse,Sousse_South,Low,No disability,Men,Employment_rate,33.68734837031068,%,Household_Survey,ok
2020,Tunisia,Sousse,Sousse_South,Low,No disability,Men,Decision_making_participation,36.79965518670577,%,Civic_Participation_Records,ok
2020,Tunisia,Sousse,Sousse_South,Low,With disability,Women,School_enrollment,10.959519606958809,%,Labour_Force_Survey,ok
2020,Tunisia,Sousse,Sousse_South,Low,With disability,Women,Health_services_access,11.613913341622842,%,Labour_Force_Survey,ok
2020,Tunisia,Sousse,Sousse_South,Low,With disability,Women,GBV_services_access,10.778650689725803,%,Labour_Force_Survey,ok
2020,Tunisia,Sousse,Sousse_South,Low,With disability,Women,Employment_rate,10.40639995855484,%,Labour_Force_Survey,ok
2020,Tunisia,Sousse,Sousse_South,Low,With disability,Women,Decision_making_participation,18.126823690784757,%,Labour_Force_Survey,ok
2020,Tunisia,Sousse,Sousse_South,Low,With disability,Men,School_enrollment,,%,Administrative_Health_Reports,missing_value
2020,Tunisia,Sousse,Sousse_South,Low,With disability,Men,Health_services_access,18.89482562581422,%,Household_Survey,ok
2020,Tunisia,Sousse,Sousse_South,Low,With disability,Men,GBV_services_access,14.472569255961446,%,Household_Survey,ok
2020,Tunisia,Sousse,Sousse_South,Low,With disability,Men,Employment_rate,15.26508270820548,%,Household_Survey,ok
2020,Tunisia,Sousse,Sousse_South,Low,With disability,Men,Decision_making_participation,16.243328436411357,%,Administrative_Health_Reports,ok
2020,Tunisia,Sousse,Sousse_South,Middle,No disability,Women,School_enrollment,44.412655377345835,%,Administrative_Health_Reports,ok
2020,Tunisia,Sousse,Sousse_South,Middle,No disability,Women,Health_services_access,48.22129539399439,%,Community_GBV_Monitoring,ok
2020,Tunisia,Sousse,Sousse_South,Middle,No disability,Women,GBV_services_access,51.59135235866512,%,Household_Survey,ok
2020,Tunisia,Sousse,Sousse_South,Middle,No disability,Women,Employment_rate,46.570016433671086,%,Household_Survey,ok
2020,Tunisia,Sousse,Sousse_South,Middle,No disability,Women,Decision_making_participation,54.32520447839353,%,Administrative_Health_Reports,ok
2020,Tunisia,Sousse,Sousse_South,Middle,No disability,Men,School_enrollment,50.3197416953594,%,Administrative_Health_Reports,ok
2020,Tunisia,Sousse,Sousse_South,Middle,No disability,Men,Health_services_access,52.52949666407387,%,Labour_Force_Survey,ok
2020,Tunisia,Sousse,Sousse_South,Middle,No disability,Men,GBV_services_access,55.304020277696466,%,Civic_Participation_Records,ok
2020,Tunisia,Sousse,Sousse_South,Middle,No disability,Men,Employment_rate,52.582717064167774,%,Labour_Force_Survey,ok
2020,Tunisia,Sousse,Sousse_South,Middle,No disability,Men,Decision_making_participation,49.98252729953924,%,Administrative_Health_Reports,ok
2020,Tunisia,Sousse,Sousse_South,Middle,With disability,Women,School_enrollment,31.76237331287334,%,Civic_Participation_Records,ok
2020,Tunisia,Sousse,Sousse_South,Middle,With disability,Women,Health_services_access,25.534263313613806,%,Civic_Participation_Records,ok
2020,Tunisia,Sousse,Sousse_South,Middle,With disability,Women,GBV_services_access,,%,Household_Survey,missing_value
2020,Tunisia,Sousse,Sousse_South,Middle,With disability,Women,Employment_rate,32.86905176588834,%,Labour_Force_Survey,ok
2020,Tunisia,Sousse,Sousse_South,Middle,With disability,Women,Decision_making_participation,31.88961680398738,%,Civic_Participation_Records,ok
2020,Tunisia,Sousse,Sousse_South,Middle,With disability,Men,School_enrollment,33.65061784505473,%,Administrative_Health_Reports,ok
2020,Tunisia,Sousse,Sousse_South,Middle,With disability,Men,Health_services_access,27.41034111395523,%,Household_Survey,ok
2020,Tunisia,Sousse,Sousse_South,Middle,With disability,Men,GBV_services_access,,%,Labour_Force_Survey,missing_value
2020,Tunisia,Sousse,Sousse_South,Middle,With disability,Men,Employment_rate,32.398984572680895,%,Administrative_Health_Reports,ok
2020,Tunisia,Sousse,Sousse_South,Middle,With disability,Men,Decision_making_participation,,%,Labour_Force_Survey,missing_value
2020,Tunisia,Sousse,Sousse_South,High,No disability,Women,School_enrollment,60.2257357159579,%,Labour_Force_Survey,ok
2020,Tunisia,Sousse,Sousse_South,High,No disability,Women,Health_services_access,54.28176734866421,%,Administrative_Health_Reports,ok
2020,Tunisia,Sousse,Sousse_South,High,No disability,Women,GBV_services_access,56.908847197294776,%,Labour_Force_Survey,ok
2020,Tunisia,Sousse,Sousse_South,High,No disability,Women,Employment_rate,,%,Labour_Force_Survey,missing_value
2020,Tunisia,Sousse,Sousse_South,High,No disability,Women,Decision_making_participation,50.41625197604309,%,Community_GBV_Monitoring,ok
2020,Tunisia,Sousse,Sousse_South,High,No disability,Men,School_enrollment,59.14563267995626,%,Civic_Participation_Records,ok
2020,Tunisia,Sousse,Sousse_South,High,No disability,Men,Health_services_access,57.11568723750318,%,Civic_Participation_Records,ok
2020,Tunisia,Sousse,Sousse_South,High,No disability,Men,GBV_services_access,64.33176372027548,%,Civic_Participation_Records,ok
2020,Tunisia,Sousse,Sousse_South,High,No disability,Men,Employment_rate,59.05484122170628,%,Community_GBV_Monitoring,ok
2020,Tunisia,Sousse,Sousse_South,High,No disability,Men,Decision_making_participation,60.54648039226924,%,Civic_Participation_Records,ok
2020,Tunisia,Sousse,Sousse_South,High,With disability,Women,School_enrollment,32.45212964086477,%,Administrative_Health_Reports,ok
2020,Tunisia,Sousse,Sousse_South,High,With disability,Women,Health_services_access,31.938746302911156,%,Community_GBV_Monitoring,ok
2020,Tunisia,Sousse,Sousse_South,High,With disability,Women,GBV_services_access,30.25226273427628,%,Administrative_Health_Reports,ok
2020,Tunisia,Sousse,Sousse_South,High,With disability,Women,Employment_rate,,%,Community_GBV_Monitoring,missing_value
2020,Tunisia,Sousse,Sousse_South,High,With disability,Women,Decision_making_participation,33.9276949738732,%,Civic_Participation_Records,ok
2020,Tunisia,Sousse,Sousse_South,High,With disability,Men,School_enrollment,34.34917627877358,%,Household_Survey,ok
2020,Tunisia,Sousse,Sousse_South,High,With disability,Men,Health_services_access,35.65443459990962,%,Labour_Force_Survey,ok
2020,Tunisia,Sousse,Sousse_South,High,With disability,Men,GBV_services_access,36.81359499117232,%,Civic_Participation_Records,ok
2020,Tunisia,Sousse,Sousse_South,High,With disability,Men,Employment_rate,38.291601431119446,%,Civic_Participation_Records,ok
2020,Tunisia,Sousse,Sousse_South,High,With disability,Men,Decision_making_participation,37.809414043055924,%,Community_GBV_Monitoring,ok
2021,Tunisia,Sousse,Sousse_South,Low,No disability,Women,School_enrollment,30.665781913190344,%,Household_Survey,ok
2021,Tunisia,Sousse,Sousse_South,Low,No disability,Women,Health_services_access,38.92847727166832,%,Household_Survey,ok
2021,Tunisia,Sousse,Sousse_South,Low,No disability,Women,GBV_services_access,33.56968593116332,%,Administrative_Health_Reports,ok
2021,Tunisia,Sousse,Sousse_South,Low,No disability,Women,Employment_rate,21.232367447095015,%,Community_GBV_Monitoring,ok
2021,Tunisia,Sousse,Sousse_South,Low,No disability,Women,Decision_making_participation,36.81398678966857,%,Community_GBV_Monitoring,ok
2021,Tunisia,Sousse,Sousse_South,Low,No disability,Men,School_enrollment,,%,Civic_Participation_Records,missing_value
2021,Tunisia,Sousse,Sousse_South,Low,No disability,Men,Health_services_access,35.71637188848389,%,Civic_Participation_Records,ok
2021,Tunisia,Sousse,Sousse_South,Low,No disability,Men,GBV_services_access,34.145941742398584,%,Household_Survey,ok
2021,Tunisia,Sousse,Sousse_South,Low,No disability,Men,Employment_rate,34.9403533635888,%,Household_Survey,ok
2021,Tunisia,Sousse,Sousse_South,Low,No disability,Men,Decision_making_participation,34.72420761116871,%,Community_GBV_Monitoring,ok
2021,Tunisia,Sousse,Sousse_South,Low,With disability,Women,School_enrollment,10.291488978103796,%,Community_GBV_Monitoring,ok
2021,Tunisia,Sousse,Sousse_South,Low,With disability,Women,Health_services_access,,%,Administrative_Health_Reports,missing_value
2021,Tunisia,Sousse,Sousse_South,Low,With disability,Women,GBV_services_access,,%,Community_GBV_Monitoring,missing_value
2021,Tunisia,Sousse,Sousse_South,Low,With disability,Women,Employment_rate,10.258305127753331,%,Household_Survey,ok
2021,Tunisia,Sousse,Sousse_South,Low,With disability,Women,Decision_making_participation,14.722545710387823,%,Household_Survey,ok
2021,Tunisia,Sousse,Sousse_South,Low,With disability,Men,School_enrollment,19.579304117785586,%,Administrative_Health_Reports,ok
2021,Tunisia,Sousse,Sousse_South,Low,With disability,Men,Health_services_access,18.797976352063593,%,Household_Survey,ok
2021,Tunisia,Sousse,Sousse_South,Low,With disability,Men,GBV_services_access,15.719470913915263,%,Administrative_Health_Reports,ok
2021,Tunisia,Sousse,Sousse_South,Low,With disability,Men,Employment_rate,15.512862423268983,%,Household_Survey,ok
2021,Tunisia,Sousse,Sousse_South,Low,With disability,Men,Decision_making_participation,22.862083823137457,%,Civic_Participation_Records,ok
2021,Tunisia,Sousse,Sousse_South,Middle,No disability,Women,School_enrollment,49.85781043692768,%,Labour_Force_Survey,ok
2021,Tunisia,Sousse,Sousse_South,Middle,No disability,Women,Health_services_access,47.462568486177666,%,Labour_Force_Survey,ok
2021,Tunisia,Sousse,Sousse_South,Middle,No disability,Women,GBV_services_access,51.09446363497051,%,Community_GBV_Monitoring,ok
2021,Tunisia,Sousse,Sousse_South,Middle,No disability,Women,Employment_rate,47.71185663951674,%,Administrative_Health_Reports,ok
2021,Tunisia,Sousse,Sousse_South,Middle,No disability,Women,Decision_making_participation,51.20938161656323,%,Household_Survey,ok
2021,Tunisia,Sousse,Sousse_South,Middle,No disability,Men,School_enrollment,54.98822851662682,%,Labour_Force_Survey,ok
2021,Tunisia,Sousse,Sousse_South,Middle,No disability,Men,Health_services_access,52.376588798227694,%,Labour_Force_Survey,ok
2021,Tunisia,Sousse,Sousse_South,Middle,No disability,Men,GBV_services_access,52.7639741166622,%,Household_Survey,ok
2021,Tunisia,Sousse,Sousse_South,Middle,No disability,Men,Employment_rate,52.24798001646422,%,Administrative_Health_Reports,ok
2021,Tunisia,Sousse,Sousse_South,Middle,No disability,Men,Decision_making_participation,49.90725102085631,%,Administrative_Health_Reports,ok
2021,Tunisia,Sousse,Sousse_South,Middle,With disability,Women,School_enrollment,25.15696234156749,%,Civic_Participation_Records,ok
2021,Tunisia,Sousse,Sousse_South,Middle,With disability,Women,Health_services_access,28.889424083854678,%,Administrative_Health_Reports,ok
2021,Tunisia,Sousse,Sousse_South,Middle,With disability,Women,GBV_services_access,,%,Household_Survey,missing_value
2021,Tunisia,Sousse,Sousse_South,Middle,With disability,Women,Employment_rate,,%,Civic_Participation_Records,missing_value
2021,Tunisia,Sousse,Sousse_South,Middle,With disability,Women,Decision_making_participation,29.80800311614508,%,Labour_Force_Survey,ok
2021,Tunisia,Sousse,Sousse_South,Middle,With disability,Men,School_enrollment,31.157854718086526,%,Community_GBV_Monitoring,ok
2021,Tunisia,Sousse,Sousse_South,Middle,With disability,Men,Health_services_access,33.8428082350683,%,Civic_Participation_Records,ok
2021,Tunisia,Sousse,Sousse_South,Middle,With disability,Men,GBV_services_access,37.3412686665425,%,Labour_Force_Survey,ok
2021,Tunisia,Sousse,Sousse_South,Middle,With disability,Men,Employment_rate,36.15554746872205,%,Administrative_Health_Reports,ok
2021,Tunisia,Sousse,Sousse_South,Middle,With disability,Men,Decision_making_participation,33.67570681559134,%,Household_Survey,ok
2021,Tunisia,Sousse,Sousse_South,High,No disability,Women,School_enrollment,56.75157718514071,%,Administrative_Health_Reports,ok
2021,Tunisia,Sousse,Sousse_South,High,No disability,Women,Health_services_access,49.37875580646897,%,Labour_Force_Survey,ok
2021,Tunisia,Sousse,Sousse_South,High,No disability,Women,GBV_services_access,,%,Household_Survey,missing_value
2021,Tunisia,Sousse,Sousse_South,High,No disability,Women,Employment_rate,51.224279397667274,%,Household_Survey,ok
2021,Tunisia,Sousse,Sousse_South,High,No disability,Women,Decision_making_participation,57.4775783817198,%,Community_GBV_Monitoring,ok
2021,Tunisia,Sousse,Sousse_South,High,No disability,Men,School_enrollment,63.384785001471705,%,Community_GBV_Monitoring,ok
2021,Tunisia,Sousse,Sousse_South,High,No disability,Men,Health_services_access,61.223074531829056,%,Community_GBV_Monitoring,ok
2021,Tunisia,Sousse,Sousse_South,High,No disability,Men,GBV_services_access,58.11299741829177,%,Community_GBV_Monitoring,ok
2021,Tunisia,Sousse,Sousse_South,High,No disability,Men,Employment_rate,61.97183951851081,%,Household_Survey,ok
2021,Tunisia,Sousse,Sousse_South,High,No disability,Men,Decision_making_participation,61.96546047992902,%,Household_Survey,ok
2021,Tunisia,Sousse,Sousse_South,High,With disability,Women,School_enrollment,34.43308032104911,%,Administrative_Health_Reports,ok
2021,Tunisia,Sousse,Sousse_South,High,With disability,Women,Health_services_access,26.66316206237746,%,Civic_Participation_Records,ok
2021,Tunisia,Sousse,Sousse_South,High,With disability,Women,GBV_services_access,27.393506024739743,%,Household_Survey,ok
2021,Tunisia,Sousse,Sousse_South,High,With disability,Women,Employment_rate,,%,Administrative_Health_Reports,missing_value
2021,Tunisia,Sousse,Sousse_South,High,With disability,Women,Decision_making_participation,,%,Household_Survey,missing_value
2021,Tunisia,Sousse,Sousse_South,High,With disability,Men,School_enrollment,45.36874914906328,%,Administrative_Health_Reports,ok
2021,Tunisia,Sousse,Sousse_South,High,With disability,Men,Health_services_access,38.72677142507014,%,Labour_Force_Survey,ok
2021,Tunisia,Sousse,Sousse_South,High,With disability,Men,GBV_services_access,35.83895425042266,%,Administrative_Health_Reports,ok
2021,Tunisia,Sousse,Sousse_South,High,With disability,Men,Employment_rate,,%,Labour_Force_Survey,missing_value
2021,Tunisia,Sousse,Sousse_South,High,With disability,Men,Decision_making_participation,38.6518451681977,%,Administrative_Health_Reports,ok
2022,Tunisia,Sousse,Sousse_South,Low,No disability,Women,School_enrollment,29.7153675808769,%,Community_GBV_Monitoring,ok
2022,Tunisia,Sousse,Sousse_South,Low,No disability,Women,Health_services_access,37.30670920619521,%,Administrative_Health_Reports,ok
2022,Tunisia,Sousse,Sousse_South,Low,No disability,Women,GBV_services_access,24.468625612324534,%,Civic_Participation_Records,ok
2022,Tunisia,Sousse,Sousse_South,Low,No disability,Women,Employment_rate,24.81485803450343,%,Labour_Force_Survey,ok
2022,Tunisia,Sousse,Sousse_South,Low,No disability,Women,Decision_making_participation,34.74605539235588,%,Labour_Force_Survey,ok
2022,Tunisia,Sousse,Sousse_South,Low,No disability,Men,School_enrollment,36.22647008024947,%,Administrative_Health_Reports,ok
2022,Tunisia,Sousse,Sousse_South,Low,No disability,Men,Health_services_access,37.017158103802885,%,Labour_Force_Survey,ok
2022,Tunisia,Sousse,Sousse_South,Low,No disability,Men,GBV_services_access,,%,Administrative_Health_Reports,missing_value
2022,Tunisia,Sousse,Sousse_South,Low,No disability,Men,Employment_rate,34.0931414426451,%,Civic_Participation_Records,ok
2022,Tunisia,Sousse,Sousse_South,Low,No disability,Men,Decision_making_participation,37.99459156255628,%,Community_GBV_Monitoring,ok
2022,Tunisia,Sousse,Sousse_South,Low,With disability,Women,School_enrollment,15.571048488234624,%,Household_Survey,ok
2022,Tunisia,Sousse,Sousse_South,Low,With disability,Women,Health_services_access,7.052261277114893,%,Civic_Participation_Records,ok
2022,Tunisia,Sousse,Sousse_South,Low,With disability,Women,GBV_services_access,11.745655916811618,%,Labour_Force_Survey,ok
2022,Tunisia,Sousse,Sousse_South,Low,With disability,Women,Employment_rate,,%,Labour_Force_Survey,missing_value
2022,Tunisia,Sousse,Sousse_South,Low,With disability,Women,Decision_making_participation,11.212043249226916,%,Community_GBV_Monitoring,ok
2022,Tunisia,Sousse,Sousse_South,Low,With disability,Men,School_enrollment,20.25207869620539,%,Labour_Force_Survey,ok
2022,Tunisia,Sousse,Sousse_South,Low,With disability,Men,Health_services_access,11.261313153890264,%,Administrative_Health_Reports,ok
2022,Tunisia,Sousse,Sousse_South,Low,With disability,Men,GBV_services_access,,%,Labour_Force_Survey,missing_value
2022,Tunisia,Sousse,Sousse_South,Low,With disability,Men,Employment_rate,15.33128392070735,%,Civic_Participation_Records,ok
2022,Tunisia,Sousse,Sousse_South,Low,With disability,Men,Decision_making_participation,16.901845649764972,%,Civic_Participation_Records,ok
2022,Tunisia,Sousse,Sousse_South,Middle,No disability,Women,School_enrollment,56.047659708745954,%,Household_Survey,ok
2022,Tunisia,Sousse,Sousse_South,Middle,No disability,Women,Health_services_access,47.952026316328755,%,Labour_Force_Survey,ok
2022,Tunisia,Sousse,Sousse_South,Middle,No disability,Women,GBV_services_access,48.86862744269804,%,Household_Survey,ok
2022,Tunisia,Sousse,Sousse_South,Middle,No disability,Women,Employment_rate,45.684280900037024,%,Administrative_Health_Reports,ok
2022,Tunisia,Sousse,Sousse_South,Middle,No disability,Women,Decision_making_participation,50.854510616560304,%,Community_GBV_Monitoring,ok
2022,Tunisia,Sousse,Sousse_South,Middle,No disability,Men,School_enrollment,55.09168982959599,%,Community_GBV_Monitoring,ok
2022,Tunisia,Sousse,Sousse_South,Middle,No disability,Men,Health_services_access,57.0334534060906,%,Community_GBV_Monitoring,ok
2022,Tunisia,Sousse,Sousse_South,Middle,No disability,Men,GBV_services_access,54.61410853150171,%,Household_Survey,ok
2022,Tunisia,Sousse,Sousse_South,Middle,No disability,Men,Employment_rate,55.15118406319865,%,Household_Survey,ok
2022,Tunisia,Sousse,Sousse_South,Middle,No disability,Men,Decision_making_participation,54.883298999903744,%,Labour_Force_Survey,ok
2022,Tunisia,Sousse,Sousse_South,Middle,With disability,Women,School_enrollment,29.05035264488423,%,Community_GBV_Monitoring,ok
2022,Tunisia,Sousse,Sousse_South,Middle,With disability,Women,Health_services_access,28.715287773448328,%,Household_Survey,ok
2022,Tunisia,Sousse,Sousse_South,Middle,With disability,Women,GBV_services_access,30.21500372960964,%,Civic_Participation_Records,ok
2022,Tunisia,Sousse,Sousse_South,Middle,With disability,Women,Employment_rate,30.350625749952,%,Civic_Participation_Records,ok
2022,Tunisia,Sousse,Sousse_South,Middle,With disability,Women,Decision_making_participation,32.63616742310527,%,Administrative_Health_Reports,ok
2022,Tunisia,Sousse,Sousse_South,Middle,With disability,Men,School_enrollment,30.928418403367132,%,Administrative_Health_Reports,ok
2022,Tunisia,Sousse,Sousse_South,Middle,With disability,Men,Health_services_access,31.758407431117465,%,Household_Survey,ok
2022,Tunisia,Sousse,Sousse_South,Middle,With disability,Men,GBV_services_access,,%,Labour_Force_Survey,missing_value
2022,Tunisia,Sousse,Sousse_South,Middle,With disability,Men,Employment_rate,,%,Administrative_Health_Reports,missing_value
2022,Tunisia,Sousse,Sousse_South,Middle,With disability,Men,Decision_making_participation,32.60942114504268,%,Household_Survey,ok
2022,Tunisia,Sousse,Sousse_South,High,No disability,Women,School_enrollment,58.87152052417776,%,Community_GBV_Monitoring,ok
2022,Tunisia,Sousse,Sousse_South,High,No disability,Women,Health_services_access,53.19265050405422,%,Household_Survey,ok
2022,Tunisia,Sousse,Sousse_South,High,No disability,Women,GBV_services_access,58.451351082580906,%,Community_GBV_Monitoring,ok
2022,Tunisia,Sousse,Sousse_South,High,No disability,Women,Employment_rate,49.15155916186988,%,Administrative_Health_Reports,ok
2022,Tunisia,Sousse,Sousse_South,High,No disability,Women,Decision_making_participation,52.07794663098224,%,Administrative_Health_Reports,ok
2022,Tunisia,Sousse,Sousse_South,High,No disability,Men,School_enrollment,60.56444032637443,%,Civic_Participation_Records,ok
2022,Tunisia,Sousse,Sousse_South,High,No disability,Men,Health_services_access,57.5026084060391,%,Administrative_Health_Reports,ok
2022,Tunisia,Sousse,Sousse_South,High,No disability,Men,GBV_services_access,64.54041376429387,%,Household_Survey,ok
2022,Tunisia,Sousse,Sousse_South,High,No disability,Men,Employment_rate,57.59435556249013,%,Civic_Participation_Records,ok
2022,Tunisia,Sousse,Sousse_South,High,No disability,Men,Decision_making_participation,59.05863795459227,%,Community_GBV_Monitoring,ok
2022,Tunisia,Sousse,Sousse_South,High,With disability,Women,School_enrollment,33.681648012663324,%,Civic_Participation_Records,ok
2022,Tunisia,Sousse,Sousse_South,High,With disability,Women,Health_services_access,,%,Civic_Participation_Records,missing_value
2022,Tunisia,Sousse,Sousse_South,High,With disability,Women,GBV_services_access,31.75323771543569,%,Civic_Participation_Records,ok
2022,Tunisia,Sousse,Sousse_South,High,With disability,Women,Employment_rate,,%,Household_Survey,missing_value
2022,Tunisia,Sousse,Sousse_South,High,With disability,Women,Decision_making_participation,32.809866995820016,%,Labour_Force_Survey,ok
2022,Tunisia,Sousse,Sousse_South,High,With disability,Men,School_enrollment,,%,Civic_Participation_Records,missing_value
2022,Tunisia,Sousse,Sousse_South,High,With disability,Men,Health_services_access,35.96815447101469,%,Civic_Participation_Records,ok
2022,Tunisia,Sousse,Sousse_South,High,With disability,Men,GBV_services_access,28.450461829449416,%,Administrative_Health_Reports,ok
2022,Tunisia,Sousse,Sousse_South,High,With disability,Men,Employment_rate,46.53553688964405,%,Community_GBV_Monitoring,ok
2022,Tunisia,Sousse,Sousse_South,High,With disability,Men,Decision_making_participation,38.69341503019077,%,Household_Survey,ok
2023,Tunisia,Sousse,Sousse_South,Low,No disability,Women,School_enrollment,32.28081312383157,%,Administrative_Health_Reports,ok
2023,Tunisia,Sousse,Sousse_South,Low,No disability,Women,Health_services_access,34.93777231309432,%,Labour_Force_Survey,ok
2023,Tunisia,Sousse,Sousse_South,Low,No disability,Women,GBV_services_access,31.84906414067772,%,Household_Survey,ok
2023,Tunisia,Sousse,Sousse_South,Low,No disability,Women,Employment_rate,,%,Administrative_Health_Reports,missing_value
2023,Tunisia,Sousse,Sousse_South,Low,No disability,Women,Decision_making_participation,31.20909762136991,%,Household_Survey,ok
2023,Tunisia,Sousse,Sousse_South,Low,No disability,Men,School_enrollment,37.50692958193143,%,Community_GBV_Monitoring,ok
2023,Tunisia,Sousse,Sousse_South,Low,No disability,Men,Health_services_access,38.493221031078924,%,Civic_Participation_Records,ok
2023,Tunisia,Sousse,Sousse_South,Low,No disability,Men,GBV_services_access,36.56865700377898,%,Community_GBV_Monitoring,ok
2023,Tunisia,Sousse,Sousse_South,Low,No disability,Men,Employment_rate,35.24702569809577,%,Labour_Force_Survey,ok
2023,Tunisia,Sousse,Sousse_South,Low,No disability,Men,Decision_making_participation,37.71922244718914,%,Labour_Force_Survey,ok
2023,Tunisia,Sousse,Sousse_South,Low,With disability,Women,School_enrollment,14.665410943868759,%,Household_Survey,ok
2023,Tunisia,Sousse,Sousse_South,Low,With disability,Women,Health_services_access,7.932417266519952,%,Household_Survey,ok
2023,Tunisia,Sousse,Sousse_South,Low,With disability,Women,GBV_services_access,10.553845080072414,%,Administrative_Health_Reports,ok
2023,Tunisia,Sousse,Sousse_South,Low,With disability,Women,Employment_rate,13.37218374299332,%,Administrative_Health_Reports,ok
2023,Tunisia,Sousse,Sousse_South,Low,With disability,Women,Decision_making_participation,17.002455257774358,%,Household_Survey,ok
2023,Tunisia,Sousse,Sousse_South,Low,With disability,Men,School_enrollment,18.58278831810369,%,Civic_Participation_Records,ok
2023,Tunisia,Sousse,Sousse_South,Low,With disability,Men,Health_services_access,14.613603790269552,%,Labour_Force_Survey,ok
2023,Tunisia,Sousse,Sousse_South,Low,With disability,Men,GBV_services_access,11.743763910599952,%,Administrative_Health_Reports,ok
2023,Tunisia,Sousse,Sousse_South,Low,With disability,Men,Employment_rate,15.378231962553466,%,Community_GBV_Monitoring,ok
2023,Tunisia,Sousse,Sousse_South,Low,With disability,Men,Decision_making_participation,19.90997776099425,%,Labour_Force_Survey,ok
2023,Tunisia,Sousse,Sousse_South,Middle,No disability,Women,School_enrollment,53.698838107271726,%,Civic_Participation_Records,ok
2023,Tunisia,Sousse,Sousse_South,Middle,No disability,Women,Health_services_access,47.25607481919948,%,Community_GBV_Monitoring,ok
2023,Tunisia,Sousse,Sousse_South,Middle,No disability,Women,GBV_services_access,,%,Civic_Participation_Records,missing_value
2023,Tunisia,Sousse,Sousse_South,Middle,No disability,Women,Employment_rate,46.51731759062857,%,Civic_Participation_Records,ok
2023,Tunisia,Sousse,Sousse_South,Middle,No disability,Women,Decision_making_participation,44.95436982165041,%,Administrative_Health_Reports,ok
2023,Tunisia,Sousse,Sousse_South,Middle,No disability,Men,School_enrollment,53.35868503180117,%,Civic_Participation_Records,ok
2023,Tunisia,Sousse,Sousse_South,Middle,No disability,Men,Health_services_access,56.34522316082442,%,Civic_Participation_Records,ok
2023,Tunisia,Sousse,Sousse_South,Middle,No disability,Men,GBV_services_access,51.812080481590996,%,Administrative_Health_Reports,ok
2023,Tunisia,Sousse,Sousse_South,Middle,No disability,Men,Employment_rate,55.11743701316749,%,Civic_Participation_Records,ok
2023,Tunisia,Sousse,Sousse_South,Middle,No disability,Men,Decision_making_participation,50.38241647134883,%,Administrative_Health_Reports,ok
2023,Tunisia,Sousse,Sousse_South,Middle,With disability,Women,School_enrollment,26.875898862892097,%,Labour_Force_Survey,ok
2023,Tunisia,Sousse,Sousse_South,Middle,With disability,Women,Health_services_access,,%,Household_Survey,missing_value
2023,Tunisia,Sousse,Sousse_South,Middle,With disability,Women,GBV_services_access,22.738224822953885,%,Administrative_Health_Reports,ok
2023,Tunisia,Sousse,Sousse_South,Middle,With disability,Women,Employment_rate,33.68474370212989,%,Community_GBV_Monitoring,ok
2023,Tunisia,Sousse,Sousse_South,Middle,With disability,Women,Decision_making_participation,26.787092300938465,%,Community_GBV_Monitoring,ok
2023,Tunisia,Sousse,Sousse_South,Middle,With disability,Men,School_enrollment,31.85402849753645,%,Labour_Force_Survey,ok
2023,Tunisia,Sousse,Sousse_South,Middle,With disability,Men,Health_services_access,31.090435160497048,%,Labour_Force_Survey,ok
2023,Tunisia,Sousse,Sousse_South,Middle,With disability,Men,GBV_services_access,29.93628584878626,%,Administrative_Health_Reports,ok
2023,Tunisia,Sousse,Sousse_South,Middle,With disability,Men,Employment_rate,37.20826115428339,%,Community_GBV_Monitoring,ok
2023,Tunisia,Sousse,Sousse_South,Middle,With disability,Men,Decision_making_participation,41.87895864309405,%,Civic_Participation_Records,ok
2023,Tunisia,Sousse,Sousse_South,High,No disability,Women,School_enrollment,51.495852992054076,%,Community_GBV_Monitoring,ok
2023,Tunisia,Sousse,Sousse_South,High,No disability,Women,Health_services_access,49.89601912841227,%,Household_Survey,ok
2023,Tunisia,Sousse,Sousse_South,High,No disability,Women,GBV_services_access,54.901393403935714,%,Administrative_Health_Reports,ok
2023,Tunisia,Sousse,Sousse_South,High,No disability,Women,Employment_rate,52.49046237366583,%,Civic_Participation_Records,ok
2023,Tunisia,Sousse,Sousse_South,High,No disability,Women,Decision_making_participation,53.46951941243126,%,Community_GBV_Monitoring,ok
2023,Tunisia,Sousse,Sousse_South,High,No disability,Men,School_enrollment,61.07829435733858,%,Labour_Force_Survey,ok
2023,Tunisia,Sousse,Sousse_South,High,No disability,Men,Health_services_access,62.609666805909434,%,Community_GBV_Monitoring,ok
2023,Tunisia,Sousse,Sousse_South,High,No disability,Men,GBV_services_access,55.94139707618861,%,Community_GBV_Monitoring,ok
2023,Tunisia,Sousse,Sousse_South,High,No disability,Men,Employment_rate,61.745713200447554,%,Community_GBV_Monitoring,ok
2023,Tunisia,Sousse,Sousse_South,High,No disability,Men,Decision_making_participation,59.831122376706695,%,Administrative_Health_Reports,ok
2023,Tunisia,Sousse,Sousse_South,High,With disability,Women,School_enrollment,28.843453047808985,%,Administrative_Health_Reports,ok
2023,Tunisia,Sousse,Sousse_South,High,With disability,Women,Health_services_access,32.25620995795748,%,Administrative_Health_Reports,ok
2023,Tunisia,Sousse,Sousse_South,High,With disability,Women,GBV_services_access,34.04142301985656,%,Labour_Force_Survey,ok
2023,Tunisia,Sousse,Sousse_South,High,With disability,Women,Employment_rate,32.960477430310455,%,Community_GBV_Monitoring,ok
2023,Tunisia,Sousse,Sousse_South,High,With disability,Women,Decision_making_participation,35.91466298591019,%,Civic_Participation_Records,ok
2023,Tunisia,Sousse,Sousse_South,High,With disability,Men,School_enrollment,40.37624031376706,%,Civic_Participation_Records,ok
2023,Tunisia,Sousse,Sousse_South,High,With disability,Men,Health_services_access,39.06103449652543,%,Community_GBV_Monitoring,ok
2023,Tunisia,Sousse,Sousse_South,High,With disability,Men,GBV_services_access,,%,Civic_Participation_Records,missing_value
2023,Tunisia,Sousse,Sousse_South,High,With disability,Men,Employment_rate,40.34230839989625,%,Household_Survey,ok
2023,Tunisia,Sousse,Sousse_South,High,With disability,Men,Decision_making_participation,38.234903641056,%,Administrative_Health_Reports,ok
2024,Tunisia,Sousse,Sousse_South,Low,No disability,Women,School_enrollment,32.955308564325335,%,Community_GBV_Monitoring,ok
2024,Tunisia,Sousse,Sousse_South,Low,No disability,Women,Health_services_access,31.201865844373863,%,Labour_Force_Survey,ok
2024,Tunisia,Sousse,Sousse_South,Low,No disability,Women,GBV_services_access,26.983132438860345,%,Civic_Participation_Records,ok
2024,Tunisia,Sousse,Sousse_South,Low,No disability,Women,Employment_rate,24.296656063016002,%,Household_Survey,ok
2024,Tunisia,Sousse,Sousse_South,Low,No disability,Women,Decision_making_participation,36.456978992410534,%,Community_GBV_Monitoring,ok
2024,Tunisia,Sousse,Sousse_South,Low,No disability,Men,School_enrollment,,%,Community_GBV_Monitoring,missing_value
2024,Tunisia,Sousse,Sousse_South,Low,No disability,Men,Health_services_access,36.45780765951042,%,Community_GBV_Monitoring,ok
2024,Tunisia,Sousse,Sousse_South,Low,No disability,Men,GBV_services_access,36.6050216892456,%,Administrative_Health_Reports,ok
2024,Tunisia,Sousse,Sousse_South,Low,No disability,Men,Employment_rate,35.65757778295595,%,Household_Survey,ok
2024,Tunisia,Sousse,Sousse_South,Low,No disability,Men,Decision_making_participation,,%,Civic_Participation_Records,missing_value
2024,Tunisia,Sousse,Sousse_South,Low,With disability,Women,School_enrollment,,%,Civic_Participation_Records,missing_value
2024,Tunisia,Sousse,Sousse_South,Low,With disability,Women,Health_services_access,15.689868341875522,%,Administrative_Health_Reports,ok
2024,Tunisia,Sousse,Sousse_South,Low,With disability,Women,GBV_services_access,7.293920369875163,%,Civic_Participation_Records,ok
2024,Tunisia,Sousse,Sousse_South,Low,With disability,Women,Employment_rate,12.186289243999024,%,Labour_Force_Survey,ok
2024,Tunisia,Sousse,Sousse_South,Low,With disability,Women,Decision_making_participation,,%,Labour_Force_Survey,missing_value
2024,Tunisia,Sousse,Sousse_South,Low,With disability,Men,School_enrollment,18.101680258215286,%,Community_GBV_Monitoring,ok
2024,Tunisia,Sousse,Sousse_South,Low,With disability,Men,Health_services_access,14.263481642103075,%,Community_GBV_Monitoring,ok
2024,Tunisia,Sousse,Sousse_South,Low,With disability,Men,GBV_services_access,8.993622921657618,%,Administrative_Health_Reports,ok
2024,Tunisia,Sousse,Sousse_South,Low,With disability,Men,Employment_rate,16.281350852271967,%,Labour_Force_Survey,ok
2024,Tunisia,Sousse,Sousse_South,Low,With disability,Men,Decision_making_participation,17.046752422489146,%,Labour_Force_Survey,ok
2024,Tunisia,Sousse,Sousse_South,Middle,No disability,Women,School_enrollment,49.778787662569194,%,Civic_Participation_Records,ok
2024,Tunisia,Sousse,Sousse_South,Middle,No disability,Women,Health_services_access,48.6928944035631,%,Administrative_Health_Reports,ok
2024,Tunisia,Sousse,Sousse_South,Middle,No disability,Women,GBV_services_access,44.19308114445782,%,Community_GBV_Monitoring,ok
2024,Tunisia,Sousse,Sousse_South,Middle,No disability,Women,Employment_rate,49.06217654554885,%,Labour_Force_Survey,ok
2024,Tunisia,Sousse,Sousse_South,Middle,No disability,Women,Decision_making_participation,54.147318842443745,%,Civic_Participation_Records,ok
2024,Tunisia,Sousse,Sousse_South,Middle,No disability,Men,School_enrollment,53.39887515490215,%,Community_GBV_Monitoring,ok
2024,Tunisia,Sousse,Sousse_South,Middle,No disability,Men,Health_services_access,51.93670042610237,%,Labour_Force_Survey,ok
2024,Tunisia,Sousse,Sousse_South,Middle,No disability,Men,GBV_services_access,,%,Community_GBV_Monitoring,missing_value
2024,Tunisia,Sousse,Sousse_South,Middle,No disability,Men,Employment_rate,55.13723752483418,%,Administrative_Health_Reports,ok
2024,Tunisia,Sousse,Sousse_South,Middle,No disability,Men,Decision_making_participation,52.56581250442826,%,Household_Survey,ok
2024,Tunisia,Sousse,Sousse_South,Middle,With disability,Women,School_enrollment,31.568117309762716,%,Labour_Force_Survey,ok
2024,Tunisia,Sousse,Sousse_South,Middle,With disability,Women,Health_services_access,,%,Civic_Participation_Records,missing_value
2024,Tunisia,Sousse,Sousse_South,Middle,With disability,Women,GBV_services_access,29.70179660688163,%,Community_GBV_Monitoring,ok
2024,Tunisia,Sousse,Sousse_South,Middle,With disability,Women,Employment_rate,28.80375234786102,%,Civic_Participation_Records,ok
2024,Tunisia,Sousse,Sousse_South,Middle,With disability,Women,Decision_making_participation,33.84957215448832,%,Administrative_Health_Reports,ok
2024,Tunisia,Sousse,Sousse_South,Middle,With disability,Men,School_enrollment,34.644174811975766,%,Community_GBV_Monitoring,ok
2024,Tunisia,Sousse,Sousse_South,Middle,With disability,Men,Health_services_access,30.5863066566624,%,Labour_Force_Survey,ok
2024,Tunisia,Sousse,Sousse_South,Middle,With disability,Men,GBV_services_access,27.402802850594842,%,Civic_Participation_Records,ok
2024,Tunisia,Sousse,Sousse_South,Middle,With disability,Men,Employment_rate,36.89567078315251,%,Household_Survey,ok
2024,Tunisia,Sousse,Sousse_South,Middle,With disability,Men,Decision_making_participation,33.34549669244363,%,Administrative_Health_Reports,ok
2024,Tunisia,Sousse,Sousse_South,High,No disability,Women,School_enrollment,,%,Household_Survey,missing_value
2024,Tunisia,Sousse,Sousse_South,High,No disability,Women,Health_services_access,52.998674236910865,%,Community_GBV_Monitoring,ok
2024,Tunisia,Sousse,Sousse_South,High,No disability,Women,GBV_services_access,53.3169179236219,%,Civic_Participation_Records,ok
2024,Tunisia,Sousse,Sousse_South,High,No disability,Women,Employment_rate,54.51514951104718,%,Labour_Force_Survey,ok
2024,Tunisia,Sousse,Sousse_South,High,No disability,Women,Decision_making_participation,54.3607132115193,%,Civic_Participation_Records,ok
2024,Tunisia,Sousse,Sousse_South,High,No disability,Men,School_enrollment,57.0491754055181,%,Administrative_Health_Reports,ok
2024,Tunisia,Sousse,Sousse_South,High,No disability,Men,Health_services_access,58.12528064577522,%,Labour_Force_Survey,ok
2024,Tunisia,Sousse,Sousse_South,High,No disability,Men,GBV_services_access,59.37438846000163,%,Community_GBV_Monitoring,ok
2024,Tunisia,Sousse,Sousse_South,High,No disability,Men,Employment_rate,58.58042582578887,%,Labour_Force_Survey,ok
2024,Tunisia,Sousse,Sousse_South,High,No disability,Men,Decision_making_participation,56.57409160610322,%,Labour_Force_Survey,ok
2024,Tunisia,Sousse,Sousse_South,High,With disability,Women,School_enrollment,,%,Civic_Participation_Records,missing_value
2024,Tunisia,Sousse,Sousse_South,High,With disability,Women,Health_services_access,29.493094389367666,%,Labour_Force_Survey,ok
2024,Tunisia,Sousse,Sousse_South,High,With disability,Women,GBV_services_access,32.29416874636156,%,Civic_Participation_Records,ok
2024,Tunisia,Sousse,Sousse_South,High,With disability,Women,Employment_rate,33.08435388373649,%,Administrative_Health_Reports,ok
2024,Tunisia,Sousse,Sousse_South,High,With disability,Women,Decision_making_participation,29.753237504647274,%,Administrative_Health_Reports,ok
2024,Tunisia,Sousse,Sousse_South,High,With disability,Men,School_enrollment,41.019391967011835,%,Community_GBV_Monitoring,ok
2024,Tunisia,Sousse,Sousse_South,High,With disability,Men,Health_services_access,34.446585631046176,%,Labour_Force_Survey,ok
2024,Tunisia,Sousse,Sousse_South,High,With disability,Men,GBV_services_access,,%,Administrative_Health_Reports,missing_value
2024,Tunisia,Sousse,Sousse_South,High,With disability,Men,Employment_rate,44.43185186360101,%,Household_Survey,ok
2024,Tunisia,Sousse,Sousse_South,High,With disability,Men,Decision_making_participation,36.0238123665081,%,Community_GBV_Monitoring,ok
2020,Tunisia,Sfax,Sfax_City,Low,No disability,Women,School_enrollment,29.592975096079236,%,Community_GBV_Monitoring,ok
2020,Tunisia,Sfax,Sfax_City,Low,No disability,Women,Health_services_access,30.0926230817997,%,Administrative_Health_Reports,ok
2020,Tunisia,Sfax,Sfax_City,Low,No disability,Women,GBV_services_access,30.273613203300613,%,Administrative_Health_Reports,ok
2020,Tunisia,Sfax,Sfax_City,Low,No disability,Women,Employment_rate,27.52707581658937,%,Community_GBV_Monitoring,ok
2020,Tunisia,Sfax,Sfax_City,Low,No disability,Women,Decision_making_participation,32.452218412303814,%,Community_GBV_Monitoring,ok
2020,Tunisia,Sfax,Sfax_City,Low,No disability,Men,School_enrollment,35.325151550696646,%,Community_GBV_Monitoring,ok
2020,Tunisia,Sfax,Sfax_City,Low,No disability,Men,Health_services_access,35.7652408103957,%,Labour_Force_Survey,ok
2020,Tunisia,Sfax,Sfax_City,Low,No disability,Men,GBV_services_access,33.91808256227545,%,Civic_Participation_Records,ok
2020,Tunisia,Sfax,Sfax_City,Low,No disability,Men,Employment_rate,31.656656008464164,%,Community_GBV_Monitoring,ok
2020,Tunisia,Sfax,Sfax_City,Low,No disability,Men,Decision_making_participation,37.347418543182336,%,Administrative_Health_Reports,ok
2020,Tunisia,Sfax,Sfax_City,Low,With disability,Women,School_enrollment,,%,Administrative_Health_Reports,missing_value
2020,Tunisia,Sfax,Sfax_City,Low,With disability,Women,Health_services_access,6.556960703208449,%,Community_GBV_Monitoring,ok
2020,Tunisia,Sfax,Sfax_City,Low,With disability,Women,GBV_services_access,,%,Household_Survey,missing_value
2020,Tunisia,Sfax,Sfax_City,Low,With disability,Women,Employment_rate,13.272814646700292,%,Household_Survey,ok
2020,Tunisia,Sfax,Sfax_City,Low,With disability,Women,Decision_making_participation,13.3195846433642,%,Household_Survey,ok
2020,Tunisia,Sfax,Sfax_City,Low,With disability,Men,School_enrollment,,%,Labour_Force_Survey,missing_value
2020,Tunisia,Sfax,Sfax_City,Low,With disability,Men,Health_services_access,12.620815631831853,%,Labour_Force_Survey,ok
2020,Tunisia,Sfax,Sfax_City,Low,With disability,Men,GBV_services_access,10.718346987274812,%,Civic_Participation_Records,ok
2020,Tunisia,Sfax,Sfax_City,Low,With disability,Men,Employment_rate,16.848357702006698,%,Administrative_Health_Reports,ok
2020,Tunisia,Sfax,Sfax_City,Low,With disability,Men,Decision_making_participation,16.319699019952335,%,Civic_Participation_Records,ok
2020,Tunisia,Sfax,Sfax_City,Middle,No disability,Women,School_enrollment,45.72901126293012,%,Administrative_Health_Reports,ok
2020,Tunisia,Sfax,Sfax_City,Middle,No disability,Women,Health_services_access,46.0269505243677,%,Civic_Participation_Records,ok
2020,Tunisia,Sfax,Sfax_City,Middle,No disability,Women,GBV_services_access,48.521394021915164,%,Household_Survey,ok
2020,Tunisia,Sfax,Sfax_City,Middle,No disability,Women,Employment_rate,49.07210798495349,%,Labour_Force_Survey,ok
2020,Tunisia,Sfax,Sfax_City,Middle,No disability,Women,Decision_making_participation,47.32952007393606,%,Labour_Force_Survey,ok
2020,Tunisia,Sfax,Sfax_City,Middle,No disability,Men,School_enrollment,53.59668424422469,%,Labour_Force_Survey,ok
2020,Tunisia,Sfax,Sfax_City,Middle,No disability,Men,Health_services_access,,%,Administrative_Health_Reports,missing_value
2020,Tunisia,Sfax,Sfax_City,Middle,No disability,Men,GBV_services_access,,%,Labour_Force_Survey,missing_value
2020,Tunisia,Sfax,Sfax_City,Middle,No disability,Men,Employment_rate,52.004292031490515,%,Household_Survey,ok
2020,Tunisia,Sfax,Sfax_City,Middle,No disability,Men,Decision_making_participation,55.240028173332746,%,Community_GBV_Monitoring,ok
2020,Tunisia,Sfax,Sfax_City,Middle,With disability,Women,School_enrollment,27.639379141198066,%,Civic_Participation_Records,ok
2020,Tunisia,Sfax,Sfax_City,Middle,With disability,Women,Health_services_access,26.661601513465122,%,Civic_Participation_Records,ok
2020,Tunisia,Sfax,Sfax_City,Middle,With disability,Women,GBV_services_access,25.236981465110162,%,Community_GBV_Monitoring,ok
2020,Tunisia,Sfax,Sfax_City,Middle,With disability,Women,Employment_rate,28.581898915632063,%,Civic_Participation_Records,ok
2020,Tunisia,Sfax,Sfax_City,Middle,With disability,Women,Decision_making_participation,29.008290814935457,%,Administrative_Health_Reports,ok
2020,Tunisia,Sfax,Sfax_City,Middle,With disability,Men,School_enrollment,33.624106946878044,%,Civic_Participation_Records,ok
2020,Tunisia,Sfax,Sfax_City,Middle,With disability,Men,Health_services_access,29.675309431419233,%,Civic_Participation_Records,ok
2020,Tunisia,Sfax,Sfax_City,Middle,With disability,Men,GBV_services_access,32.101851990451465,%,Community_GBV_Monitoring,ok
2020,Tunisia,Sfax,Sfax_City,Middle,With disability,Men,Employment_rate,33.00451757144185,%,Civic_Participation_Records,ok
2020,Tunisia,Sfax,Sfax_City,Middle,With disability,Men,Decision_making_participation,29.44640146417425,%,Community_GBV_Monitoring,ok
2020,Tunisia,Sfax,Sfax_City,High,No disability,Women,School_enrollment,53.78893231867312,%,Labour_Force_Survey,ok
2020,Tunisia,Sfax,Sfax_City,High,No disability,Women,Health_services_access,57.00684049136649,%,Civic_Participation_Records,ok
2020,Tunisia,Sfax,Sfax_City,High,No disability,Women,GBV_services_access,55.957663832448056,%,Household_Survey,ok
2020,Tunisia,Sfax,Sfax_City,High,No disability,Women,Employment_rate,52.11582134712777,%,Administrative_Health_Reports,ok
2020,Tunisia,Sfax,Sfax_City,High,No disability,Women,Decision_making_participation,53.20464317558392,%,Labour_Force_Survey,ok
2020,Tunisia,Sfax,Sfax_City,High,No disability,Men,School_enrollment,62.511073857481996,%,Administrative_Health_Reports,ok
2020,Tunisia,Sfax,Sfax_City,High,No disability,Men,Health_services_access,57.930002971318586,%,Administrative_Health_Reports,ok
2020,Tunisia,Sfax,Sfax_City,High,No disability,Men,GBV_services_access,58.66017030390313,%,Civic_Participation_Records,ok
2020,Tunisia,Sfax,Sfax_City,High,No disability,Men,Employment_rate,56.43708175726425,%,Administrative_Health_Reports,ok
2020,Tunisia,Sfax,Sfax_City,High,No disability,Men,Decision_making_participation,55.702323344672344,%,Civic_Participation_Records,ok
2020,Tunisia,Sfax,Sfax_City,High,With disability,Women,School_enrollment,29.24154436181309,%,Labour_Force_Survey,ok
2020,Tunisia,Sfax,Sfax_City,High,With disability,Women,Health_services_access,30.23651997629908,%,Labour_Force_Survey,ok
2020,Tunisia,Sfax,Sfax_City,High,With disability,Women,GBV_services_access,29.65842578771914,%,Community_GBV_Monitoring,ok
2020,Tunisia,Sfax,Sfax_City,High,With disability,Women,Employment_rate,,%,Administrative_Health_Reports,missing_value
2020,Tunisia,Sfax,Sfax_City,High,With disability,Women,Decision_making_participation,28.71942205591585,%,Community_GBV_Monitoring,ok
2020,Tunisia,Sfax,Sfax_City,High,With disability,Men,School_enrollment,34.58492029603597,%,Administrative_Health_Reports,ok
2020,Tunisia,Sfax,Sfax_City,High,With disability,Men,Health_services_access,33.70385337796141,%,Community_GBV_Monitoring,ok
2020,Tunisia,Sfax,Sfax_City,High,With disability,Men,GBV_services_access,33.369819466418704,%,Community_GBV_Monitoring,ok
2020,Tunisia,Sfax,Sfax_City,High,With disability,Men,Employment_rate,39.11569927236399,%,Household_Survey,ok
2020,Tunisia,Sfax,Sfax_City,High,With disability,Men,Decision_making_participation,37.11654212762434,%,Community_GBV_Monitoring,ok
2021,Tunisia,Sfax,Sfax_City,Low,No disability,Women,School_enrollment,30.0234284886706,%,Labour_Force_Survey,ok
2021,Tunisia,Sfax,Sfax_City,Low,No disability,Women,Health_services_access,27.16553080684928,%,Community_GBV_Monitoring,ok
2021,Tunisia,Sfax,Sfax_City,Low,No disability,Women,GBV_services_access,,%,Community_GBV_Monitoring,missing_value
2021,Tunisia,Sfax,Sfax_City,Low,No disability,Women,Employment_rate,26.835704230016717,%,Community_GBV_Monitoring,ok
2021,Tunisia,Sfax,Sfax_City,Low,No disability,Women,Decision_making_participation,35.77241911044515,%,Administrative_Health_Reports,ok
2021,Tunisia,Sfax,Sfax_City,Low,No disability,Men,School_enrollment,36.443563718062734,%,Administrative_Health_Reports,ok
2021,Tunisia,Sfax,Sfax_City,Low,No disability,Men,Health_services_access,39.18626045386027,%,Civic_Participation_Records,ok
2021,Tunisia,Sfax,Sfax_City,Low,No disability,Men,GBV_services_access,30.35326382191446,%,Administrative_Health_Reports,ok
2021,Tunisia,Sfax,Sfax_City,Low,No disability,Men,Employment_rate,33.95489397790841,%,Community_GBV_Monitoring,ok
2021,Tunisia,Sfax,Sfax_City,Low,No disability,Men,Decision_making_participation,40.55770109553987,%,Civic_Participation_Records,ok
2021,Tunisia,Sfax,Sfax_City,Low,With disability,Women,School_enrollment,13.24953525401971,%,Household_Survey,ok
2021,Tunisia,Sfax,Sfax_City,Low,With disability,Women,Health_services_access,15.034095537686028,%,Administrative_Health_Reports,ok
2021,Tunisia,Sfax,Sfax_City,Low,With disability,Women,GBV_services_access,6.735046114124947,%,Community_GBV_Monitoring,ok
2021,Tunisia,Sfax,Sfax_City,Low,With disability,Women,Employment_rate,11.99050523923966,%,Civic_Participation_Records,ok
2021,Tunisia,Sfax,Sfax_City,Low,With disability,Women,Decision_making_participation,,%,Community_GBV_Monitoring,missing_value
2021,Tunisia,Sfax,Sfax_City,Low,With disability,Men,School_enrollment,21.8254817070894,%,Administrative_Health_Reports,ok
2021,Tunisia,Sfax,Sfax_City,Low,With disability,Men,Health_services_access,15.01569745874624,%,Administrative_Health_Reports,ok
2021,Tunisia,Sfax,Sfax_City,Low,With disability,Men,GBV_services_access,,%,Community_GBV_Monitoring,missing_value
2021,Tunisia,Sfax,Sfax_City,Low,With disability,Men,Employment_rate,13.831454894175309,%,Civic_Participation_Records,ok
2021,Tunisia,Sfax,Sfax_City,Low,With disability,Men,Decision_making_participation,,%,Administrative_Health_Reports,missing_value
2021,Tunisia,Sfax,Sfax_City,Middle,No disability,Women,School_enrollment,49.71357060084881,%,Labour_Force_Survey,ok
2021,Tunisia,Sfax,Sfax_City,Middle,No disability,Women,Health_services_access,49.421141007805346,%,Labour_Force_Survey,ok
2021,Tunisia,Sfax,Sfax_City,Middle,No disability,Women,GBV_services_access,46.00710780778787,%,Community_GBV_Monitoring,ok
2021,Tunisia,Sfax,Sfax_City,Middle,No disability,Women,Employment_rate,46.63710123839154,%,Civic_Participation_Records,ok
2021,Tunisia,Sfax,Sfax_City,Middle,No disability,Women,Decision_making_participation,53.29107135846011,%,Community_GBV_Monitoring,ok
2021,Tunisia,Sfax,Sfax_City,Middle,No disability,Men,School_enrollment,49.72583673335146,%,Household_Survey,ok
2021,Tunisia,Sfax,Sfax_City,Middle,No disability,Men,Health_services_access,48.0021804274947,%,Community_GBV_Monitoring,ok
2021,Tunisia,Sfax,Sfax_City,Middle,No disability,Men,GBV_services_access,52.73495961828913,%,Community_GBV_Monitoring,ok
2021,Tunisia,Sfax,Sfax_City,Middle,No disability,Men,Employment_rate,51.96662121041491,%,Household_Survey,ok
2021,Tunisia,Sfax,Sfax_City,Middle,No disability,Men,Decision_making_participation,51.569497496290424,%,Civic_Participation_Records,ok
2021,Tunisia,Sfax,Sfax_City,Middle,With disability,Women,School_enrollment,26.87474954682542,%,Community_GBV_Monitoring,ok
2021,Tunisia,Sfax,Sfax_City,Middle,With disability,Women,Health_services_access,24.942803674855856,%,Civic_Participation_Records,ok
2021,Tunisia,Sfax,Sfax_City,Middle,With disability,Women,GBV_services_access,26.292075088092993,%,Labour_Force_Survey,ok
2021,Tunisia,Sfax,Sfax_City,Middle,With disability,Women,Employment_rate,31.018307410428122,%,Community_GBV_Monitoring,ok
2021,Tunisia,Sfax,Sfax_City,Middle,With disability,Women,Decision_making_participation,27.519316134668017,%,Administrative_Health_Reports,ok
2021,Tunisia,Sfax,Sfax_City,Middle,With disability,Men,School_enrollment,31.12432594771815,%,Administrative_Health_Reports,ok
2021,Tunisia,Sfax,Sfax_City,Middle,With disability,Men,Health_services_access,31.836553725570482,%,Labour_Force_Survey,ok
2021,Tunisia,Sfax,Sfax_City,Middle,With disability,Men,GBV_services_access,32.0021410928274,%,Civic_Participation_Records,ok
2021,Tunisia,Sfax,Sfax_City,Middle,With disability,Men,Employment_rate,34.864582488619696,%,Labour_Force_Survey,ok
2021,Tunisia,Sfax,Sfax_City,Middle,With disability,Men,Decision_making_participation,34.39957601949081,%,Community_GBV_Monitoring,ok
2021,Tunisia,Sfax,Sfax_City,High,No disability,Women,School_enrollment,54.1810204839582,%,Civic_Participation_Records,ok
2021,Tunisia,Sfax,Sfax_City,High,No disability,Women,Health_services_access,54.203788306162515,%,Administrative_Health_Reports,ok
2021,Tunisia,Sfax,Sfax_City,High,No disability,Women,GBV_services_access,52.08458029517815,%,Administrative_Health_Reports,ok
2021,Tunisia,Sfax,Sfax_City,High,No disability,Women,Employment_rate,51.63254621071703,%,Administrative_Health_Reports,ok
2021,Tunisia,Sfax,Sfax_City,High,No disability,Women,Decision_making_participation,51.87392592808607,%,Household_Survey,ok
2021,Tunisia,Sfax,Sfax_City,High,No disability,Men,School_enrollment,56.04083034489584,%,Civic_Participation_Records,ok
2021,Tunisia,Sfax,Sfax_City,High,No disability,Men,Health_services_access,59.66626676598894,%,Community_GBV_Monitoring,ok
2021,Tunisia,Sfax,Sfax_City,High,No disability,Men,GBV_services_access,56.29998057224626,%,Civic_Participation_Records,ok
2021,Tunisia,Sfax,Sfax_City,High,No disability,Men,Employment_rate,60.65763134179236,%,Household_Survey,ok
2021,Tunisia,Sfax,Sfax_City,High,No disability,Men,Decision_making_participation,55.91245850950658,%,Civic_Participation_Records,ok
2021,Tunisia,Sfax,Sfax_City,High,With disability,Women,School_enrollment,34.357504292755785,%,Community_GBV_Monitoring,ok
2021,Tunisia,Sfax,Sfax_City,High,With disability,Women,Health_services_access,32.53248485663907,%,Labour_Force_Survey,ok
2021,Tunisia,Sfax,Sfax_City,High,With disability,Women,GBV_services_access,27.81489316919226,%,Civic_Participation_Records,ok
2021,Tunisia,Sfax,Sfax_City,High,With disability,Women,Employment_rate,,%,Community_GBV_Monitoring,missing_value
2021,Tunisia,Sfax,Sfax_City,High,With disability,Women,Decision_making_participation,36.24921161859072,%,Administrative_Health_Reports,ok
2021,Tunisia,Sfax,Sfax_City,High,With disability,Men,School_enrollment,38.01438956142116,%,Administrative_Health_Reports,ok
2021,Tunisia,Sfax,Sfax_City,High,With disability,Men,Health_services_access,32.26632839612022,%,Labour_Force_Survey,ok
2021,Tunisia,Sfax,Sfax_City,High,With disability,Men,GBV_services_access,35.855851901264785,%,Labour_Force_Survey,ok
2021,Tunisia,Sfax,Sfax_City,High,With disability,Men,Employment_rate,42.160309565856394,%,Civic_Participation_Records,ok
2021,Tunisia,Sfax,Sfax_City,High,With disability,Men,Decision_making_participation,37.783686956533025,%,Community_GBV_Monitoring,ok
2022,Tunisia,Sfax,Sfax_City,Low,No disability,Women,School_enrollment,32.35330648285217,%,Administrative_Health_Reports,ok
2022,Tunisia,Sfax,Sfax_City,Low,No disability,Women,Health_services_access,30.675153507089053,%,Civic_Participation_Records,ok
2022,Tunisia,Sfax,Sfax_City,Low,No disability,Women,GBV_services_access,34.35937325079896,%,Labour_Force_Survey,ok
2022,Tunisia,Sfax,Sfax_City,Low,No disability,Women,Employment_rate,25.853137153466122,%,Household_Survey,ok
2022,Tunisia,Sfax,Sfax_City,Low,No disability,Women,Decision_making_participation,32.43811025926294,%,Administrative_Health_Reports,ok
2022,Tunisia,Sfax,Sfax_City,Low,No disability,Men,School_enrollment,37.332116355663985,%,Civic_Participation_Records,ok
2022,Tunisia,Sfax,Sfax_City,Low,No disability,Men,Health_services_access,41.128951972620726,%,Labour_Force_Survey,ok
2022,Tunisia,Sfax,Sfax_City,Low,No disability,Men,GBV_services_access,,%,Administrative_Health_Reports,missing_value
2022,Tunisia,Sfax,Sfax_City,Low,No disability,Men,Employment_rate,33.33157826435934,%,Household_Survey,ok
2022,Tunisia,Sfax,Sfax_City,Low,No disability,Men,Decision_making_participation,38.03344452861957,%,Community_GBV_Monitoring,ok
2022,Tunisia,Sfax,Sfax_City,Low,With disability,Women,School_enrollment,11.483392086555554,%,Labour_Force_Survey,ok
2022,Tunisia,Sfax,Sfax_City,Low,With disability,Women,Health_services_access,8.269407696906766,%,Labour_Force_Survey,ok
2022,Tunisia,Sfax,Sfax_City,Low,With disability,Women,GBV_services_access,3.6782221545326683,%,Labour_Force_Survey,ok
2022,Tunisia,Sfax,Sfax_City,Low,With disability,Women,Employment_rate,12.81670556250014,%,Household_Survey,ok
2022,Tunisia,Sfax,Sfax_City,Low,With disability,Women,Decision_making_participation,14.227233504076704,%,Labour_Force_Survey,ok
2022,Tunisia,Sfax,Sfax_City,Low,With disability,Men,School_enrollment,15.63807391360666,%,Household_Survey,ok
2022,Tunisia,Sfax,Sfax_City,Low,With disability,Men,Health_services_access,15.204984635047033,%,Community_GBV_Monitoring,ok
2022,Tunisia,Sfax,Sfax_City,Low,With disability,Men,GBV_services_access,18.430267362312815,%,Labour_Force_Survey,ok
2022,Tunisia,Sfax,Sfax_City,Low,With disability,Men,Employment_rate,12.186909713149898,%,Household_Survey,ok
2022,Tunisia,Sfax,Sfax_City,Low,With disability,Men,Decision_making_participation,19.049147288952472,%,Labour_Force_Survey,ok
2022,Tunisia,Sfax,Sfax_City,Middle,No disability,Women,School_enrollment,48.19144427478458,%,Administrative_Health_Reports,ok
2022,Tunisia,Sfax,Sfax_City,Middle,No disability,Women,Health_services_access,53.33242844757463,%,Community_GBV_Monitoring,ok
2022,Tunisia,Sfax,Sfax_City,Middle,No disability,Women,GBV_services_access,42.06846266223839,%,Civic_Participation_Records,ok
2022,Tunisia,Sfax,Sfax_City,Middle,No disability,Women,Employment_rate,43.339455035054335,%,Community_GBV_Monitoring,ok
2022,Tunisia,Sfax,Sfax_City,Middle,No disability,Women,Decision_making_participation,44.09159061104193,%,Community_GBV_Monitoring,ok
2022,Tunisia,Sfax,Sfax_City,Middle,No disability,Men,School_enrollment,54.03999045182423,%,Civic_Participation_Records,ok
2022,Tunisia,Sfax,Sfax_City,Middle,No disability,Men,Health_services_access,56.85084852816235,%,Household_Survey,ok
2022,Tunisia,Sfax,Sfax_City,Middle,No disability,Men,GBV_services_access,52.37281506117815,%,Household_Survey,ok
2022,Tunisia,Sfax,Sfax_City,Middle,No disability,Men,Employment_rate,51.2665336437236,%,Community_GBV_Monitoring,ok
2022,Tunisia,Sfax,Sfax_City,Middle,No disability,Men,Decision_making_participation,53.31190204933246,%,Household_Survey,ok
2022,Tunisia,Sfax,Sfax_City,Middle,With disability,Women,School_enrollment,30.80702312254823,%,Administrative_Health_Reports,ok
2022,Tunisia,Sfax,Sfax_City,Middle,With disability,Women,Health_services_access,24.580527370959086,%,Civic_Participation_Records,ok
2022,Tunisia,Sfax,Sfax_City,Middle,With disability,Women,GBV_services_access,24.40234829683903,%,Labour_Force_Survey,ok
2022,Tunisia,Sfax,Sfax_City,Middle,With disability,Women,Employment_rate,31.923294246140635,%,Civic_Participation_Records,ok
2022,Tunisia,Sfax,Sfax_City,Middle,With disability,Women,Decision_making_participation,,%,Administrative_Health_Reports,missing_value
2022,Tunisia,Sfax,Sfax_City,Middle,With disability,Men,School_enrollment,33.92888249379947,%,Community_GBV_Monitoring,ok
2022,Tunisia,Sfax,Sfax_City,Middle,With disability,Men,Health_services_access,30.19210336938805,%,Administrative_Health_Reports,ok
2022,Tunisia,Sfax,Sfax_City,Middle,With disability,Men,GBV_services_access,,%,Civic_Participation_Records,missing_value
2022,Tunisia,Sfax,Sfax_City,Middle,With disability,Men,Employment_rate,,%,Administrative_Health_Reports,missing_value
2022,Tunisia,Sfax,Sfax_City,Middle,With disability,Men,Decision_making_participation,32.477035238014814,%,Administrative_Health_Reports,ok
2022,Tunisia,Sfax,Sfax_City,High,No disability,Women,School_enrollment,56.63854689127088,%,Community_GBV_Monitoring,ok
2022,Tunisia,Sfax,Sfax_City,High,No disability,Women,Health_services_access,50.10587744957114,%,Community_GBV_Monitoring,ok
2022,Tunisia,Sfax,Sfax_City,High,No disability,Women,GBV_services_access,54.141969220949136,%,Administrative_Health_Reports,ok
2022,Tunisia,Sfax,Sfax_City,High,No disability,Women,Employment_rate,47.14276553581289,%,Household_Survey,ok
2022,Tunisia,Sfax,Sfax_City,High,No disability,Women,Decision_making_participation,55.2312674912924,%,Household_Survey,ok
2022,Tunisia,Sfax,Sfax_City,High,No disability,Men,School_enrollment,58.923084638468524,%,Labour_Force_Survey,ok
2022,Tunisia,Sfax,Sfax_City,High,No disability,Men,Health_services_access,61.19132397598067,%,Administrative_Health_Reports,ok
2022,Tunisia,Sfax,Sfax_City,High,No disability,Men,GBV_services_access,57.47401470958712,%,Household_Survey,ok
2022,Tunisia,Sfax,Sfax_City,High,No disability,Men,Employment_rate,59.201116293408816,%,Labour_Force_Survey,ok
2022,Tunisia,Sfax,Sfax_City,High,No disability,Men,Decision_making_participation,58.612987170964935,%,Administrative_Health_Reports,ok
2022,Tunisia,Sfax,Sfax_City,High,With disability,Women,School_enrollment,36.66118813497844,%,Civic_Participation_Records,ok
2022,Tunisia,Sfax,Sfax_City,High,With disability,Women,Health_services_access,,%,Community_GBV_Monitoring,missing_value
2022,Tunisia,Sfax,Sfax_City,High,With disability,Women,GBV_services_access,25.29221959459243,%,Labour_Force_Survey,ok
2022,Tunisia,Sfax,Sfax_City,High,With disability,Women,Employment_rate,36.301699116377314,%,Community_GBV_Monitoring,ok
2022,Tunisia,Sfax,Sfax_City,High,With disability,Women,Decision_making_participation,29.49539314686772,%,Civic_Participation_Records,ok
2022,Tunisia,Sfax,Sfax_City,High,With disability,Men,School_enrollment,37.613665809753535,%,Household_Survey,ok
2022,Tunisia,Sfax,Sfax_City,High,With disability,Men,Health_services_access,33.14239154710258,%,Labour_Force_Survey,ok
2022,Tunisia,Sfax,Sfax_City,High,With disability,Men,GBV_services_access,35.350547418014955,%,Administrative_Health_Reports,ok
2022,Tunisia,Sfax,Sfax_City,High,With disability,Men,Employment_rate,44.04586133431814,%,Community_GBV_Monitoring,ok
2022,Tunisia,Sfax,Sfax_City,High,With disability,Men,Decision_making_participation,39.96575469250578,%,Household_Survey,ok
2023,Tunisia,Sfax,Sfax_City,Low,No disability,Women,School_enrollment,33.901507562627216,%,Household_Survey,ok
2023,Tunisia,Sfax,Sfax_City,Low,No disability,Women,Health_services_access,33.353254520948525,%,Administrative_Health_Reports,ok
2023,Tunisia,Sfax,Sfax_City,Low,No disability,Women,GBV_services_access,30.427468734981865,%,Administrative_Health_Reports,ok
2023,Tunisia,Sfax,Sfax_City,Low,No disability,Women,Employment_rate,28.351988988045854,%,Administrative_Health_Reports,ok
2023,Tunisia,Sfax,Sfax_City,Low,No disability,Women,Decision_making_participation,31.686741301587503,%,Labour_Force_Survey,ok
2023,Tunisia,Sfax,Sfax_City,Low,No disability,Men,School_enrollment,36.340137253363004,%,Household_Survey,ok
2023,Tunisia,Sfax,Sfax_City,Low,No disability,Men,Health_services_access,,%,Community_GBV_Monitoring,missing_value
2023,Tunisia,Sfax,Sfax_City,Low,No disability,Men,GBV_services_access,36.91866899924092,%,Civic_Participation_Records,ok
2023,Tunisia,Sfax,Sfax_City,Low,No disability,Men,Employment_rate,31.43887426870439,%,Administrative_Health_Reports,ok
2023,Tunisia,Sfax,Sfax_City,Low,No disability,Men,Decision_making_participation,38.23229231440453,%,Administrative_Health_Reports,ok
2023,Tunisia,Sfax,Sfax_City,Low,With disability,Women,School_enrollment,11.797395216704922,%,Civic_Participation_Records,ok
2023,Tunisia,Sfax,Sfax_City,Low,With disability,Women,Health_services_access,10.736163232871572,%,Community_GBV_Monitoring,ok
2023,Tunisia,Sfax,Sfax_City,Low,With disability,Women,GBV_services_access,10.582531497921567,%,Administrative_Health_Reports,ok
2023,Tunisia,Sfax,Sfax_City,Low,With disability,Women,Employment_rate,,%,Labour_Force_Survey,missing_value
2023,Tunisia,Sfax,Sfax_City,Low,With disability,Women,Decision_making_participation,18.193691209725095,%,Civic_Participation_Records,ok
2023,Tunisia,Sfax,Sfax_City,Low,With disability,Men,School_enrollment,17.898032104708435,%,Labour_Force_Survey,ok
2023,Tunisia,Sfax,Sfax_City,Low,With disability,Men,Health_services_access,18.91969283143548,%,Civic_Participation_Records,ok
2023,Tunisia,Sfax,Sfax_City,Low,With disability,Men,GBV_services_access,13.557683410370549,%,Administrative_Health_Reports,ok
2023,Tunisia,Sfax,Sfax_City,Low,With disability,Men,Employment_rate,23.057575449647196,%,Household_Survey,ok
2023,Tunisia,Sfax,Sfax_City,Low,With disability,Men,Decision_making_participation,17.190291510993454,%,Community_GBV_Monitoring,ok
2023,Tunisia,Sfax,Sfax_City,Middle,No disability,Women,School_enrollment,50.39097919705014,%,Civic_Participation_Records,ok
2023,Tunisia,Sfax,Sfax_City,Middle,No disability,Women,Health_services_access,52.10836806872352,%,Labour_Force_Survey,ok
2023,Tunisia,Sfax,Sfax_City,Middle,No disability,Women,GBV_services_access,55.36093823121999,%,Labour_Force_Survey,ok
2023,Tunisia,Sfax,Sfax_City,Middle,No disability,Women,Employment_rate,47.83102765920247,%,Community_GBV_Monitoring,ok
2023,Tunisia,Sfax,Sfax_City,Middle,No disability,Women,Decision_making_participation,45.70588936192706,%,Household_Survey,ok
2023,Tunisia,Sfax,Sfax_City,Middle,No disability,Men,School_enrollment,51.18603184663262,%,Household_Survey,ok
2023,Tunisia,Sfax,Sfax_City,Middle,No disability,Men,Health_services_access,51.97969204909606,%,Household_Survey,ok
2023,Tunisia,Sfax,Sfax_City,Middle,No disability,Men,GBV_services_access,51.657741552328,%,Labour_Force_Survey,ok
2023,Tunisia,Sfax,Sfax_City,Middle,No disability,Men,Employment_rate,55.90107446513103,%,Civic_Participation_Records,ok
2023,Tunisia,Sfax,Sfax_City,Middle,No disability,Men,Decision_making_participation,52.634255356764044,%,Labour_Force_Survey,ok
2023,Tunisia,Sfax,Sfax_City,Middle,With disability,Women,School_enrollment,29.581610564505244,%,Labour_Force_Survey,ok
2023,Tunisia,Sfax,Sfax_City,Middle,With disability,Women,Health_services_access,28.528519226671747,%,Community_GBV_Monitoring,ok
2023,Tunisia,Sfax,Sfax_City,Middle,With disability,Women,GBV_services_access,,%,Civic_Participation_Records,missing_value
2023,Tunisia,Sfax,Sfax_City,Middle,With disability,Women,Employment_rate,29.872951662774117,%,Household_Survey,ok
2023,Tunisia,Sfax,Sfax_City,Middle,With disability,Women,Decision_making_participation,28.745075843150317,%,Labour_Force_Survey,ok
2023,Tunisia,Sfax,Sfax_City,Middle,With disability,Men,School_enrollment,31.78609278271257,%,Labour_Force_Survey,ok
2023,Tunisia,Sfax,Sfax_City,Middle,With disability,Men,Health_services_access,31.535364333951733,%,Labour_Force_Survey,ok
2023,Tunisia,Sfax,Sfax_City,Middle,With disability,Men,GBV_services_access,27.649438051712064,%,Administrative_Health_Reports,ok
2023,Tunisia,Sfax,Sfax_City,Middle,With disability,Men,Employment_rate,33.50953634986156,%,Civic_Participation_Records,ok
2023,Tunisia,Sfax,Sfax_City,Middle,With disability,Men,Decision_making_participation,30.10816754078228,%,Civic_Participation_Records,ok
2023,Tunisia,Sfax,Sfax_City,High,No disability,Women,School_enrollment,54.24882304963919,%,Administrative_Health_Reports,ok
2023,Tunisia,Sfax,Sfax_City,High,No disability,Women,Health_services_access,58.0573035913408,%,Household_Survey,ok
2023,Tunisia,Sfax,Sfax_City,High,No disability,Women,GBV_services_access,51.5496037779662,%,Household_Survey,ok
2023,Tunisia,Sfax,Sfax_City,High,No disability,Women,Employment_rate,49.77803739427946,%,Household_Survey,ok
2023,Tunisia,Sfax,Sfax_City,High,No disability,Women,Decision_making_participation,55.39957550735853,%,Community_GBV_Monitoring,ok
2023,Tunisia,Sfax,Sfax_City,High,No disability,Men,School_enrollment,56.11435630327091,%,Labour_Force_Survey,ok
2023,Tunisia,Sfax,Sfax_City,High,No disability,Men,Health_services_access,61.45269301102499,%,Civic_Participation_Records,ok
2023,Tunisia,Sfax,Sfax_City,High,No disability,Men,GBV_services_access,62.03529802311118,%,Household_Survey,ok
2023,Tunisia,Sfax,Sfax_City,High,No disability,Men,Employment_rate,55.75278269247138,%,Household_Survey,ok
2023,Tunisia,Sfax,Sfax_City,High,No disability,Men,Decision_making_participation,61.852399630738546,%,Household_Survey,ok
2023,Tunisia,Sfax,Sfax_City,High,With disability,Women,School_enrollment,34.79287190783732,%,Administrative_Health_Reports,ok
2023,Tunisia,Sfax,Sfax_City,High,With disability,Women,Health_services_access,32.8119438806905,%,Community_GBV_Monitoring,ok
2023,Tunisia,Sfax,Sfax_City,High,With disability,Women,GBV_services_access,30.435534275416426,%,Labour_Force_Survey,ok
2023,Tunisia,Sfax,Sfax_City,High,With disability,Women,Employment_rate,33.06625235017324,%,Household_Survey,ok
2023,Tunisia,Sfax,Sfax_City,High,With disability,Women,Decision_making_participation,33.32230972413227,%,Community_GBV_Monitoring,ok
2023,Tunisia,Sfax,Sfax_City,High,With disability,Men,School_enrollment,,%,Administrative_Health_Reports,missing_value
2023,Tunisia,Sfax,Sfax_City,High,With disability,Men,Health_services_access,38.700387864308155,%,Community_GBV_Monitoring,ok
2023,Tunisia,Sfax,Sfax_City,High,With disability,Men,GBV_services_access,33.2038112356039,%,Household_Survey,ok
2023,Tunisia,Sfax,Sfax_City,High,With disability,Men,Employment_rate,38.63714122050051,%,Civic_Participation_Records,ok
2023,Tunisia,Sfax,Sfax_City,High,With disability,Men,Decision_making_participation,36.16684812248791,%,Labour_Force_Survey,ok
2024,Tunisia,Sfax,Sfax_City,Low,No disability,Women,School_enrollment,28.751196980650057,%,Administrative_Health_Reports,ok
2024,Tunisia,Sfax,Sfax_City,Low,No disability,Women,Health_services_access,32.527243619423004,%,Household_Survey,ok
2024,Tunisia,Sfax,Sfax_City,Low,No disability,Women,GBV_services_access,30.93558154030143,%,Labour_Force_Survey,ok
2024,Tunisia,Sfax,Sfax_City,Low,No disability,Women,Employment_rate,31.83169210193341,%,Community_GBV_Monitoring,ok
2024,Tunisia,Sfax,Sfax_City,Low,No disability,Women,Decision_making_participation,32.423475631205164,%,Labour_Force_Survey,ok
2024,Tunisia,Sfax,Sfax_City,Low,No disability,Men,School_enrollment,,%,Administrative_Health_Reports,missing_value
2024,Tunisia,Sfax,Sfax_City,Low,No disability,Men,Health_services_access,35.36814675172575,%,Civic_Participation_Records,ok
2024,Tunisia,Sfax,Sfax_City,Low,No disability,Men,GBV_services_access,35.14380647603225,%,Administrative_Health_Reports,ok
2024,Tunisia,Sfax,Sfax_City,Low,No disability,Men,Employment_rate,31.97050083888972,%,Civic_Participation_Records,ok
2024,Tunisia,Sfax,Sfax_City,Low,No disability,Men,Decision_making_participation,32.32583213904844,%,Labour_Force_Survey,ok
2024,Tunisia,Sfax,Sfax_City,Low,With disability,Women,School_enrollment,10.317959352241477,%,Community_GBV_Monitoring,ok
2024,Tunisia,Sfax,Sfax_City,Low,With disability,Women,Health_services_access,9.98658648617561,%,Administrative_Health_Reports,ok
2024,Tunisia,Sfax,Sfax_City,Low,With disability,Women,GBV_services_access,6.822485058393525,%,Labour_Force_Survey,ok
2024,Tunisia,Sfax,Sfax_City,Low,With disability,Women,Employment_rate,13.87092815470249,%,Civic_Participation_Records,ok
2024,Tunisia,Sfax,Sfax_City,Low,With disability,Women,Decision_making_participation,16.34809324855256,%,Community_GBV_Monitoring,ok
2024,Tunisia,Sfax,Sfax_City,Low,With disability,Men,School_enrollment,,%,Household_Survey,missing_value
2024,Tunisia,Sfax,Sfax_City,Low,With disability,Men,Health_services_access,15.248143457980754,%,Labour_Force_Survey,ok
2024,Tunisia,Sfax,Sfax_City,Low,With disability,Men,GBV_services_access,13.697291906210511,%,Labour_Force_Survey,ok
2024,Tunisia,Sfax,Sfax_City,Low,With disability,Men,Employment_rate,11.550946102980594,%,Administrative_Health_Reports,ok
2024,Tunisia,Sfax,Sfax_City,Low,With disability,Men,Decision_making_participation,20.270162029812287,%,Household_Survey,ok
2024,Tunisia,Sfax,Sfax_City,Middle,No disability,Women,School_enrollment,46.41809519542021,%,Community_GBV_Monitoring,ok
2024,Tunisia,Sfax,Sfax_City,Middle,No disability,Women,Health_services_access,50.33969983409016,%,Administrative_Health_Reports,ok
2024,Tunisia,Sfax,Sfax_City,Middle,No disability,Women,GBV_services_access,48.77200100707262,%,Household_Survey,ok
2024,Tunisia,Sfax,Sfax_City,Middle,No disability,Women,Employment_rate,46.33301238786808,%,Civic_Participation_Records,ok
2024,Tunisia,Sfax,Sfax_City,Middle,No disability,Women,Decision_making_participation,50.24261135729918,%,Administrative_Health_Reports,ok
2024,Tunisia,Sfax,Sfax_City,Middle,No disability,Men,School_enrollment,49.17791850707207,%,Community_GBV_Monitoring,ok
2024,Tunisia,Sfax,Sfax_City,Middle,No disability,Men,Health_services_access,56.37840877148034,%,Community_GBV_Monitoring,ok
2024,Tunisia,Sfax,Sfax_City,Middle,No disability,Men,GBV_services_access,49.66926916490392,%,Labour_Force_Survey,ok
2024,Tunisia,Sfax,Sfax_City,Middle,No disability,Men,Employment_rate,56.49023298428655,%,Community_GBV_Monitoring,ok
2024,Tunisia,Sfax,Sfax_City,Middle,No disability,Men,Decision_making_participation,54.271285306172445,%,Administrative_Health_Reports,ok
2024,Tunisia,Sfax,Sfax_City,Middle,With disability,Women,School_enrollment,25.462611935722784,%,Labour_Force_Survey,ok
2024,Tunisia,Sfax,Sfax_City,Middle,With disability,Women,Health_services_access,25.080373212977058,%,Labour_Force_Survey,ok
2024,Tunisia,Sfax,Sfax_City,Middle,With disability,Women,GBV_services_access,26.227208856810407,%,Community_GBV_Monitoring,ok
2024,Tunisia,Sfax,Sfax_City,Middle,With disability,Women,Employment_rate,35.27107423964773,%,Community_GBV_Monitoring,ok
2024,Tunisia,Sfax,Sfax_City,Middle,With disability,Women,Decision_making_participation,30.65001581366483,%,Community_GBV_Monitoring,ok
2024,Tunisia,Sfax,Sfax_City,Middle,With disability,Men,School_enrollment,31.8136693411864,%,Community_GBV_Monitoring,ok
2024,Tunisia,Sfax,Sfax_City,Middle,With disability,Men,Health_services_access,,%,Household_Survey,missing_value
2024,Tunisia,Sfax,Sfax_City,Middle,With disability,Men,GBV_services_access,29.75596124863447,%,Civic_Participation_Records,ok
2024,Tunisia,Sfax,Sfax_City,Middle,With disability,Men,Employment_rate,32.20820703788292,%,Household_Survey,ok
2024,Tunisia,Sfax,Sfax_City,Middle,With disability,Men,Decision_making_participation,,%,Administrative_Health_Reports,missing_value
2024,Tunisia,Sfax,Sfax_City,High,No disability,Women,School_enrollment,53.581218685793246,%,Household_Survey,ok
2024,Tunisia,Sfax,Sfax_City,High,No disability,Women,Health_services_access,53.06576151239455,%,Civic_Participation_Records,ok
2024,Tunisia,Sfax,Sfax_City,High,No disability,Women,GBV_services_access,54.3813773619401,%,Labour_Force_Survey,ok
2024,Tunisia,Sfax,Sfax_City,High,No disability,Women,Employment_rate,49.26605954616662,%,Administrative_Health_Reports,ok
2024,Tunisia,Sfax,Sfax_City,High,No disability,Women,Decision_making_participation,53.23435200757549,%,Household_Survey,ok
2024,Tunisia,Sfax,Sfax_City,High,No disability,Men,School_enrollment,60.540818895677205,%,Administrative_Health_Reports,ok
2024,Tunisia,Sfax,Sfax_City,High,No disability,Men,Health_services_access,55.53419778101928,%,Community_GBV_Monitoring,ok
2024,Tunisia,Sfax,Sfax_City,High,No disability,Men,GBV_services_access,57.97257360177756,%,Labour_Force_Survey,ok
2024,Tunisia,Sfax,Sfax_City,High,No disability,Men,Employment_rate,56.88988012019141,%,Household_Survey,ok
2024,Tunisia,Sfax,Sfax_City,High,No disability,Men,Decision_making_participation,53.71970865311223,%,Labour_Force_Survey,ok
2024,Tunisia,Sfax,Sfax_City,High,With disability,Women,School_enrollment,30.941103181889147,%,Labour_Force_Survey,ok
2024,Tunisia,Sfax,Sfax_City,High,With disability,Women,Health_services_access,33.93117200147084,%,Civic_Participation_Records,ok
2024,Tunisia,Sfax,Sfax_City,High,With disability,Women,GBV_services_access,28.973555647610834,%,Civic_Participation_Records,ok
2024,Tunisia,Sfax,Sfax_City,High,With disability,Women,Employment_rate,32.77863641057378,%,Administrative_Health_Reports,ok
2024,Tunisia,Sfax,Sfax_City,High,With disability,Women,Decision_making_participation,33.31398237817278,%,Civic_Participation_Records,ok
2024,Tunisia,Sfax,Sfax_City,High,With disability,Men,School_enrollment,38.95188225525388,%,Administrative_Health_Reports,ok
2024,Tunisia,Sfax,Sfax_City,High,With disability,Men,Health_services_access,36.25208022850056,%,Labour_Force_Survey,ok
2024,Tunisia,Sfax,Sfax_City,High,With disability,Men,GBV_services_access,35.23190298327384,%,Labour_Force_Survey,ok
2024,Tunisia,Sfax,Sfax_City,High,With disability,Men,Employment_rate,39.6043462660605,%,Household_Survey,ok
2024,Tunisia,Sfax,Sfax_City,High,With disability,Men,Decision_making_participation,39.00496838425125,%,Civic_Participation_Records,ok
2020,Tunisia,Sfax,El_Houaria,Low,No disability,Women,School_enrollment,29.199179527555295,%,Civic_Participation_Records,ok
2020,Tunisia,Sfax,El_Houaria,Low,No disability,Women,Health_services_access,31.817915604658463,%,Household_Survey,ok
2020,Tunisia,Sfax,El_Houaria,Low,No disability,Women,GBV_services_access,29.31501184752923,%,Community_GBV_Monitoring,ok
2020,Tunisia,Sfax,El_Houaria,Low,No disability,Women,Employment_rate,28.368348259539562,%,Administrative_Health_Reports,ok
2020,Tunisia,Sfax,El_Houaria,Low,No disability,Women,Decision_making_participation,31.6891107157684,%,Civic_Participation_Records,ok
2020,Tunisia,Sfax,El_Houaria,Low,No disability,Men,School_enrollment,35.593468142310336,%,Administrative_Health_Reports,ok
2020,Tunisia,Sfax,El_Houaria,Low,No disability,Men,Health_services_access,38.74680865834465,%,Labour_Force_Survey,ok
2020,Tunisia,Sfax,El_Houaria,Low,No disability,Men,GBV_services_access,36.608880985362156,%,Household_Survey,ok
2020,Tunisia,Sfax,El_Houaria,Low,No disability,Men,Employment_rate,30.167333597133354,%,Community_GBV_Monitoring,ok
2020,Tunisia,Sfax,El_Houaria,Low,No disability,Men,Decision_making_participation,38.38986646599352,%,Civic_Participation_Records,ok
2020,Tunisia,Sfax,El_Houaria,Low,With disability,Women,School_enrollment,,%,Household_Survey,missing_value
2020,Tunisia,Sfax,El_Houaria,Low,With disability,Women,Health_services_access,,%,Labour_Force_Survey,missing_value
2020,Tunisia,Sfax,El_Houaria,Low,With disability,Women,GBV_services_access,8.076496072170594,%,Labour_Force_Survey,ok
2020,Tunisia,Sfax,El_Houaria,Low,With disability,Women,Employment_rate,7.666105004279132,%,Community_GBV_Monitoring,ok
2020,Tunisia,Sfax,El_Houaria,Low,With disability,Women,Decision_making_participation,11.385362222381197,%,Civic_Participation_Records,ok
2020,Tunisia,Sfax,El_Houaria,Low,With disability,Men,School_enrollment,14.533840464197858,%,Civic_Participation_Records,ok
2020,Tunisia,Sfax,El_Houaria,Low,With disability,Men,Health_services_access,11.575169785576014,%,Civic_Participation_Records,ok
2020,Tunisia,Sfax,El_Houaria,Low,With disability,Men,GBV_services_access,11.65682907195157,%,Civic_Participation_Records,ok
2020,Tunisia,Sfax,El_Houaria,Low,With disability,Men,Employment_rate,14.730642074530854,%,Community_GBV_Monitoring,ok
2020,Tunisia,Sfax,El_Houaria,Low,With disability,Men,Decision_making_participation,25.24010246324465,%,Community_GBV_Monitoring,ok
2020,Tunisia,Sfax,El_Houaria,Middle,No disability,Women,School_enrollment,48.49664482468989,%,Administrative_Health_Reports,ok
2020,Tunisia,Sfax,El_Houaria,Middle,No disability,Women,Health_services_access,45.330208398553886,%,Civic_Participation_Records,ok
2020,Tunisia,Sfax,El_Houaria,Middle,No disability,Women,GBV_services_access,50.413403209740075,%,Civic_Participation_Records,ok
2020,Tunisia,Sfax,El_Houaria,Middle,No disability,Women,Employment_rate,45.25472085447717,%,Household_Survey,ok
2020,Tunisia,Sfax,El_Houaria,Middle,No disability,Women,Decision_making_participation,48.47043544998625,%,Community_GBV_Monitoring,ok
2020,Tunisia,Sfax,El_Houaria,Middle,No disability,Men,School_enrollment,53.045980630600454,%,Administrative_Health_Reports,ok
2020,Tunisia,Sfax,El_Houaria,Middle,No disability,Men,Health_services_access,,%,Community_GBV_Monitoring,missing_value
2020,Tunisia,Sfax,El_Houaria,Middle,No disability,Men,GBV_services_access,,%,Administrative_Health_Reports,missing_value
2020,Tunisia,Sfax,El_Houaria,Middle,No disability,Men,Employment_rate,53.62643054151298,%,Labour_Force_Survey,ok
2020,Tunisia,Sfax,El_Houaria,Middle,No disability,Men,Decision_making_participation,52.6090318319543,%,Community_GBV_Monitoring,ok
2020,Tunisia,Sfax,El_Houaria,Middle,With disability,Women,School_enrollment,29.3994942315252,%,Civic_Participation_Records,ok
2020,Tunisia,Sfax,El_Houaria,Middle,With disability,Women,Health_services_access,25.374113125141278,%,Community_GBV_Monitoring,ok
2020,Tunisia,Sfax,El_Houaria,Middle,With disability,Women,GBV_services_access,29.004166901510224,%,Community_GBV_Monitoring,ok
2020,Tunisia,Sfax,El_Houaria,Middle,With disability,Women,Employment_rate,27.855480437209124,%,Household_Survey,ok
2020,Tunisia,Sfax,El_Houaria,Middle,With disability,Women,Decision_making_participation,28.447354616811285,%,Administrative_Health_Reports,ok
2020,Tunisia,Sfax,El_Houaria,Middle,With disability,Men,School_enrollment,37.10686759310029,%,Community_GBV_Monitoring,ok
2020,Tunisia,Sfax,El_Houaria,Middle,With disability,Men,Health_services_access,28.32404809506766,%,Civic_Participation_Records,ok
2020,Tunisia,Sfax,El_Houaria,Middle,With disability,Men,GBV_services_access,32.697955023403686,%,Civic_Participation_Records,ok
2020,Tunisia,Sfax,El_Houaria,Middle,With disability,Men,Employment_rate,,%,Civic_Participation_Records,missing_value
2020,Tunisia,Sfax,El_Houaria,Middle,With disability,Men,Decision_making_participation,35.22958022521612,%,Labour_Force_Survey,ok
2020,Tunisia,Sfax,El_Houaria,High,No disability,Women,School_enrollment,52.29620129540077,%,Civic_Participation_Records,ok
2020,Tunisia,Sfax,El_Houaria,High,No disability,Women,Health_services_access,56.53838858962049,%,Labour_Force_Survey,ok
2020,Tunisia,Sfax,El_Houaria,High,No disability,Women,GBV_services_access,54.89475289746263,%,Household_Survey,ok
2020,Tunisia,Sfax,El_Houaria,High,No disability,Women,Employment_rate,51.29793144451645,%,Labour_Force_Survey,ok
2020,Tunisia,Sfax,El_Houaria,High,No disability,Women,Decision_making_participation,,%,Community_GBV_Monitoring,missing_value
2020,Tunisia,Sfax,El_Houaria,High,No disability,Men,School_enrollment,60.87401364397347,%,Civic_Participation_Records,ok
2020,Tunisia,Sfax,El_Houaria,High,No disability,Men,Health_services_access,56.50972504586532,%,Administrative_Health_Reports,ok
2020,Tunisia,Sfax,El_Houaria,High,No disability,Men,GBV_services_access,60.39318687719359,%,Labour_Force_Survey,ok
2020,Tunisia,Sfax,El_Houaria,High,No disability,Men,Employment_rate,58.96621125187001,%,Household_Survey,ok
2020,Tunisia,Sfax,El_Houaria,High,No disability,Men,Decision_making_participation,63.3587941712696,%,Administrative_Health_Reports,ok
2020,Tunisia,Sfax,El_Houaria,High,With disability,Women,School_enrollment,28.245024156229313,%,Civic_Participation_Records,ok
2020,Tunisia,Sfax,El_Houaria,High,With disability,Women,Health_services_access,32.94522922131562,%,Civic_Participation_Records,ok
2020,Tunisia,Sfax,El_Houaria,High,With disability,Women,GBV_services_access,33.66520894418354,%,Civic_Participation_Records,ok
2020,Tunisia,Sfax,El_Houaria,High,With disability,Women,Employment_rate,30.84279710707426,%,Household_Survey,ok
2020,Tunisia,Sfax,El_Houaria,High,With disability,Women,Decision_making_participation,37.01675004106223,%,Labour_Force_Survey,ok
2020,Tunisia,Sfax,El_Houaria,High,With disability,Men,School_enrollment,,%,Administrative_Health_Reports,missing_value
2020,Tunisia,Sfax,El_Houaria,High,With disability,Men,Health_services_access,32.02752075672818,%,Labour_Force_Survey,ok
2020,Tunisia,Sfax,El_Houaria,High,With disability,Men,GBV_services_access,36.19312703470864,%,Labour_Force_Survey,ok
2020,Tunisia,Sfax,El_Houaria,High,With disability,Men,Employment_rate,44.18084907808334,%,Household_Survey,ok
2020,Tunisia,Sfax,El_Houaria,High,With disability,Men,Decision_making_participation,41.27291826939385,%,Household_Survey,ok
2021,Tunisia,Sfax,El_Houaria,Low,No disability,Women,School_enrollment,31.086976244407158,%,Community_GBV_Monitoring,ok
2021,Tunisia,Sfax,El_Houaria,Low,No disability,Women,Health_services_access,31.392214331749926,%,Administrative_Health_Reports,ok
2021,Tunisia,Sfax,El_Houaria,Low,No disability,Women,GBV_services_access,34.20001095359868,%,Civic_Participation_Records,ok
2021,Tunisia,Sfax,El_Houaria,Low,No disability,Women,Employment_rate,24.361443241486697,%,Administrative_Health_Reports,ok
2021,Tunisia,Sfax,El_Houaria,Low,No disability,Women,Decision_making_participation,32.18668378506945,%,Household_Survey,ok
2021,Tunisia,Sfax,El_Houaria,Low,No disability,Men,School_enrollment,38.83287878703414,%,Civic_Participation_Records,ok
2021,Tunisia,Sfax,El_Houaria,Low,No disability,Men,Health_services_access,37.51684427326859,%,Civic_Participation_Records,ok
2021,Tunisia,Sfax,El_Houaria,Low,No disability,Men,GBV_services_access,32.665559347794336,%,Civic_Participation_Records,ok
2021,Tunisia,Sfax,El_Houaria,Low,No disability,Men,Employment_rate,33.94270109229053,%,Civic_Participation_Records,ok
2021,Tunisia,Sfax,El_Houaria,Low,No disability,Men,Decision_making_participation,35.84106588207748,%,Administrative_Health_Reports,ok
2021,Tunisia,Sfax,El_Houaria,Low,With disability,Women,School_enrollment,12.566829902988482,%,Labour_Force_Survey,ok
2021,Tunisia,Sfax,El_Houaria,Low,With disability,Women,Health_services_access,11.085159556476215,%,Household_Survey,ok
2021,Tunisia,Sfax,El_Houaria,Low,With disability,Women,GBV_services_access,9.5646264006283,%,Community_GBV_Monitoring,ok
2021,Tunisia,Sfax,El_Houaria,Low,With disability,Women,Employment_rate,9.002968062682053,%,Community_GBV_Monitoring,ok
2021,Tunisia,Sfax,El_Houaria,Low,With disability,Women,Decision_making_participation,11.989785068556074,%,Administrative_Health_Reports,ok
2021,Tunisia,Sfax,El_Houaria,Low,With disability,Men,School_enrollment,20.112714703368226,%,Household_Survey,ok
2021,Tunisia,Sfax,El_Houaria,Low,With disability,Men,Health_services_access,,%,Labour_Force_Survey,missing_value
2021,Tunisia,Sfax,El_Houaria,Low,With disability,Men,GBV_services_access,11.789999745201214,%,Civic_Participation_Records,ok
2021,Tunisia,Sfax,El_Houaria,Low,With disability,Men,Employment_rate,,%,Household_Survey,missing_value
2021,Tunisia,Sfax,El_Houaria,Low,With disability,Men,Decision_making_participation,18.94431366908085,%,Labour_Force_Survey,ok
2021,Tunisia,Sfax,El_Houaria,Middle,No disability,Women,School_enrollment,47.83065847802013,%,Civic_Participation_Records,ok
2021,Tunisia,Sfax,El_Houaria,Middle,No disability,Women,Health_services_access,48.92099859905951,%,Administrative_Health_Reports,ok
2021,Tunisia,Sfax,El_Houaria,Middle,No disability,Women,GBV_services_access,52.881651117023196,%,Household_Survey,ok
2021,Tunisia,Sfax,El_Houaria,Middle,No disability,Women,Employment_rate,44.788215556944245,%,Household_Survey,ok
2021,Tunisia,Sfax,El_Houaria,Middle,No disability,Women,Decision_making_participation,48.7228821407317,%,Administrative_Health_Reports,ok
2021,Tunisia,Sfax,El_Houaria,Middle,No disability,Men,School_enrollment,57.01253122419971,%,Administrative_Health_Reports,ok
2021,Tunisia,Sfax,El_Houaria,Middle,No disability,Men,Health_services_access,54.27119026658828,%,Community_GBV_Monitoring,ok
2021,Tunisia,Sfax,El_Houaria,Middle,No disability,Men,GBV_services_access,54.37207983555363,%,Civic_Participation_Records,ok
2021,Tunisia,Sfax,El_Houaria,Middle,No disability,Men,Employment_rate,49.31650115980033,%,Administrative_Health_Reports,ok
2021,Tunisia,Sfax,El_Houaria,Middle,No disability,Men,Decision_making_participation,51.609055830849094,%,Civic_Participation_Records,ok
2021,Tunisia,Sfax,El_Houaria,Middle,With disability,Women,School_enrollment,23.271764641802314,%,Civic_Participation_Records,ok
2021,Tunisia,Sfax,El_Houaria,Middle,With disability,Women,Health_services_access,24.91232932415319,%,Household_Survey,ok
2021,Tunisia,Sfax,El_Houaria,Middle,With disability,Women,GBV_services_access,19.975486293111793,%,Household_Survey,ok
2021,Tunisia,Sfax,El_Houaria,Middle,With disability,Women,Employment_rate,32.95862179490363,%,Labour_Force_Survey,ok
2021,Tunisia,Sfax,El_Houaria,Middle,With disability,Women,Decision_making_participation,,%,Administrative_Health_Reports,missing_value
2021,Tunisia,Sfax,El_Houaria,Middle,With disability,Men,School_enrollment,34.36763500876412,%,Civic_Participation_Records,ok
2021,Tunisia,Sfax,El_Houaria,Middle,With disability,Men,Health_services_access,31.125714691428616,%,Community_GBV_Monitoring,ok
2021,Tunisia,Sfax,El_Houaria,Middle,With disability,Men,GBV_services_access,30.379389585641142,%,Household_Survey,ok
2021,Tunisia,Sfax,El_Houaria,Middle,With disability,Men,Employment_rate,30.644168198396727,%,Labour_Force_Survey,ok
2021,Tunisia,Sfax,El_Houaria,Middle,With disability,Men,Decision_making_participation,,%,Household_Survey,missing_value
2021,Tunisia,Sfax,El_Houaria,High,No disability,Women,School_enrollment,50.92287083867664,%,Administrative_Health_Reports,ok
2021,Tunisia,Sfax,El_Houaria,High,No disability,Women,Health_services_access,50.78184555206668,%,Labour_Force_Survey,ok
2021,Tunisia,Sfax,El_Houaria,High,No disability,Women,GBV_services_access,,%,Community_GBV_Monitoring,missing_value
2021,Tunisia,Sfax,El_Houaria,High,No disability,Women,Employment_rate,50.362601599325124,%,Household_Survey,ok
2021,Tunisia,Sfax,El_Houaria,High,No disability,Women,Decision_making_participation,55.94556081304356,%,Labour_Force_Survey,ok
2021,Tunisia,Sfax,El_Houaria,High,No disability,Men,School_enrollment,61.71867349180024,%,Household_Survey,ok
2021,Tunisia,Sfax,El_Houaria,High,No disability,Men,Health_services_access,56.96582384207379,%,Civic_Participation_Records,ok
2021,Tunisia,Sfax,El_Houaria,High,No disability,Men,GBV_services_access,59.21790131236295,%,Administrative_Health_Reports,ok
2021,Tunisia,Sfax,El_Houaria,High,No disability,Men,Employment_rate,54.965290893217684,%,Administrative_Health_Reports,ok
2021,Tunisia,Sfax,El_Houaria,High,No disability,Men,Decision_making_participation,59.90008588037455,%,Labour_Force_Survey,ok
2021,Tunisia,Sfax,El_Houaria,High,With disability,Women,School_enrollment,33.97784327756881,%,Labour_Force_Survey,ok
2021,Tunisia,Sfax,El_Houaria,High,With disability,Women,Health_services_access,30.40099690404633,%,Administrative_Health_Reports,ok
2021,Tunisia,Sfax,El_Houaria,High,With disability,Women,GBV_services_access,,%,Labour_Force_Survey,missing_value
2021,Tunisia,Sfax,El_Houaria,High,With disability,Women,Employment_rate,34.787130552722694,%,Administrative_Health_Reports,ok
2021,Tunisia,Sfax,El_Houaria,High,With disability,Women,Decision_making_participation,33.04960205591672,%,Household_Survey,ok
2021,Tunisia,Sfax,El_Houaria,High,With disability,Men,School_enrollment,38.170476422335994,%,Community_GBV_Monitoring,ok
2021,Tunisia,Sfax,El_Houaria,High,With disability,Men,Health_services_access,35.653092682389484,%,Administrative_Health_Reports,ok
2021,Tunisia,Sfax,El_Houaria,High,With disability,Men,GBV_services_access,41.71760087788946,%,Administrative_Health_Reports,ok
2021,Tunisia,Sfax,El_Houaria,High,With disability,Men,Employment_rate,37.177248235491575,%,Community_GBV_Monitoring,ok
2021,Tunisia,Sfax,El_Houaria,High,With disability,Men,Decision_making_participation,37.46066466909725,%,Household_Survey,ok
2022,Tunisia,Sfax,El_Houaria,Low,No disability,Women,School_enrollment,31.544287215700113,%,Administrative_Health_Reports,ok
2022,Tunisia,Sfax,El_Houaria,Low,No disability,Women,Health_services_access,32.531536058063054,%,Administrative_Health_Reports,ok
2022,Tunisia,Sfax,El_Houaria,Low,No disability,Women,GBV_services_access,26.115903648969542,%,Civic_Participation_Records,ok
2022,Tunisia,Sfax,El_Houaria,Low,No disability,Women,Employment_rate,,%,Administrative_Health_Reports,missing_value
2022,Tunisia,Sfax,El_Houaria,Low,No disability,Women,Decision_making_participation,29.740276742703422,%,Administrative_Health_Reports,ok
2022,Tunisia,Sfax,El_Houaria,Low,No disability,Men,School_enrollment,39.48624668286928,%,Household_Survey,ok
2022,Tunisia,Sfax,El_Houaria,Low,No disability,Men,Health_services_access,,%,Community_GBV_Monitoring,missing_value
2022,Tunisia,Sfax,El_Houaria,Low,No disability,Men,GBV_services_access,35.480538591733094,%,Civic_Participation_Records,ok
2022,Tunisia,Sfax,El_Houaria,Low,No disability,Men,Employment_rate,31.10234438832957,%,Community_GBV_Monitoring,ok
2022,Tunisia,Sfax,El_Houaria,Low,No disability,Men,Decision_making_participation,36.82252894632225,%,Labour_Force_Survey,ok
2022,Tunisia,Sfax,El_Houaria,Low,With disability,Women,School_enrollment,13.971373817590234,%,Household_Survey,ok
2022,Tunisia,Sfax,El_Houaria,Low,With disability,Women,Health_services_access,11.452030980170132,%,Household_Survey,ok
2022,Tunisia,Sfax,El_Houaria,Low,With disability,Women,GBV_services_access,9.313809204385548,%,Labour_Force_Survey,ok
2022,Tunisia,Sfax,El_Houaria,Low,With disability,Women,Employment_rate,10.124610344591085,%,Household_Survey,ok
2022,Tunisia,Sfax,El_Houaria,Low,With disability,Women,Decision_making_participation,19.55432043323129,%,Household_Survey,ok
2022,Tunisia,Sfax,El_Houaria,Low,With disability,Men,School_enrollment,,%,Community_GBV_Monitoring,missing_value
2022,Tunisia,Sfax,El_Houaria,Low,With disability,Men,Health_services_access,14.60443380420034,%,Administrative_Health_Reports,ok
2022,Tunisia,Sfax,El_Houaria,Low,With disability,Men,GBV_services_access,17.886851974445488,%,Household_Survey,ok
2022,Tunisia,Sfax,El_Houaria,Low,With disability,Men,Employment_rate,16.066655403917153,%,Community_GBV_Monitoring,ok
2022,Tunisia,Sfax,El_Houaria,Low,With disability,Men,Decision_making_participation,17.621386109785508,%,Civic_Participation_Records,ok
2022,Tunisia,Sfax,El_Houaria,Middle,No disability,Women,School_enrollment,50.68272362493686,%,Community_GBV_Monitoring,ok
2022,Tunisia,Sfax,El_Houaria,Middle,No disability,Women,Health_services_access,48.45129960527246,%,Administrative_Health_Reports,ok
2022,Tunisia,Sfax,El_Houaria,Middle,No disability,Women,GBV_services_access,52.058373507305774,%,Civic_Participation_Records,ok
2022,Tunisia,Sfax,El_Houaria,Middle,No disability,Women,Employment_rate,46.449076754905995,%,Administrative_Health_Reports,ok
2022,Tunisia,Sfax,El_Houaria,Middle,No disability,Women,Decision_making_participation,44.31746100878702,%,Labour_Force_Survey,ok
2022,Tunisia,Sfax,El_Houaria,Middle,No disability,Men,School_enrollment,52.85159711905519,%,Household_Survey,ok
2022,Tunisia,Sfax,El_Houaria,Middle,No disability,Men,Health_services_access,53.643175073653104,%,Community_GBV_Monitoring,ok
2022,Tunisia,Sfax,El_Houaria,Middle,No disability,Men,GBV_services_access,51.074023999846844,%,Community_GBV_Monitoring,ok
2022,Tunisia,Sfax,El_Houaria,Middle,No disability,Men,Employment_rate,50.78356014878765,%,Household_Survey,ok
2022,Tunisia,Sfax,El_Houaria,Middle,No disability,Men,Decision_making_participation,59.08680268425847,%,Labour_Force_Survey,ok
2022,Tunisia,Sfax,El_Houaria,Middle,With disability,Women,School_enrollment,27.439048587165605,%,Civic_Participation_Records,ok
2022,Tunisia,Sfax,El_Houaria,Middle,With disability,Women,Health_services_access,24.865513614568883,%,Civic_Participation_Records,ok
2022,Tunisia,Sfax,El_Houaria,Middle,With disability,Women,GBV_services_access,24.006765913034943,%,Administrative_Health_Reports,ok
2022,Tunisia,Sfax,El_Houaria,Middle,With disability,Women,Employment_rate,29.741590046222544,%,Community_GBV_Monitoring,ok
2022,Tunisia,Sfax,El_Houaria,Middle,With disability,Women,Decision_making_participation,,%,Community_GBV_Monitoring,missing_value
2022,Tunisia,Sfax,El_Houaria,Middle,With disability,Men,School_enrollment,32.5484414866414,%,Labour_Force_Survey,ok
2022,Tunisia,Sfax,El_Houaria,Middle,With disability,Men,Health_services_access,,%,Administrative_Health_Reports,missing_value
2022,Tunisia,Sfax,El_Houaria,Middle,With disability,Men,GBV_services_access,30.611704876146327,%,Civic_Participation_Records,ok
2022,Tunisia,Sfax,El_Houaria,Middle,With disability,Men,Employment_rate,30.85762771502086,%,Labour_Force_Survey,ok
2022,Tunisia,Sfax,El_Houaria,Middle,With disability,Men,Decision_making_participation,33.96666521489226,%,Administrative_Health_Reports,ok
2022,Tunisia,Sfax,El_Houaria,High,No disability,Women,School_enrollment,56.520255389546826,%,Labour_Force_Survey,ok
2022,Tunisia,Sfax,El_Houaria,High,No disability,Women,Health_services_access,55.47080720672757,%,Labour_Force_Survey,ok
2022,Tunisia,Sfax,El_Houaria,High,No disability,Women,GBV_services_access,55.4240259317348,%,Labour_Force_Survey,ok
2022,Tunisia,Sfax,El_Houaria,High,No disability,Women,Employment_rate,54.81333131452046,%,Civic_Participation_Records,ok
2022,Tunisia,Sfax,El_Houaria,High,No disability,Women,Decision_making_participation,54.07555110110564,%,Community_GBV_Monitoring,ok
2022,Tunisia,Sfax,El_Houaria,High,No disability,Men,School_enrollment,61.450132507564774,%,Labour_Force_Survey,ok
2022,Tunisia,Sfax,El_Houaria,High,No disability,Men,Health_services_access,59.4055903811662,%,Household_Survey,ok
2022,Tunisia,Sfax,El_Houaria,High,No disability,Men,GBV_services_access,55.92226663155709,%,Household_Survey,ok
2022,Tunisia,Sfax,El_Houaria,High,No disability,Men,Employment_rate,58.79100320934856,%,Administrative_Health_Reports,ok
2022,Tunisia,Sfax,El_Houaria,High,No disability,Men,Decision_making_participation,58.09989818891685,%,Civic_Participation_Records,ok
2022,Tunisia,Sfax,El_Houaria,High,With disability,Women,School_enrollment,34.85774060843285,%,Labour_Force_Survey,ok
2022,Tunisia,Sfax,El_Houaria,High,With disability,Women,Health_services_access,31.410046002253765,%,Administrative_Health_Reports,ok
2022,Tunisia,Sfax,El_Houaria,High,With disability,Women,GBV_services_access,31.706014013257022,%,Administrative_Health_Reports,ok
2022,Tunisia,Sfax,El_Houaria,High,With disability,Women,Employment_rate,32.19374790635475,%,Community_GBV_Monitoring,ok
2022,Tunisia,Sfax,El_Houaria,High,With disability,Women,Decision_making_participation,35.491759718802406,%,Civic_Participation_Records,ok
2022,Tunisia,Sfax,El_Houaria,High,With disability,Men,School_enrollment,34.876152286013216,%,Household_Survey,ok
2022,Tunisia,Sfax,El_Houaria,High,With disability,Men,Health_services_access,31.243933457677173,%,Community_GBV_Monitoring,ok
2022,Tunisia,Sfax,El_Houaria,High,With disability,Men,GBV_services_access,34.669616549397915,%,Community_GBV_Monitoring,ok
2022,Tunisia,Sfax,El_Houaria,High,With disability,Men,Employment_rate,40.86559326183255,%,Civic_Participation_Records,ok
2022,Tunisia,Sfax,El_Houaria,High,With disability,Men,Decision_making_participation,40.06707117423917,%,Labour_Force_Survey,ok
2023,Tunisia,Sfax,El_Houaria,Low,No disability,Women,School_enrollment,34.151271625213866,%,Community_GBV_Monitoring,ok
2023,Tunisia,Sfax,El_Houaria,Low,No disability,Women,Health_services_access,35.69895244764643,%,Civic_Participation_Records,ok
2023,Tunisia,Sfax,El_Houaria,Low,No disability,Women,GBV_services_access,26.554363960362828,%,Household_Survey,ok
2023,Tunisia,Sfax,El_Houaria,Low,No disability,Women,Employment_rate,28.14966979775262,%,Labour_Force_Survey,ok
2023,Tunisia,Sfax,El_Houaria,Low,No disability,Women,Decision_making_participation,33.03952025749575,%,Household_Survey,ok
2023,Tunisia,Sfax,El_Houaria,Low,No disability,Men,School_enrollment,37.208031650487364,%,Administrative_Health_Reports,ok
2023,Tunisia,Sfax,El_Houaria,Low,No disability,Men,Health_services_access,42.35953241648898,%,Civic_Participation_Records,ok
2023,Tunisia,Sfax,El_Houaria,Low,No disability,Men,GBV_services_access,27.395842938571576,%,Civic_Participation_Records,ok
2023,Tunisia,Sfax,El_Houaria,Low,No disability,Men,Employment_rate,32.37602431404588,%,Community_GBV_Monitoring,ok
2023,Tunisia,Sfax,El_Houaria,Low,No disability,Men,Decision_making_participation,33.9606669095283,%,Civic_Participation_Records,ok
2023,Tunisia,Sfax,El_Houaria,Low,With disability,Women,School_enrollment,11.362089863120136,%,Community_GBV_Monitoring,ok
2023,Tunisia,Sfax,El_Houaria,Low,With disability,Women,Health_services_access,9.65370225770807,%,Labour_Force_Survey,ok
2023,Tunisia,Sfax,El_Houaria,Low,With disability,Women,GBV_services_access,4.4619556147146575,%,Household_Survey,ok
2023,Tunisia,Sfax,El_Houaria,Low,With disability,Women,Employment_rate,16.624521036961994,%,Household_Survey,ok
2023,Tunisia,Sfax,El_Houaria,Low,With disability,Women,Decision_making_participation,13.237590624506014,%,Labour_Force_Survey,ok
2023,Tunisia,Sfax,El_Houaria,Low,With disability,Men,School_enrollment,,%,Administrative_Health_Reports,missing_value
2023,Tunisia,Sfax,El_Houaria,Low,With disability,Men,Health_services_access,,%,Household_Survey,missing_value
2023,Tunisia,Sfax,El_Houaria,Low,With disability,Men,GBV_services_access,8.522613885476984,%,Household_Survey,ok
2023,Tunisia,Sfax,El_Houaria,Low,With disability,Men,Employment_rate,14.146262495585814,%,Civic_Participation_Records,ok
2023,Tunisia,Sfax,El_Houaria,Low,With disability,Men,Decision_making_participation,,%,Administrative_Health_Reports,missing_value
2023,Tunisia,Sfax,El_Houaria,Middle,No disability,Women,School_enrollment,45.83891065514533,%,Labour_Force_Survey,ok
2023,Tunisia,Sfax,El_Houaria,Middle,No disability,Women,Health_services_access,48.72901102709937,%,Administrative_Health_Reports,ok
2023,Tunisia,Sfax,El_Houaria,Middle,No disability,Women,GBV_services_access,46.39768317262723,%,Labour_Force_Survey,ok
2023,Tunisia,Sfax,El_Houaria,Middle,No disability,Women,Employment_rate,47.6360485232356,%,Administrative_Health_Reports,ok
2023,Tunisia,Sfax,El_Houaria,Middle,No disability,Women,Decision_making_participation,49.96396340484123,%,Community_GBV_Monitoring,ok
2023,Tunisia,Sfax,El_Houaria,Middle,No disability,Men,School_enrollment,48.78118937147625,%,Civic_Participation_Records,ok
2023,Tunisia,Sfax,El_Houaria,Middle,No disability,Men,Health_services_access,53.78487236479153,%,Household_Survey,ok
2023,Tunisia,Sfax,El_Houaria,Middle,No disability,Men,GBV_services_access,54.38865237382376,%,Community_GBV_Monitoring,ok
2023,Tunisia,Sfax,El_Houaria,Middle,No disability,Men,Employment_rate,,%,Civic_Participation_Records,missing_value
2023,Tunisia,Sfax,El_Houaria,Middle,No disability,Men,Decision_making_participation,52.52010168031646,%,Community_GBV_Monitoring,ok
2023,Tunisia,Sfax,El_Houaria,Middle,With disability,Women,School_enrollment,26.90353407826586,%,Community_GBV_Monitoring,ok
2023,Tunisia,Sfax,El_Houaria,Middle,With disability,Women,Health_services_access,28.072306277623166,%,Household_Survey,ok
2023,Tunisia,Sfax,El_Houaria,Middle,With disability,Women,GBV_services_access,27.975741445360487,%,Household_Survey,ok
2023,Tunisia,Sfax,El_Houaria,Middle,With disability,Women,Employment_rate,25.783765413335402,%,Household_Survey,ok
2023,Tunisia,Sfax,El_Houaria,Middle,With disability,Women,Decision_making_participation,24.38365306275913,%,Civic_Participation_Records,ok
2023,Tunisia,Sfax,El_Houaria,Middle,With disability,Men,School_enrollment,30.763476019716776,%,Labour_Force_Survey,ok
2023,Tunisia,Sfax,El_Houaria,Middle,With disability,Men,Health_services_access,25.96606481538636,%,Administrative_Health_Reports,ok
2023,Tunisia,Sfax,El_Houaria,Middle,With disability,Men,GBV_services_access,26.786731216994,%,Community_GBV_Monitoring,ok
2023,Tunisia,Sfax,El_Houaria,Middle,With disability,Men,Employment_rate,34.94275867800224,%,Labour_Force_Survey,ok
2023,Tunisia,Sfax,El_Houaria,Middle,With disability,Men,Decision_making_participation,32.05699184205317,%,Community_GBV_Monitoring,ok
2023,Tunisia,Sfax,El_Houaria,High,No disability,Women,School_enrollment,54.61860341527113,%,Household_Survey,ok
2023,Tunisia,Sfax,El_Houaria,High,No disability,Women,Health_services_access,49.720626618406335,%,Civic_Participation_Records,ok
2023,Tunisia,Sfax,El_Houaria,High,No disability,Women,GBV_services_access,52.42502804179225,%,Administrative_Health_Reports,ok
2023,Tunisia,Sfax,El_Houaria,High,No disability,Women,Employment_rate,55.41859529899715,%,Household_Survey,ok
2023,Tunisia,Sfax,El_Houaria,High,No disability,Women,Decision_making_participation,50.78089792142613,%,Labour_Force_Survey,ok
2023,Tunisia,Sfax,El_Houaria,High,No disability,Men,School_enrollment,60.72597108300207,%,Labour_Force_Survey,ok
2023,Tunisia,Sfax,El_Houaria,High,No disability,Men,Health_services_access,60.413730823810724,%,Civic_Participation_Records,ok
2023,Tunisia,Sfax,El_Houaria,High,No disability,Men,GBV_services_access,57.123053644755565,%,Community_GBV_Monitoring,ok
2023,Tunisia,Sfax,El_Houaria,High,No disability,Men,Employment_rate,58.64108733712592,%,Civic_Participation_Records,ok
2023,Tunisia,Sfax,El_Houaria,High,No disability,Men,Decision_making_participation,55.41704368657093,%,Civic_Participation_Records,ok
2023,Tunisia,Sfax,El_Houaria,High,With disability,Women,School_enrollment,37.292230900845766,%,Household_Survey,ok
2023,Tunisia,Sfax,El_Houaria,High,With disability,Women,Health_services_access,30.685714712984925,%,Civic_Participation_Records,ok
2023,Tunisia,Sfax,El_Houaria,High,With disability,Women,GBV_services_access,,%,Household_Survey,missing_value
2023,Tunisia,Sfax,El_Houaria,High,With disability,Women,Employment_rate,,%,Administrative_Health_Reports,missing_value
2023,Tunisia,Sfax,El_Houaria,High,With disability,Women,Decision_making_participation,33.65503696358558,%,Administrative_Health_Reports,ok
2023,Tunisia,Sfax,El_Houaria,High,With disability,Men,School_enrollment,37.96322250608265,%,Community_GBV_Monitoring,ok
2023,Tunisia,Sfax,El_Houaria,High,With disability,Men,Health_services_access,34.2242553006165,%,Civic_Participation_Records,ok
2023,Tunisia,Sfax,El_Houaria,High,With disability,Men,GBV_services_access,33.74792047348687,%,Labour_Force_Survey,ok
2023,Tunisia,Sfax,El_Houaria,High,With disability,Men,Employment_rate,38.723220142363935,%,Community_GBV_Monitoring,ok
2023,Tunisia,Sfax,El_Houaria,High,With disability,Men,Decision_making_participation,37.45361296310457,%,Administrative_Health_Reports,ok
2024,Tunisia,Sfax,El_Houaria,Low,No disability,Women,School_enrollment,32.45696507892858,%,Labour_Force_Survey,ok
2024,Tunisia,Sfax,El_Houaria,Low,No disability,Women,Health_services_access,31.67686612701593,%,Labour_Force_Survey,ok
2024,Tunisia,Sfax,El_Houaria,Low,No disability,Women,GBV_services_access,34.67352327756699,%,Administrative_Health_Reports,ok
2024,Tunisia,Sfax,El_Houaria,Low,No disability,Women,Employment_rate,25.398356483901832,%,Civic_Participation_Records,ok
2024,Tunisia,Sfax,El_Houaria,Low,No disability,Women,Decision_making_participation,35.19381574421111,%,Labour_Force_Survey,ok
2024,Tunisia,Sfax,El_Houaria,Low,No disability,Men,School_enrollment,,%,Community_GBV_Monitoring,missing_value
2024,Tunisia,Sfax,El_Houaria,Low,No disability,Men,Health_services_access,34.86060239751186,%,Civic_Participation_Records,ok
2024,Tunisia,Sfax,El_Houaria,Low,No disability,Men,GBV_services_access,34.37435110290161,%,Community_GBV_Monitoring,ok
2024,Tunisia,Sfax,El_Houaria,Low,No disability,Men,Employment_rate,32.06550952993195,%,Labour_Force_Survey,ok
2024,Tunisia,Sfax,El_Houaria,Low,No disability,Men,Decision_making_participation,36.217116511372325,%,Administrative_Health_Reports,ok
2024,Tunisia,Sfax,El_Houaria,Low,With disability,Women,School_enrollment,,%,Household_Survey,missing_value
2024,Tunisia,Sfax,El_Houaria,Low,With disability,Women,Health_services_access,8.730909379054514,%,Labour_Force_Survey,ok
2024,Tunisia,Sfax,El_Houaria,Low,With disability,Women,GBV_services_access,9.251826598601818,%,Household_Survey,ok
2024,Tunisia,Sfax,El_Houaria,Low,With disability,Women,Employment_rate,5.605817743985819,%,Administrative_Health_Reports,ok
2024,Tunisia,Sfax,El_Houaria,Low,With disability,Women,Decision_making_participation,9.531741299029605,%,Civic_Participation_Records,ok
2024,Tunisia,Sfax,El_Houaria,Low,With disability,Men,School_enrollment,19.464480099294857,%,Household_Survey,ok
2024,Tunisia,Sfax,El_Houaria,Low,With disability,Men,Health_services_access,,%,Labour_Force_Survey,missing_value
2024,Tunisia,Sfax,El_Houaria,Low,With disability,Men,GBV_services_access,12.639264075475996,%,Labour_Force_Survey,ok
2024,Tunisia,Sfax,El_Houaria,Low,With disability,Men,Employment_rate,20.967576193624406,%,Civic_Participation_Records,ok
2024,Tunisia,Sfax,El_Houaria,Low,With disability,Men,Decision_making_participation,22.723063769335326,%,Community_GBV_Monitoring,ok
2024,Tunisia,Sfax,El_Houaria,Middle,No disability,Women,School_enrollment,46.75050148009437,%,Civic_Participation_Records,ok
2024,Tunisia,Sfax,El_Houaria,Middle,No disability,Women,Health_services_access,51.31424282451725,%,Civic_Participation_Records,ok
2024,Tunisia,Sfax,El_Houaria,Middle,No disability,Women,GBV_services_access,49.360684101386774,%,Household_Survey,ok
2024,Tunisia,Sfax,El_Houaria,Middle,No disability,Women,Employment_rate,49.67421209543905,%,Administrative_Health_Reports,ok
2024,Tunisia,Sfax,El_Houaria,Middle,No disability,Women,Decision_making_participation,48.82371217200691,%,Civic_Participation_Records,ok
2024,Tunisia,Sfax,El_Houaria,Middle,No disability,Men,School_enrollment,53.938402339252825,%,Community_GBV_Monitoring,ok
2024,Tunisia,Sfax,El_Houaria,Middle,No disability,Men,Health_services_access,55.273586884270784,%,Labour_Force_Survey,ok
2024,Tunisia,Sfax,El_Houaria,Middle,No disability,Men,GBV_services_access,54.38868393317485,%,Community_GBV_Monitoring,ok
2024,Tunisia,Sfax,El_Houaria,Middle,No disability,Men,Employment_rate,53.638652258112735,%,Household_Survey,ok
2024,Tunisia,Sfax,El_Houaria,Middle,No disability,Men,Decision_making_participation,51.18752941521197,%,Community_GBV_Monitoring,ok
2024,Tunisia,Sfax,El_Houaria,Middle,With disability,Women,School_enrollment,24.57235950104361,%,Community_GBV_Monitoring,ok
2024,Tunisia,Sfax,El_Houaria,Middle,With disability,Women,Health_services_access,27.749140044869634,%,Household_Survey,ok
2024,Tunisia,Sfax,El_Houaria,Middle,With disability,Women,GBV_services_access,23.490866610442232,%,Community_GBV_Monitoring,ok
2024,Tunisia,Sfax,El_Houaria,Middle,With disability,Women,Employment_rate,,%,Administrative_Health_Reports,missing_value
2024,Tunisia,Sfax,El_Houaria,Middle,With disability,Women,Decision_making_participation,30.97833669652837,%,Administrative_Health_Reports,ok
2024,Tunisia,Sfax,El_Houaria,Middle,With disability,Men,School_enrollment,33.153332803672356,%,Household_Survey,ok
2024,Tunisia,Sfax,El_Houaria,Middle,With disability,Men,Health_services_access,30.93816797317255,%,Household_Survey,ok
2024,Tunisia,Sfax,El_Houaria,Middle,With disability,Men,GBV_services_access,26.83448884120797,%,Community_GBV_Monitoring,ok
2024,Tunisia,Sfax,El_Houaria,Middle,With disability,Men,Employment_rate,32.24167552781611,%,Household_Survey,ok
2024,Tunisia,Sfax,El_Houaria,Middle,With disability,Men,Decision_making_participation,35.830111056472376,%,Household_Survey,ok
2024,Tunisia,Sfax,El_Houaria,High,No disability,Women,School_enrollment,55.36472402424207,%,Labour_Force_Survey,ok
2024,Tunisia,Sfax,El_Houaria,High,No disability,Women,Health_services_access,54.25204298933356,%,Civic_Participation_Records,ok
2024,Tunisia,Sfax,El_Houaria,High,No disability,Women,GBV_services_access,56.51201161630543,%,Civic_Participation_Records,ok
2024,Tunisia,Sfax,El_Houaria,High,No disability,Women,Employment_rate,50.2996204480049,%,Administrative_Health_Reports,ok
2024,Tunisia,Sfax,El_Houaria,High,No disability,Women,Decision_making_participation,52.49290641907907,%,Household_Survey,ok
2024,Tunisia,Sfax,El_Houaria,High,No disability,Men,School_enrollment,55.38508360446605,%,Labour_Force_Survey,ok
2024,Tunisia,Sfax,El_Houaria,High,No disability,Men,Health_services_access,59.36555317478466,%,Administrative_Health_Reports,ok
2024,Tunisia,Sfax,El_Houaria,High,No disability,Men,GBV_services_access,60.66069073494628,%,Civic_Participation_Records,ok
2024,Tunisia,Sfax,El_Houaria,High,No disability,Men,Employment_rate,61.14428204323187,%,Civic_Participation_Records,ok
2024,Tunisia,Sfax,El_Houaria,High,No disability,Men,Decision_making_participation,58.68477500210253,%,Labour_Force_Survey,ok
2024,Tunisia,Sfax,El_Houaria,High,With disability,Women,School_enrollment,30.17553857756075,%,Household_Survey,ok
2024,Tunisia,Sfax,El_Houaria,High,With disability,Women,Health_services_access,30.384497569059373,%,Administrative_Health_Reports,ok
2024,Tunisia,Sfax,El_Houaria,High,With disability,Women,GBV_services_access,31.682922235362774,%,Labour_Force_Survey,ok
2024,Tunisia,Sfax,El_Houaria,High,With disability,Women,Employment_rate,32.09715746040427,%,Labour_Force_Survey,ok
2024,Tunisia,Sfax,El_Houaria,High,With disability,Women,Decision_making_participation,32.09235268459948,%,Civic_Participation_Records,ok
2024,Tunisia,Sfax,El_Houaria,High,With disability,Men,School_enrollment,35.535342949384884,%,Administrative_Health_Reports,ok
2024,Tunisia,Sfax,El_Houaria,High,With disability,Men,Health_services_access,32.63853135723447,%,Household_Survey,ok
2024,Tunisia,Sfax,El_Houaria,High,With disability,Men,GBV_services_access,33.00929230917645,%,Community_GBV_Monitoring,ok
2024,Tunisia,Sfax,El_Houaria,High,With disability,Men,Employment_rate,38.28678606777375,%,Household_Survey,ok
2024,Tunisia,Sfax,El_Houaria,High,With disability,Men,Decision_making_participation,43.032639482780866,%,Community_GBV_Monitoring,ok
2020,Armenia,Yerevan,Kentron,Low,No disability,Women,School_enrollment,29.118422517606415,%,Community_GBV_Monitoring,ok
2020,Armenia,Yerevan,Kentron,Low,No disability,Women,Health_services_access,26.11409821845453,%,Labour_Force_Survey,ok
2020,Armenia,Yerevan,Kentron,Low,No disability,Women,GBV_services_access,25.64814016604166,%,Administrative_Health_Reports,ok
2020,Armenia,Yerevan,Kentron,Low,No disability,Women,Employment_rate,23.78199535372326,%,Civic_Participation_Records,ok
2020,Armenia,Yerevan,Kentron,Low,No disability,Women,Decision_making_participation,27.58318038060818,%,Civic_Participation_Records,ok
2020,Armenia,Yerevan,Kentron,Low,No disability,Men,School_enrollment,32.68269842201684,%,Administrative_Health_Reports,ok
2020,Armenia,Yerevan,Kentron,Low,No disability,Men,Health_services_access,33.74939403829284,%,Civic_Participation_Records,ok
2020,Armenia,Yerevan,Kentron,Low,No disability,Men,GBV_services_access,30.967937056997965,%,Labour_Force_Survey,ok
2020,Armenia,Yerevan,Kentron,Low,No disability,Men,Employment_rate,28.472330010091156,%,Administrative_Health_Reports,ok
2020,Armenia,Yerevan,Kentron,Low,No disability,Men,Decision_making_participation,,%,Community_GBV_Monitoring,missing_value
2020,Armenia,Yerevan,Kentron,Low,With disability,Women,School_enrollment,12.638014140923545,%,Community_GBV_Monitoring,ok
2020,Armenia,Yerevan,Kentron,Low,With disability,Women,Health_services_access,10.36855799945577,%,Community_GBV_Monitoring,ok
2020,Armenia,Yerevan,Kentron,Low,With disability,Women,GBV_services_access,6.570388190317998,%,Labour_Force_Survey,ok
2020,Armenia,Yerevan,Kentron,Low,With disability,Women,Employment_rate,8.634031968476636,%,Community_GBV_Monitoring,ok
2020,Armenia,Yerevan,Kentron,Low,With disability,Women,Decision_making_participation,11.272456496484654,%,Civic_Participation_Records,ok
2020,Armenia,Yerevan,Kentron,Low,With disability,Men,School_enrollment,16.456476322775988,%,Household_Survey,ok
2020,Armenia,Yerevan,Kentron,Low,With disability,Men,Health_services_access,13.474720939208003,%,Administrative_Health_Reports,ok
2020,Armenia,Yerevan,Kentron,Low,With disability,Men,GBV_services_access,,%,Civic_Participation_Records,missing_value
2020,Armenia,Yerevan,Kentron,Low,With disability,Men,Employment_rate,12.573739452629995,%,Administrative_Health_Reports,ok
2020,Armenia,Yerevan,Kentron,Low,With disability,Men,Decision_making_participation,11.610321867422597,%,Civic_Participation_Records,ok
2020,Armenia,Yerevan,Kentron,Middle,No disability,Women,School_enrollment,43.152690989808406,%,Civic_Participation_Records,ok
2020,Armenia,Yerevan,Kentron,Middle,No disability,Women,Health_services_access,40.19668935068627,%,Administrative_Health_Reports,ok
2020,Armenia,Yerevan,Kentron,Middle,No disability,Women,GBV_services_access,47.145370383586965,%,Community_GBV_Monitoring,ok
2020,Armenia,Yerevan,Kentron,Middle,No disability,Women,Employment_rate,42.13027191480691,%,Administrative_Health_Reports,ok
2020,Armenia,Yerevan,Kentron,Middle,No disability,Women,Decision_making_participation,47.32134076291415,%,Administrative_Health_Reports,ok
2020,Armenia,Yerevan,Kentron,Middle,No disability,Men,School_enrollment,48.792688947661055,%,Community_GBV_Monitoring,ok
2020,Armenia,Yerevan,Kentron,Middle,No disability,Men,Health_services_access,47.18724601204145,%,Community_GBV_Monitoring,ok
2020,Armenia,Yerevan,Kentron,Middle,No disability,Men,GBV_services_access,49.592398885598755,%,Household_Survey,ok
2020,Armenia,Yerevan,Kentron,Middle,No disability,Men,Employment_rate,41.20053841889866,%,Labour_Force_Survey,ok
2020,Armenia,Yerevan,Kentron,Middle,No disability,Men,Decision_making_participation,45.74998185147282,%,Civic_Participation_Records,ok
2020,Armenia,Yerevan,Kentron,Middle,With disability,Women,School_enrollment,,%,Community_GBV_Monitoring,missing_value
2020,Armenia,Yerevan,Kentron,Middle,With disability,Women,Health_services_access,,%,Community_GBV_Monitoring,missing_value
2020,Armenia,Yerevan,Kentron,Middle,With disability,Women,GBV_services_access,,%,Civic_Participation_Records,missing_value
2020,Armenia,Yerevan,Kentron,Middle,With disability,Women,Employment_rate,28.0321223068078,%,Community_GBV_Monitoring,ok
2020,Armenia,Yerevan,Kentron,Middle,With disability,Women,Decision_making_participation,23.539474114072622,%,Community_GBV_Monitoring,ok
2020,Armenia,Yerevan,Kentron,Middle,With disability,Men,School_enrollment,,%,Civic_Participation_Records,missing_value
2020,Armenia,Yerevan,Kentron,Middle,With disability,Men,Health_services_access,,%,Community_GBV_Monitoring,missing_value
2020,Armenia,Yerevan,Kentron,Middle,With disability,Men,GBV_services_access,26.815223821773753,%,Household_Survey,ok
2020,Armenia,Yerevan,Kentron,Middle,With disability,Men,Employment_rate,32.16771687722836,%,Community_GBV_Monitoring,ok
2020,Armenia,Yerevan,Kentron,Middle,With disability,Men,Decision_making_participation,32.79605095468533,%,Administrative_Health_Reports,ok
2020,Armenia,Yerevan,Kentron,High,No disability,Women,School_enrollment,54.665064957235465,%,Household_Survey,ok
2020,Armenia,Yerevan,Kentron,High,No disability,Women,Health_services_access,52.657520408248324,%,Administrative_Health_Reports,ok
2020,Armenia,Yerevan,Kentron,High,No disability,Women,GBV_services_access,53.95764797002225,%,Household_Survey,ok
2020,Armenia,Yerevan,Kentron,High,No disability,Women,Employment_rate,47.23522890578892,%,Household_Survey,ok
2020,Armenia,Yerevan,Kentron,High,No disability,Women,Decision_making_participation,57.15749071228309,%,Labour_Force_Survey,ok
2020,Armenia,Yerevan,Kentron,High,No disability,Men,School_enrollment,56.180351976638796,%,Community_GBV_Monitoring,ok
2020,Armenia,Yerevan,Kentron,High,No disability,Men,Health_services_access,54.872979777528194,%,Labour_Force_Survey,ok
2020,Armenia,Yerevan,Kentron,High,No disability,Men,GBV_services_access,54.431530578945114,%,Household_Survey,ok
2020,Armenia,Yerevan,Kentron,High,No disability,Men,Employment_rate,53.95857613481268,%,Labour_Force_Survey,ok
2020,Armenia,Yerevan,Kentron,High,No disability,Men,Decision_making_participation,52.4434728898343,%,Civic_Participation_Records,ok
2020,Armenia,Yerevan,Kentron,High,With disability,Women,School_enrollment,30.432268705829735,%,Community_GBV_Monitoring,ok
2020,Armenia,Yerevan,Kentron,High,With disability,Women,Health_services_access,,%,Civic_Participation_Records,missing_value
2020,Armenia,Yerevan,Kentron,High,With disability,Women,GBV_services_access,30.664090808853416,%,Administrative_Health_Reports,ok
2020,Armenia,Yerevan,Kentron,High,With disability,Women,Employment_rate,34.720776463832465,%,Labour_Force_Survey,ok
2020,Armenia,Yerevan,Kentron,High,With disability,Women,Decision_making_participation,31.836897362269415,%,Labour_Force_Survey,ok
2020,Armenia,Yerevan,Kentron,High,With disability,Men,School_enrollment,28.625544549875944,%,Community_GBV_Monitoring,ok
2020,Armenia,Yerevan,Kentron,High,With disability,Men,Health_services_access,28.827706254771133,%,Labour_Force_Survey,ok
2020,Armenia,Yerevan,Kentron,High,With disability,Men,GBV_services_access,29.700405539880823,%,Labour_Force_Survey,ok
2020,Armenia,Yerevan,Kentron,High,With disability,Men,Employment_rate,,%,Labour_Force_Survey,missing_value
2020,Armenia,Yerevan,Kentron,High,With disability,Men,Decision_making_participation,33.79247864378403,%,Administrative_Health_Reports,ok
2021,Armenia,Yerevan,Kentron,Low,No disability,Women,School_enrollment,30.476735622099614,%,Household_Survey,ok
2021,Armenia,Yerevan,Kentron,Low,No disability,Women,Health_services_access,31.947870672450364,%,Household_Survey,ok
2021,Armenia,Yerevan,Kentron,Low,No disability,Women,GBV_services_access,31.90260372944484,%,Administrative_Health_Reports,ok
2021,Armenia,Yerevan,Kentron,Low,No disability,Women,Employment_rate,,%,Administrative_Health_Reports,missing_value
2021,Armenia,Yerevan,Kentron,Low,No disability,Women,Decision_making_participation,29.000396377237834,%,Civic_Participation_Records,ok
2021,Armenia,Yerevan,Kentron,Low,No disability,Men,School_enrollment,34.136944540292156,%,Household_Survey,ok
2021,Armenia,Yerevan,Kentron,Low,No disability,Men,Health_services_access,31.479766626092385,%,Household_Survey,ok
2021,Armenia,Yerevan,Kentron,Low,No disability,Men,GBV_services_access,28.119159424137276,%,Household_Survey,ok
2021,Armenia,Yerevan,Kentron,Low,No disability,Men,Employment_rate,28.040028173689514,%,Community_GBV_Monitoring,ok
2021,Armenia,Yerevan,Kentron,Low,No disability,Men,Decision_making_participation,29.014513060580896,%,Administrative_Health_Reports,ok
2021,Armenia,Yerevan,Kentron,Low,With disability,Women,School_enrollment,13.061229681724114,%,Civic_Participation_Records,ok
2021,Armenia,Yerevan,Kentron,Low,With disability,Women,Health_services_access,5.595017944186759,%,Civic_Participation_Records,ok
2021,Armenia,Yerevan,Kentron,Low,With disability,Women,GBV_services_access,7.130109296099675,%,Administrative_Health_Reports,ok
2021,Armenia,Yerevan,Kentron,Low,With disability,Women,Employment_rate,7.118219544591877,%,Labour_Force_Survey,ok
2021,Armenia,Yerevan,Kentron,Low,With disability,Women,Decision_making_participation,12.235889205482128,%,Civic_Participation_Records,ok
2021,Armenia,Yerevan,Kentron,Low,With disability,Men,School_enrollment,19.43929971883232,%,Community_GBV_Monitoring,ok
2021,Armenia,Yerevan,Kentron,Low,With disability,Men,Health_services_access,9.569437523709201,%,Community_GBV_Monitoring,ok
2021,Armenia,Yerevan,Kentron,Low,With disability,Men,GBV_services_access,15.050059830554964,%,Administrative_Health_Reports,ok
2021,Armenia,Yerevan,Kentron,Low,With disability,Men,Employment_rate,,%,Community_GBV_Monitoring,missing_value
2021,Armenia,Yerevan,Kentron,Low,With disability,Men,Decision_making_participation,10.580433162354668,%,Household_Survey,ok
2021,Armenia,Yerevan,Kentron,Middle,No disability,Women,School_enrollment,45.487402439246,%,Community_GBV_Monitoring,ok
2021,Armenia,Yerevan,Kentron,Middle,No disability,Women,Health_services_access,44.16113629887513,%,Household_Survey,ok
2021,Armenia,Yerevan,Kentron,Middle,No disability,Women,GBV_services_access,44.51068223687763,%,Community_GBV_Monitoring,ok
2021,Armenia,Yerevan,Kentron,Middle,No disability,Women,Employment_rate,45.50502009335884,%,Civic_Participation_Records,ok
2021,Armenia,Yerevan,Kentron,Middle,No disability,Women,Decision_making_participation,42.91064315168591,%,Labour_Force_Survey,ok
2021,Armenia,Yerevan,Kentron,Middle,No disability,Men,School_enrollment,51.83085573209648,%,Community_GBV_Monitoring,ok
2021,Armenia,Yerevan,Kentron,Middle,No disability,Men,Health_services_access,47.79227782043918,%,Household_Survey,ok
2021,Armenia,Yerevan,Kentron,Middle,No disability,Men,GBV_services_access,,%,Administrative_Health_Reports,missing_value
2021,Armenia,Yerevan,Kentron,Middle,No disability,Men,Employment_rate,50.38020539581791,%,Administrative_Health_Reports,ok
2021,Armenia,Yerevan,Kentron,Middle,No disability,Men,Decision_making_participation,47.096280063938764,%,Administrative_Health_Reports,ok
2021,Armenia,Yerevan,Kentron,Middle,With disability,Women,School_enrollment,26.57476337653829,%,Community_GBV_Monitoring,ok
2021,Armenia,Yerevan,Kentron,Middle,With disability,Women,Health_services_access,22.301168383466507,%,Civic_Participation_Records,ok
2021,Armenia,Yerevan,Kentron,Middle,With disability,Women,GBV_services_access,23.825004386199833,%,Administrative_Health_Reports,ok
2021,Armenia,Yerevan,Kentron,Middle,With disability,Women,Employment_rate,21.17628666850596,%,Household_Survey,ok
2021,Armenia,Yerevan,Kentron,Middle,With disability,Women,Decision_making_participation,31.618331369689518,%,Labour_Force_Survey,ok
2021,Armenia,Yerevan,Kentron,Middle,With disability,Men,School_enrollment,27.36687940306631,%,Labour_Force_Survey,ok
2021,Armenia,Yerevan,Kentron,Middle,With disability,Men,Health_services_access,,%,Community_GBV_Monitoring,missing_value
2021,Armenia,Yerevan,Kentron,Middle,With disability,Men,GBV_services_access,24.939216256118304,%,Civic_Participation_Records,ok
2021,Armenia,Yerevan,Kentron,Middle,With disability,Men,Employment_rate,34.53678659774189,%,Labour_Force_Survey,ok
2021,Armenia,Yerevan,Kentron,Middle,With disability,Men,Decision_making_participation,28.720011074188054,%,Labour_Force_Survey,ok
2021,Armenia,Yerevan,Kentron,High,No disability,Women,School_enrollment,48.58242293557682,%,Civic_Participation_Records,ok
2021,Armenia,Yerevan,Kentron,High,No disability,Women,Health_services_access,45.72087640875251,%,Labour_Force_Survey,ok
2021,Armenia,Yerevan,Kentron,High,No disability,Women,GBV_services_access,54.146797068247565,%,Community_GBV_Monitoring,ok
2021,Armenia,Yerevan,Kentron,High,No disability,Women,Employment_rate,45.70380526328183,%,Household_Survey,ok
2021,Armenia,Yerevan,Kentron,High,No disability,Women,Decision_making_participation,53.22499562317334,%,Labour_Force_Survey,ok
2021,Armenia,Yerevan,Kentron,High,No disability,Men,School_enrollment,56.11698308516009,%,Labour_Force_Survey,ok
2021,Armenia,Yerevan,Kentron,High,No disability,Men,Health_services_access,55.248793772980676,%,Civic_Participation_Records,ok
2021,Armenia,Yerevan,Kentron,High,No disability,Men,GBV_services_access,52.86673868652161,%,Civic_Participation_Records,ok
2021,Armenia,Yerevan,Kentron,High,No disability,Men,Employment_rate,53.95730330109307,%,Labour_Force_Survey,ok
2021,Armenia,Yerevan,Kentron,High,No disability,Men,Decision_making_participation,56.20575318877713,%,Community_GBV_Monitoring,ok
2021,Armenia,Yerevan,Kentron,High,With disability,Women,School_enrollment,,%,Administrative_Health_Reports,missing_value
2021,Armenia,Yerevan,Kentron,High,With disability,Women,Health_services_access,25.60931265432961,%,Administrative_Health_Reports,ok
2021,Armenia,Yerevan,Kentron,High,With disability,Women,GBV_services_access,27.256348336421553,%,Civic_Participation_Records,ok
2021,Armenia,Yerevan,Kentron,High,With disability,Women,Employment_rate,,%,Labour_Force_Survey,missing_value
2021,Armenia,Yerevan,Kentron,High,With disability,Women,Decision_making_participation,31.372005065285762,%,Administrative_Health_Reports,ok
2021,Armenia,Yerevan,Kentron,High,With disability,Men,School_enrollment,33.9792972644699,%,Community_GBV_Monitoring,ok
2021,Armenia,Yerevan,Kentron,High,With disability,Men,Health_services_access,34.48789917003238,%,Labour_Force_Survey,ok
2021,Armenia,Yerevan,Kentron,High,With disability,Men,GBV_services_access,31.843974835146856,%,Civic_Participation_Records,ok
2021,Armenia,Yerevan,Kentron,High,With disability,Men,Employment_rate,37.378422207778364,%,Household_Survey,ok
2021,Armenia,Yerevan,Kentron,High,With disability,Men,Decision_making_participation,32.67463767118201,%,Community_GBV_Monitoring,ok
2022,Armenia,Yerevan,Kentron,Low,No disability,Women,School_enrollment,33.80366612698841,%,Household_Survey,ok
2022,Armenia,Yerevan,Kentron,Low,No disability,Women,Health_services_access,28.13490686721719,%,Labour_Force_Survey,ok
2022,Armenia,Yerevan,Kentron,Low,No disability,Women,GBV_services_access,32.82806473292372,%,Community_GBV_Monitoring,ok
2022,Armenia,Yerevan,Kentron,Low,No disability,Women,Employment_rate,21.608933466891006,%,Labour_Force_Survey,ok
2022,Armenia,Yerevan,Kentron,Low,No disability,Women,Decision_making_participation,33.7577547086772,%,Community_GBV_Monitoring,ok
2022,Armenia,Yerevan,Kentron,Low,No disability,Men,School_enrollment,30.585233343025735,%,Household_Survey,ok
2022,Armenia,Yerevan,Kentron,Low,No disability,Men,Health_services_access,29.874665677247123,%,Community_GBV_Monitoring,ok
2022,Armenia,Yerevan,Kentron,Low,No disability,Men,GBV_services_access,31.03678252284473,%,Administrative_Health_Reports,ok
2022,Armenia,Yerevan,Kentron,Low,No disability,Men,Employment_rate,29.318648520779526,%,Household_Survey,ok
2022,Armenia,Yerevan,Kentron,Low,No disability,Men,Decision_making_participation,31.656112816596146,%,Household_Survey,ok
2022,Armenia,Yerevan,Kentron,Low,With disability,Women,School_enrollment,9.7910834290246,%,Household_Survey,ok
2022,Armenia,Yerevan,Kentron,Low,With disability,Women,Health_services_access,7.052833519022189,%,Labour_Force_Survey,ok
2022,Armenia,Yerevan,Kentron,Low,With disability,Women,GBV_services_access,10.79632771019026,%,Administrative_Health_Reports,ok
2022,Armenia,Yerevan,Kentron,Low,With disability,Women,Employment_rate,6.3300430347997,%,Household_Survey,ok
2022,Armenia,Yerevan,Kentron,Low,With disability,Women,Decision_making_participation,11.890870562553442,%,Administrative_Health_Reports,ok
2022,Armenia,Yerevan,Kentron,Low,With disability,Men,School_enrollment,8.405436994469486,%,Community_GBV_Monitoring,ok
2022,Armenia,Yerevan,Kentron,Low,With disability,Men,Health_services_access,,%,Household_Survey,missing_value
2022,Armenia,Yerevan,Kentron,Low,With disability,Men,GBV_services_access,6.795735115592681,%,Community_GBV_Monitoring,ok
2022,Armenia,Yerevan,Kentron,Low,With disability,Men,Employment_rate,,%,Community_GBV_Monitoring,missing_value
2022,Armenia,Yerevan,Kentron,Low,With disability,Men,Decision_making_participation,,%,Household_Survey,missing_value
2022,Armenia,Yerevan,Kentron,Middle,No disability,Women,School_enrollment,43.74779845945029,%,Household_Survey,ok
2022,Armenia,Yerevan,Kentron,Middle,No disability,Women,Health_services_access,45.737853298286396,%,Household_Survey,ok
2022,Armenia,Yerevan,Kentron,Middle,No disability,Women,GBV_services_access,41.39364389021583,%,Administrative_Health_Reports,ok
2022,Armenia,Yerevan,Kentron,Middle,No disability,Women,Employment_rate,42.320070081049806,%,Community_GBV_Monitoring,ok
2022,Armenia,Yerevan,Kentron,Middle,No disability,Women,Decision_making_participation,47.696507020186026,%,Labour_Force_Survey,ok
2022,Armenia,Yerevan,Kentron,Middle,No disability,Men,School_enrollment,47.558493058504055,%,Community_GBV_Monitoring,ok
2022,Armenia,Yerevan,Kentron,Middle,No disability,Men,Health_services_access,50.01908125763839,%,Community_GBV_Monitoring,ok
2022,Armenia,Yerevan,Kentron,Middle,No disability,Men,GBV_services_access,48.229551551590916,%,Household_Survey,ok
2022,Armenia,Yerevan,Kentron,Middle,No disability,Men,Employment_rate,47.00778832389229,%,Labour_Force_Survey,ok
2022,Armenia,Yerevan,Kentron,Middle,No disability,Men,Decision_making_participation,49.229502692928264,%,Community_GBV_Monitoring,ok
2022,Armenia,Yerevan,Kentron,Middle,With disability,Women,School_enrollment,26.194710541024914,%,Household_Survey,ok
2022,Armenia,Yerevan,Kentron,Middle,With disability,Women,Health_services_access,,%,Administrative_Health_Reports,missing_value
2022,Armenia,Yerevan,Kentron,Middle,With disability,Women,GBV_services_access,17.263571522959037,%,Community_GBV_Monitoring,ok
2022,Armenia,Yerevan,Kentron,Middle,With disability,Women,Employment_rate,25.127700277678812,%,Community_GBV_Monitoring,ok
2022,Armenia,Yerevan,Kentron,Middle,With disability,Women,Decision_making_participation,27.14425393914362,%,Administrative_Health_Reports,ok
2022,Armenia,Yerevan,Kentron,Middle,With disability,Men,School_enrollment,29.05391509212229,%,Household_Survey,ok
2022,Armenia,Yerevan,Kentron,Middle,With disability,Men,Health_services_access,27.34959237418092,%,Labour_Force_Survey,ok
2022,Armenia,Yerevan,Kentron,Middle,With disability,Men,GBV_services_access,29.694172065413426,%,Civic_Participation_Records,ok
2022,Armenia,Yerevan,Kentron,Middle,With disability,Men,Employment_rate,32.46111980530791,%,Community_GBV_Monitoring,ok
2022,Armenia,Yerevan,Kentron,Middle,With disability,Men,Decision_making_participation,29.400179934599294,%,Household_Survey,ok
2022,Armenia,Yerevan,Kentron,High,No disability,Women,School_enrollment,49.193859796274225,%,Household_Survey,ok
2022,Armenia,Yerevan,Kentron,High,No disability,Women,Health_services_access,51.96257316654906,%,Administrative_Health_Reports,ok
2022,Armenia,Yerevan,Kentron,High,No disability,Women,GBV_services_access,,%,Household_Survey,missing_value
2022,Armenia,Yerevan,Kentron,High,No disability,Women,Employment_rate,44.47376967543597,%,Community_GBV_Monitoring,ok
2022,Armenia,Yerevan,Kentron,High,No disability,Women,Decision_making_participation,48.895084058900736,%,Community_GBV_Monitoring,ok
2022,Armenia,Yerevan,Kentron,High,No disability,Men,School_enrollment,54.465914220484116,%,Labour_Force_Survey,ok
2022,Armenia,Yerevan,Kentron,High,No disability,Men,Health_services_access,52.38913048612799,%,Civic_Participation_Records,ok
2022,Armenia,Yerevan,Kentron,High,No disability,Men,GBV_services_access,,%,Household_Survey,missing_value
2022,Armenia,Yerevan,Kentron,High,No disability,Men,Employment_rate,57.16847290613932,%,Civic_Participation_Records,ok
2022,Armenia,Yerevan,Kentron,High,No disability,Men,Decision_making_participation,53.26058702494836,%,Household_Survey,ok
2022,Armenia,Yerevan,Kentron,High,With disability,Women,School_enrollment,29.76502267222119,%,Administrative_Health_Reports,ok
2022,Armenia,Yerevan,Kentron,High,With disability,Women,Health_services_access,26.894126217465466,%,Community_GBV_Monitoring,ok
2022,Armenia,Yerevan,Kentron,High,With disability,Women,GBV_services_access,30.666003205011183,%,Administrative_Health_Reports,ok
2022,Armenia,Yerevan,Kentron,High,With disability,Women,Employment_rate,28.210021797546887,%,Household_Survey,ok
2022,Armenia,Yerevan,Kentron,High,With disability,Women,Decision_making_participation,30.71039322114102,%,Labour_Force_Survey,ok
2022,Armenia,Yerevan,Kentron,High,With disability,Men,School_enrollment,30.88805854127275,%,Administrative_Health_Reports,ok
2022,Armenia,Yerevan,Kentron,High,With disability,Men,Health_services_access,,%,Civic_Participation_Records,missing_value
2022,Armenia,Yerevan,Kentron,High,With disability,Men,GBV_services_access,31.556948720432942,%,Labour_Force_Survey,ok
2022,Armenia,Yerevan,Kentron,High,With disability,Men,Employment_rate,35.114740307561036,%,Household_Survey,ok
2022,Armenia,Yerevan,Kentron,High,With disability,Men,Decision_making_participation,39.306836005069854,%,Community_GBV_Monitoring,ok
2023,Armenia,Yerevan,Kentron,Low,No disability,Women,School_enrollment,27.716992712296122,%,Community_GBV_Monitoring,ok
2023,Armenia,Yerevan,Kentron,Low,No disability,Women,Health_services_access,26.83906610725845,%,Administrative_Health_Reports,ok
2023,Armenia,Yerevan,Kentron,Low,No disability,Women,GBV_services_access,27.42200292878036,%,Civic_Participation_Records,ok
2023,Armenia,Yerevan,Kentron,Low,No disability,Women,Employment_rate,23.385659284484753,%,Household_Survey,ok
2023,Armenia,Yerevan,Kentron,Low,No disability,Women,Decision_making_participation,25.950309154115544,%,Household_Survey,ok
2023,Armenia,Yerevan,Kentron,Low,No disability,Men,School_enrollment,31.099560329730515,%,Administrative_Health_Reports,ok
2023,Armenia,Yerevan,Kentron,Low,No disability,Men,Health_services_access,33.58095341415908,%,Administrative_Health_Reports,ok
2023,Armenia,Yerevan,Kentron,Low,No disability,Men,GBV_services_access,31.998456366498473,%,Household_Survey,ok
2023,Armenia,Yerevan,Kentron,Low,No disability,Men,Employment_rate,27.93815563618603,%,Household_Survey,ok
2023,Armenia,Yerevan,Kentron,Low,No disability,Men,Decision_making_participation,33.525876786128045,%,Civic_Participation_Records,ok
2023,Armenia,Yerevan,Kentron,Low,With disability,Women,School_enrollment,10.932483787440045,%,Household_Survey,ok
2023,Armenia,Yerevan,Kentron,Low,With disability,Women,Health_services_access,5.939209598509333,%,Labour_Force_Survey,ok
2023,Armenia,Yerevan,Kentron,Low,With disability,Women,GBV_services_access,4.744573241559479,%,Labour_Force_Survey,ok
2023,Armenia,Yerevan,Kentron,Low,With disability,Women,Employment_rate,9.541585909339446,%,Civic_Participation_Records,ok
2023,Armenia,Yerevan,Kentron,Low,With disability,Women,Decision_making_participation,7.324255622414686,%,Civic_Participation_Records,ok
2023,Armenia,Yerevan,Kentron,Low,With disability,Men,School_enrollment,15.415220177902137,%,Administrative_Health_Reports,ok
2023,Armenia,Yerevan,Kentron,Low,With disability,Men,Health_services_access,13.38370319504116,%,Household_Survey,ok
2023,Armenia,Yerevan,Kentron,Low,With disability,Men,GBV_services_access,,%,Labour_Force_Survey,missing_value
2023,Armenia,Yerevan,Kentron,Low,With disability,Men,Employment_rate,12.512137247276206,%,Labour_Force_Survey,ok
2023,Armenia,Yerevan,Kentron,Low,With disability,Men,Decision_making_participation,,%,Community_GBV_Monitoring,missing_value
2023,Armenia,Yerevan,Kentron,Middle,No disability,Women,School_enrollment,45.07002706805867,%,Civic_Participation_Records,ok
2023,Armenia,Yerevan,Kentron,Middle,No disability,Women,Health_services_access,48.83998569194682,%,Labour_Force_Survey,ok
2023,Armenia,Yerevan,Kentron,Middle,No disability,Women,GBV_services_access,47.78545353833477,%,Household_Survey,ok
2023,Armenia,Yerevan,Kentron,Middle,No disability,Women,Employment_rate,40.15176328754142,%,Household_Survey,ok
2023,Armenia,Yerevan,Kentron,Middle,No disability,Women,Decision_making_participation,49.14986108283929,%,Community_GBV_Monitoring,ok
2023,Armenia,Yerevan,Kentron,Middle,No disability,Men,School_enrollment,48.780509599940395,%,Household_Survey,ok
2023,Armenia,Yerevan,Kentron,Middle,No disability,Men,Health_services_access,51.485323237718355,%,Household_Survey,ok
2023,Armenia,Yerevan,Kentron,Middle,No disability,Men,GBV_services_access,46.970279899276264,%,Civic_Participation_Records,ok
2023,Armenia,Yerevan,Kentron,Middle,No disability,Men,Employment_rate,49.248103920030154,%,Household_Survey,ok
2023,Armenia,Yerevan,Kentron,Middle,No disability,Men,Decision_making_participation,49.09574928376541,%,Administrative_Health_Reports,ok
2023,Armenia,Yerevan,Kentron,Middle,With disability,Women,School_enrollment,27.409604693506953,%,Civic_Participation_Records,ok
2023,Armenia,Yerevan,Kentron,Middle,With disability,Women,Health_services_access,28.227149553428163,%,Labour_Force_Survey,ok
2023,Armenia,Yerevan,Kentron,Middle,With disability,Women,GBV_services_access,24.01080607862099,%,Civic_Participation_Records,ok
2023,Armenia,Yerevan,Kentron,Middle,With disability,Women,Employment_rate,24.70264096818382,%,Civic_Participation_Records,ok
2023,Armenia,Yerevan,Kentron,Middle,With disability,Women,Decision_making_participation,,%,Administrative_Health_Reports,missing_value
2023,Armenia,Yerevan,Kentron,Middle,With disability,Men,School_enrollment,28.102228173932915,%,Community_GBV_Monitoring,ok
2023,Armenia,Yerevan,Kentron,Middle,With disability,Men,Health_services_access,29.8920365193679,%,Community_GBV_Monitoring,ok
2023,Armenia,Yerevan,Kentron,Middle,With disability,Men,GBV_services_access,,%,Administrative_Health_Reports,missing_value
2023,Armenia,Yerevan,Kentron,Middle,With disability,Men,Employment_rate,32.432960490582744,%,Civic_Participation_Records,ok
2023,Armenia,Yerevan,Kentron,Middle,With disability,Men,Decision_making_participation,29.001694145316076,%,Civic_Participation_Records,ok
2023,Armenia,Yerevan,Kentron,High,No disability,Women,School_enrollment,51.519398761190104,%,Household_Survey,ok
2023,Armenia,Yerevan,Kentron,High,No disability,Women,Health_services_access,47.34000333780948,%,Community_GBV_Monitoring,ok
2023,Armenia,Yerevan,Kentron,High,No disability,Women,GBV_services_access,52.7153397984532,%,Household_Survey,ok
2023,Armenia,Yerevan,Kentron,High,No disability,Women,Employment_rate,50.50676397727805,%,Labour_Force_Survey,ok
2023,Armenia,Yerevan,Kentron,High,No disability,Women,Decision_making_participation,49.25840973732184,%,Labour_Force_Survey,ok
2023,Armenia,Yerevan,Kentron,High,No disability,Men,School_enrollment,53.49361751175714,%,Household_Survey,ok
2023,Armenia,Yerevan,Kentron,High,No disability,Men,Health_services_access,49.76084915082129,%,Administrative_Health_Reports,ok
2023,Armenia,Yerevan,Kentron,High,No disability,Men,GBV_services_access,,%,Administrative_Health_Reports,missing_value
2023,Armenia,Yerevan,Kentron,High,No disability,Men,Employment_rate,55.80831388762826,%,Labour_Force_Survey,ok
2023,Armenia,Yerevan,Kentron,High,No disability,Men,Decision_making_participation,50.592310396834215,%,Labour_Force_Survey,ok
2023,Armenia,Yerevan,Kentron,High,With disability,Women,School_enrollment,28.269427805874876,%,Labour_Force_Survey,ok
2023,Armenia,Yerevan,Kentron,High,With disability,Women,Health_services_access,26.268769560251265,%,Administrative_Health_Reports,ok
2023,Armenia,Yerevan,Kentron,High,With disability,Women,GBV_services_access,26.34366529102082,%,Household_Survey,ok
2023,Armenia,Yerevan,Kentron,High,With disability,Women,Employment_rate,27.378325360176177,%,Administrative_Health_Reports,ok
2023,Armenia,Yerevan,Kentron,High,With disability,Women,Decision_making_participation,31.929218675384384,%,Household_Survey,ok
2023,Armenia,Yerevan,Kentron,High,With disability,Men,School_enrollment,36.946468375161814,%,Civic_Participation_Records,ok
2023,Armenia,Yerevan,Kentron,High,With disability,Men,Health_services_access,30.364209686862434,%,Community_GBV_Monitoring,ok
2023,Armenia,Yerevan,Kentron,High,With disability,Men,GBV_services_access,27.823179157066505,%,Labour_Force_Survey,ok
2023,Armenia,Yerevan,Kentron,High,With disability,Men,Employment_rate,,%,Labour_Force_Survey,missing_value
2023,Armenia,Yerevan,Kentron,High,With disability,Men,Decision_making_participation,35.146882334958825,%,Community_GBV_Monitoring,ok
2024,Armenia,Yerevan,Kentron,Low,No disability,Women,School_enrollment,31.969508647376998,%,Labour_Force_Survey,ok
2024,Armenia,Yerevan,Kentron,Low,No disability,Women,Health_services_access,31.123977925068736,%,Community_GBV_Monitoring,ok
2024,Armenia,Yerevan,Kentron,Low,No disability,Women,GBV_services_access,24.71127672960987,%,Labour_Force_Survey,ok
2024,Armenia,Yerevan,Kentron,Low,No disability,Women,Employment_rate,25.92376749533163,%,Household_Survey,ok
2024,Armenia,Yerevan,Kentron,Low,No disability,Women,Decision_making_participation,30.795332090685463,%,Administrative_Health_Reports,ok
2024,Armenia,Yerevan,Kentron,Low,No disability,Men,School_enrollment,32.3137286417686,%,Community_GBV_Monitoring,ok
2024,Armenia,Yerevan,Kentron,Low,No disability,Men,Health_services_access,31.814018360520475,%,Community_GBV_Monitoring,ok
2024,Armenia,Yerevan,Kentron,Low,No disability,Men,GBV_services_access,,%,Labour_Force_Survey,missing_value
2024,Armenia,Yerevan,Kentron,Low,No disability,Men,Employment_rate,34.48779555863933,%,Household_Survey,ok
2024,Armenia,Yerevan,Kentron,Low,No disability,Men,Decision_making_participation,35.15305913286384,%,Civic_Participation_Records,ok
2024,Armenia,Yerevan,Kentron,Low,With disability,Women,School_enrollment,13.037199305671713,%,Labour_Force_Survey,ok
2024,Armenia,Yerevan,Kentron,Low,With disability,Women,Health_services_access,8.157430394174176,%,Administrative_Health_Reports,ok
2024,Armenia,Yerevan,Kentron,Low,With disability,Women,GBV_services_access,7.476656973965004,%,Household_Survey,ok
2024,Armenia,Yerevan,Kentron,Low,With disability,Women,Employment_rate,7.513515689089925,%,Labour_Force_Survey,ok
2024,Armenia,Yerevan,Kentron,Low,With disability,Women,Decision_making_participation,,%,Civic_Participation_Records,missing_value
2024,Armenia,Yerevan,Kentron,Low,With disability,Men,School_enrollment,,%,Labour_Force_Survey,missing_value
2024,Armenia,Yerevan,Kentron,Low,With disability,Men,Health_services_access,,%,Labour_Force_Survey,missing_value
2024,Armenia,Yerevan,Kentron,Low,With disability,Men,GBV_services_access,,%,Civic_Participation_Records,missing_value
2024,Armenia,Yerevan,Kentron,Low,With disability,Men,Employment_rate,7.9977017171056435,%,Household_Survey,ok
2024,Armenia,Yerevan,Kentron,Low,With disability,Men,Decision_making_participation,14.976687083103387,%,Labour_Force_Survey,ok
2024,Armenia,Yerevan,Kentron,Middle,No disability,Women,School_enrollment,40.86651128166157,%,Labour_Force_Survey,ok
2024,Armenia,Yerevan,Kentron,Middle,No disability,Women,Health_services_access,42.52012324819776,%,Civic_Participation_Records,ok
2024,Armenia,Yerevan,Kentron,Middle,No disability,Women,GBV_services_access,43.630648542488736,%,Community_GBV_Monitoring,ok
2024,Armenia,Yerevan,Kentron,Middle,No disability,Women,Employment_rate,40.63942923530007,%,Administrative_Health_Reports,ok
2024,Armenia,Yerevan,Kentron,Middle,No disability,Women,Decision_making_participation,45.44914518392799,%,Household_Survey,ok
2024,Armenia,Yerevan,Kentron,Middle,No disability,Men,School_enrollment,49.273394273088236,%,Administrative_Health_Reports,ok
2024,Armenia,Yerevan,Kentron,Middle,No disability,Men,Health_services_access,,%,Labour_Force_Survey,missing_value
2024,Armenia,Yerevan,Kentron,Middle,No disability,Men,GBV_services_access,43.42547665206893,%,Community_GBV_Monitoring,ok
2024,Armenia,Yerevan,Kentron,Middle,No disability,Men,Employment_rate,51.149761530466904,%,Labour_Force_Survey,ok
2024,Armenia,Yerevan,Kentron,Middle,No disability,Men,Decision_making_participation,50.858722354114335,%,Administrative_Health_Reports,ok
2024,Armenia,Yerevan,Kentron,Middle,With disability,Women,School_enrollment,,%,Household_Survey,missing_value
2024,Armenia,Yerevan,Kentron,Middle,With disability,Women,Health_services_access,21.62924893398727,%,Community_GBV_Monitoring,ok
2024,Armenia,Yerevan,Kentron,Middle,With disability,Women,GBV_services_access,21.74990615579245,%,Administrative_Health_Reports,ok
2024,Armenia,Yerevan,Kentron,Middle,With disability,Women,Employment_rate,,%,Civic_Participation_Records,missing_value
2024,Armenia,Yerevan,Kentron,Middle,With disability,Women,Decision_making_participation,26.000806663103713,%,Household_Survey,ok
2024,Armenia,Yerevan,Kentron,Middle,With disability,Men,School_enrollment,29.69789163864059,%,Household_Survey,ok
2024,Armenia,Yerevan,Kentron,Middle,With disability,Men,Health_services_access,22.671098585439065,%,Community_GBV_Monitoring,ok
2024,Armenia,Yerevan,Kentron,Middle,With disability,Men,GBV_services_access,25.45405334414019,%,Household_Survey,ok
2024,Armenia,Yerevan,Kentron,Middle,With disability,Men,Employment_rate,32.041192380835966,%,Household_Survey,ok
2024,Armenia,Yerevan,Kentron,Middle,With disability,Men,Decision_making_participation,29.46950483716497,%,Civic_Participation_Records,ok
2024,Armenia,Yerevan,Kentron,High,No disability,Women,School_enrollment,48.829936737612314,%,Labour_Force_Survey,ok
2024,Armenia,Yerevan,Kentron,High,No disability,Women,Health_services_access,55.69174793921715,%,Community_GBV_Monitoring,ok
2024,Armenia,Yerevan,Kentron,High,No disability,Women,GBV_services_access,47.41956097448629,%,Community_GBV_Monitoring,ok
2024,Armenia,Yerevan,Kentron,High,No disability,Women,Employment_rate,51.38998898287609,%,Labour_Force_Survey,ok
2024,Armenia,Yerevan,Kentron,High,No disability,Women,Decision_making_participation,54.43251675469049,%,Civic_Participation_Records,ok
2024,Armenia,Yerevan,Kentron,High,No disability,Men,School_enrollment,53.03821721376912,%,Civic_Participation_Records,ok
2024,Armenia,Yerevan,Kentron,High,No disability,Men,Health_services_access,50.141105455636115,%,Labour_Force_Survey,ok
2024,Armenia,Yerevan,Kentron,High,No disability,Men,GBV_services_access,55.93128449547638,%,Administrative_Health_Reports,ok
2024,Armenia,Yerevan,Kentron,High,No disability,Men,Employment_rate,54.54970851687928,%,Civic_Participation_Records,ok
2024,Armenia,Yerevan,Kentron,High,No disability,Men,Decision_making_participation,55.00797768271334,%,Civic_Participation_Records,ok
2024,Armenia,Yerevan,Kentron,High,With disability,Women,School_enrollment,29.318100484682688,%,Labour_Force_Survey,ok
2024,Armenia,Yerevan,Kentron,High,With disability,Women,Health_services_access,27.412299493523467,%,Civic_Participation_Records,ok
2024,Armenia,Yerevan,Kentron,High,With disability,Women,GBV_services_access,,%,Administrative_Health_Reports,missing_value
2024,Armenia,Yerevan,Kentron,High,With disability,Women,Employment_rate,34.039049422672626,%,Civic_Participation_Records,ok
2024,Armenia,Yerevan,Kentron,High,With disability,Women,Decision_making_participation,31.77449091422071,%,Community_GBV_Monitoring,ok
2024,Armenia,Yerevan,Kentron,High,With disability,Men,School_enrollment,34.14832737105419,%,Civic_Participation_Records,ok
2024,Armenia,Yerevan,Kentron,High,With disability,Men,Health_services_access,32.141817246352275,%,Community_GBV_Monitoring,ok
2024,Armenia,Yerevan,Kentron,High,With disability,Men,GBV_services_access,34.00451131922116,%,Household_Survey,ok
2024,Armenia,Yerevan,Kentron,High,With disability,Men,Employment_rate,33.91047174335507,%,Labour_Force_Survey,ok
2024,Armenia,Yerevan,Kentron,High,With disability,Men,Decision_making_participation,36.28785762644836,%,Household_Survey,ok
2020,Armenia,Yerevan,Avan,Low,No disability,Women,School_enrollment,27.884875092662117,%,Community_GBV_Monitoring,ok
2020,Armenia,Yerevan,Avan,Low,No disability,Women,Health_services_access,30.467904210597847,%,Labour_Force_Survey,ok
2020,Armenia,Yerevan,Avan,Low,No disability,Women,GBV_services_access,29.910722667653836,%,Household_Survey,ok
2020,Armenia,Yerevan,Avan,Low,No disability,Women,Employment_rate,,%,Civic_Participation_Records,missing_value
2020,Armenia,Yerevan,Avan,Low,No disability,Women,Decision_making_participation,30.138408451722718,%,Administrative_Health_Reports,ok
2020,Armenia,Yerevan,Avan,Low,No disability,Men,School_enrollment,,%,Labour_Force_Survey,missing_value
2020,Armenia,Yerevan,Avan,Low,No disability,Men,Health_services_access,32.679801677670554,%,Administrative_Health_Reports,ok
2020,Armenia,Yerevan,Avan,Low,No disability,Men,GBV_services_access,31.31139906700239,%,Community_GBV_Monitoring,ok
2020,Armenia,Yerevan,Avan,Low,No disability,Men,Employment_rate,30.643292811474165,%,Household_Survey,ok
2020,Armenia,Yerevan,Avan,Low,No disability,Men,Decision_making_participation,29.20259375580892,%,Community_GBV_Monitoring,ok
2020,Armenia,Yerevan,Avan,Low,With disability,Women,School_enrollment,11.465225434278977,%,Administrative_Health_Reports,ok
2020,Armenia,Yerevan,Avan,Low,With disability,Women,Health_services_access,8.100526813212607,%,Administrative_Health_Reports,ok
2020,Armenia,Yerevan,Avan,Low,With disability,Women,GBV_services_access,12.241552425780622,%,Household_Survey,ok
2020,Armenia,Yerevan,Avan,Low,With disability,Women,Employment_rate,11.573024041489793,%,Civic_Participation_Records,ok
2020,Armenia,Yerevan,Avan,Low,With disability,Women,Decision_making_participation,12.312813051575985,%,Civic_Participation_Records,ok
2020,Armenia,Yerevan,Avan,Low,With disability,Men,School_enrollment,14.467549269538107,%,Labour_Force_Survey,ok
2020,Armenia,Yerevan,Avan,Low,With disability,Men,Health_services_access,15.073896556605701,%,Administrative_Health_Reports,ok
2020,Armenia,Yerevan,Avan,Low,With disability,Men,GBV_services_access,12.168646575812543,%,Administrative_Health_Reports,ok
2020,Armenia,Yerevan,Avan,Low,With disability,Men,Employment_rate,,%,Civic_Participation_Records,missing_value
2020,Armenia,Yerevan,Avan,Low,With disability,Men,Decision_making_participation,15.368141992111546,%,Administrative_Health_Reports,ok
2020,Armenia,Yerevan,Avan,Middle,No disability,Women,School_enrollment,42.921446297664716,%,Labour_Force_Survey,ok
2020,Armenia,Yerevan,Avan,Middle,No disability,Women,Health_services_access,48.08996846833998,%,Labour_Force_Survey,ok
2020,Armenia,Yerevan,Avan,Middle,No disability,Women,GBV_services_access,45.42070460042918,%,Labour_Force_Survey,ok
2020,Armenia,Yerevan,Avan,Middle,No disability,Women,Employment_rate,44.02588661531108,%,Civic_Participation_Records,ok
2020,Armenia,Yerevan,Avan,Middle,No disability,Women,Decision_making_participation,46.453794879559254,%,Civic_Participation_Records,ok
2020,Armenia,Yerevan,Avan,Middle,No disability,Men,School_enrollment,49.09456607935682,%,Administrative_Health_Reports,ok
2020,Armenia,Yerevan,Avan,Middle,No disability,Men,Health_services_access,49.21312260407168,%,Household_Survey,ok
2020,Armenia,Yerevan,Avan,Middle,No disability,Men,GBV_services_access,48.95941723050031,%,Civic_Participation_Records,ok
2020,Armenia,Yerevan,Avan,Middle,No disability,Men,Employment_rate,,%,Household_Survey,missing_value
2020,Armenia,Yerevan,Avan,Middle,No disability,Men,Decision_making_participation,46.69434201495318,%,Civic_Participation_Records,ok
2020,Armenia,Yerevan,Avan,Middle,With disability,Women,School_enrollment,24.615885060436,%,Household_Survey,ok
2020,Armenia,Yerevan,Avan,Middle,With disability,Women,Health_services_access,24.601215608785935,%,Civic_Participation_Records,ok
2020,Armenia,Yerevan,Avan,Middle,With disability,Women,GBV_services_access,29.322946869549664,%,Civic_Participation_Records,ok
2020,Armenia,Yerevan,Avan,Middle,With disability,Women,Employment_rate,28.34133298841513,%,Administrative_Health_Reports,ok
2020,Armenia,Yerevan,Avan,Middle,With disability,Women,Decision_making_participation,26.028530989560988,%,Civic_Participation_Records,ok
2020,Armenia,Yerevan,Avan,Middle,With disability,Men,School_enrollment,30.09007918535571,%,Labour_Force_Survey,ok
2020,Armenia,Yerevan,Avan,Middle,With disability,Men,Health_services_access,30.70650863222842,%,Community_GBV_Monitoring,ok
2020,Armenia,Yerevan,Avan,Middle,With disability,Men,GBV_services_access,21.170143417102192,%,Community_GBV_Monitoring,ok
2020,Armenia,Yerevan,Avan,Middle,With disability,Men,Employment_rate,29.567130038972163,%,Community_GBV_Monitoring,ok
2020,Armenia,Yerevan,Avan,Middle,With disability,Men,Decision_making_participation,30.164711134241482,%,Household_Survey,ok
2020,Armenia,Yerevan,Avan,High,No disability,Women,School_enrollment,51.72384684675115,%,Civic_Participation_Records,ok
2020,Armenia,Yerevan,Avan,High,No disability,Women,Health_services_access,51.07135867558655,%,Civic_Participation_Records,ok
2020,Armenia,Yerevan,Avan,High,No disability,Women,GBV_services_access,52.2293546586885,%,Labour_Force_Survey,ok
2020,Armenia,Yerevan,Avan,High,No disability,Women,Employment_rate,49.5025802851602,%,Administrative_Health_Reports,ok
2020,Armenia,Yerevan,Avan,High,No disability,Women,Decision_making_participation,56.53845799880673,%,Household_Survey,ok
2020,Armenia,Yerevan,Avan,High,No disability,Men,School_enrollment,54.49216638246403,%,Administrative_Health_Reports,ok
2020,Armenia,Yerevan,Avan,High,No disability,Men,Health_services_access,55.779236035209635,%,Civic_Participation_Records,ok
2020,Armenia,Yerevan,Avan,High,No disability,Men,GBV_services_access,55.76464239567001,%,Civic_Participation_Records,ok
2020,Armenia,Yerevan,Avan,High,No disability,Men,Employment_rate,57.08043919701161,%,Household_Survey,ok
2020,Armenia,Yerevan,Avan,High,No disability,Men,Decision_making_participation,58.5248193278,%,Civic_Participation_Records,ok
2020,Armenia,Yerevan,Avan,High,With disability,Women,School_enrollment,27.89835565240587,%,Community_GBV_Monitoring,ok
2020,Armenia,Yerevan,Avan,High,With disability,Women,Health_services_access,25.81167786635129,%,Administrative_Health_Reports,ok
2020,Armenia,Yerevan,Avan,High,With disability,Women,GBV_services_access,33.55020328351492,%,Community_GBV_Monitoring,ok
2020,Armenia,Yerevan,Avan,High,With disability,Women,Employment_rate,30.59578262638543,%,Administrative_Health_Reports,ok
2020,Armenia,Yerevan,Avan,High,With disability,Women,Decision_making_participation,29.819609672464495,%,Civic_Participation_Records,ok
2020,Armenia,Yerevan,Avan,High,With disability,Men,School_enrollment,35.999958019403145,%,Administrative_Health_Reports,ok
2020,Armenia,Yerevan,Avan,High,With disability,Men,Health_services_access,31.93817947451964,%,Household_Survey,ok
2020,Armenia,Yerevan,Avan,High,With disability,Men,GBV_services_access,35.21930557896258,%,Civic_Participation_Records,ok
2020,Armenia,Yerevan,Avan,High,With disability,Men,Employment_rate,38.36665025341554,%,Community_GBV_Monitoring,ok
2020,Armenia,Yerevan,Avan,High,With disability,Men,Decision_making_participation,39.216784628047265,%,Administrative_Health_Reports,ok
2021,Armenia,Yerevan,Avan,Low,No disability,Women,School_enrollment,31.209627294082654,%,Civic_Participation_Records,ok
2021,Armenia,Yerevan,Avan,Low,No disability,Women,Health_services_access,29.359268164760177,%,Administrative_Health_Reports,ok
2021,Armenia,Yerevan,Avan,Low,No disability,Women,GBV_services_access,29.44226971003909,%,Administrative_Health_Reports,ok
2021,Armenia,Yerevan,Avan,Low,No disability,Women,Employment_rate,21.765323316123464,%,Administrative_Health_Reports,ok
2021,Armenia,Yerevan,Avan,Low,No disability,Women,Decision_making_participation,28.610844378071437,%,Administrative_Health_Reports,ok
2021,Armenia,Yerevan,Avan,Low,No disability,Men,School_enrollment,35.402477350558854,%,Administrative_Health_Reports,ok
2021,Armenia,Yerevan,Avan,Low,No disability,Men,Health_services_access,30.217537463072333,%,Household_Survey,ok
2021,Armenia,Yerevan,Avan,Low,No disability,Men,GBV_services_access,,%,Civic_Participation_Records,missing_value
2021,Armenia,Yerevan,Avan,Low,No disability,Men,Employment_rate,32.095623924052475,%,Labour_Force_Survey,ok
2021,Armenia,Yerevan,Avan,Low,No disability,Men,Decision_making_participation,35.08523135518646,%,Civic_Participation_Records,ok
2021,Armenia,Yerevan,Avan,Low,With disability,Women,School_enrollment,,%,Administrative_Health_Reports,missing_value
2021,Armenia,Yerevan,Avan,Low,With disability,Women,Health_services_access,11.995448726750826,%,Household_Survey,ok
2021,Armenia,Yerevan,Avan,Low,With disability,Women,GBV_services_access,4.280862549486962,%,Labour_Force_Survey,ok
2021,Armenia,Yerevan,Avan,Low,With disability,Women,Employment_rate,9.721272587188295,%,Community_GBV_Monitoring,ok
2021,Armenia,Yerevan,Avan,Low,With disability,Women,Decision_making_participation,16.322103280075503,%,Community_GBV_Monitoring,ok
2021,Armenia,Yerevan,Avan,Low,With disability,Men,School_enrollment,16.06370260397464,%,Labour_Force_Survey,ok
2021,Armenia,Yerevan,Avan,Low,With disability,Men,Health_services_access,11.455636157213748,%,Administrative_Health_Reports,ok
2021,Armenia,Yerevan,Avan,Low,With disability,Men,GBV_services_access,11.542198564875749,%,Household_Survey,ok
2021,Armenia,Yerevan,Avan,Low,With disability,Men,Employment_rate,,%,Administrative_Health_Reports,missing_value
2021,Armenia,Yerevan,Avan,Low,With disability,Men,Decision_making_participation,19.593548575155317,%,Labour_Force_Survey,ok
2021,Armenia,Yerevan,Avan,Middle,No disability,Women,School_enrollment,,%,Community_GBV_Monitoring,missing_value
2021,Armenia,Yerevan,Avan,Middle,No disability,Women,Health_services_access,47.43086490030672,%,Administrative_Health_Reports,ok
2021,Armenia,Yerevan,Avan,Middle,No disability,Women,GBV_services_access,46.244125042822965,%,Labour_Force_Survey,ok
2021,Armenia,Yerevan,Avan,Middle,No disability,Women,Employment_rate,45.629258279389056,%,Civic_Participation_Records,ok
2021,Armenia,Yerevan,Avan,Middle,No disability,Women,Decision_making_participation,46.128292554927015,%,Household_Survey,ok
2021,Armenia,Yerevan,Avan,Middle,No disability,Men,School_enrollment,53.184997203751834,%,Community_GBV_Monitoring,ok
2021,Armenia,Yerevan,Avan,Middle,No disability,Men,Health_services_access,45.18557808615985,%,Labour_Force_Survey,ok
2021,Armenia,Yerevan,Avan,Middle,No disability,Men,GBV_services_access,51.072692839372635,%,Civic_Participation_Records,ok
2021,Armenia,Yerevan,Avan,Middle,No disability,Men,Employment_rate,48.65584902947044,%,Administrative_Health_Reports,ok
2021,Armenia,Yerevan,Avan,Middle,No disability,Men,Decision_making_participation,51.11583720509098,%,Labour_Force_Survey,ok
2021,Armenia,Yerevan,Avan,Middle,With disability,Women,School_enrollment,22.002118057132275,%,Administrative_Health_Reports,ok
2021,Armenia,Yerevan,Avan,Middle,With disability,Women,Health_services_access,25.948923692398466,%,Civic_Participation_Records,ok
2021,Armenia,Yerevan,Avan,Middle,With disability,Women,GBV_services_access,31.116953776793846,%,Labour_Force_Survey,ok
2021,Armenia,Yerevan,Avan,Middle,With disability,Women,Employment_rate,27.282916172783732,%,Civic_Participation_Records,ok
2021,Armenia,Yerevan,Avan,Middle,With disability,Women,Decision_making_participation,29.75313662722843,%,Labour_Force_Survey,ok
2021,Armenia,Yerevan,Avan,Middle,With disability,Men,School_enrollment,29.87934677879053,%,Labour_Force_Survey,ok
2021,Armenia,Yerevan,Avan,Middle,With disability,Men,Health_services_access,27.657345944159278,%,Labour_Force_Survey,ok
2021,Armenia,Yerevan,Avan,Middle,With disability,Men,GBV_services_access,25.08100212086339,%,Labour_Force_Survey,ok
2021,Armenia,Yerevan,Avan,Middle,With disability,Men,Employment_rate,33.390488857113034,%,Labour_Force_Survey,ok
2021,Armenia,Yerevan,Avan,Middle,With disability,Men,Decision_making_participation,29.810132169349252,%,Community_GBV_Monitoring,ok
2021,Armenia,Yerevan,Avan,High,No disability,Women,School_enrollment,55.8434898687365,%,Community_GBV_Monitoring,ok
2021,Armenia,Yerevan,Avan,High,No disability,Women,Health_services_access,48.81175932723209,%,Administrative_Health_Reports,ok
2021,Armenia,Yerevan,Avan,High,No disability,Women,GBV_services_access,51.804532359927016,%,Civic_Participation_Records,ok
2021,Armenia,Yerevan,Avan,High,No disability,Women,Employment_rate,48.563990671003964,%,Community_GBV_Monitoring,ok
2021,Armenia,Yerevan,Avan,High,No disability,Women,Decision_making_participation,51.060819059807514,%,Labour_Force_Survey,ok
2021,Armenia,Yerevan,Avan,High,No disability,Men,School_enrollment,51.054023023168135,%,Household_Survey,ok
2021,Armenia,Yerevan,Avan,High,No disability,Men,Health_services_access,58.609356682567295,%,Administrative_Health_Reports,ok
2021,Armenia,Yerevan,Avan,High,No disability,Men,GBV_services_access,58.06520154941201,%,Administrative_Health_Reports,ok
2021,Armenia,Yerevan,Avan,High,No disability,Men,Employment_rate,53.45042321620697,%,Labour_Force_Survey,ok
2021,Armenia,Yerevan,Avan,High,No disability,Men,Decision_making_participation,57.268425859901164,%,Civic_Participation_Records,ok
2021,Armenia,Yerevan,Avan,High,With disability,Women,School_enrollment,27.22270046653329,%,Labour_Force_Survey,ok
2021,Armenia,Yerevan,Avan,High,With disability,Women,Health_services_access,30.533195486360835,%,Labour_Force_Survey,ok
2021,Armenia,Yerevan,Avan,High,With disability,Women,GBV_services_access,28.69975680765479,%,Household_Survey,ok
2021,Armenia,Yerevan,Avan,High,With disability,Women,Employment_rate,33.66409738264456,%,Civic_Participation_Records,ok
2021,Armenia,Yerevan,Avan,High,With disability,Women,Decision_making_participation,31.541798354913197,%,Community_GBV_Monitoring,ok
2021,Armenia,Yerevan,Avan,High,With disability,Men,School_enrollment,36.560467484538684,%,Administrative_Health_Reports,ok
2021,Armenia,Yerevan,Avan,High,With disability,Men,Health_services_access,36.6254013743349,%,Labour_Force_Survey,ok
2021,Armenia,Yerevan,Avan,High,With disability,Men,GBV_services_access,35.780398788705035,%,Administrative_Health_Reports,ok
2021,Armenia,Yerevan,Avan,High,With disability,Men,Employment_rate,33.70569298037607,%,Civic_Participation_Records,ok
2021,Armenia,Yerevan,Avan,High,With disability,Men,Decision_making_participation,27.66849232479936,%,Community_GBV_Monitoring,ok
2022,Armenia,Yerevan,Avan,Low,No disability,Women,School_enrollment,32.81605008369268,%,Labour_Force_Survey,ok
2022,Armenia,Yerevan,Avan,Low,No disability,Women,Health_services_access,,%,Civic_Participation_Records,missing_value
2022,Armenia,Yerevan,Avan,Low,No disability,Women,GBV_services_access,27.586145155726463,%,Civic_Participation_Records,ok
2022,Armenia,Yerevan,Avan,Low,No disability,Women,Employment_rate,27.284576671987296,%,Administrative_Health_Reports,ok
2022,Armenia,Yerevan,Avan,Low,No disability,Women,Decision_making_participation,31.63029845538216,%,Household_Survey,ok
2022,Armenia,Yerevan,Avan,Low,No disability,Men,School_enrollment,,%,Community_GBV_Monitoring,missing_value
2022,Armenia,Yerevan,Avan,Low,No disability,Men,Health_services_access,,%,Civic_Participation_Records,missing_value
2022,Armenia,Yerevan,Avan,Low,No disability,Men,GBV_services_access,30.342863941601433,%,Labour_Force_Survey,ok
2022,Armenia,Yerevan,Avan,Low,No disability,Men,Employment_rate,,%,Labour_Force_Survey,missing_value
2022,Armenia,Yerevan,Avan,Low,No disability,Men,Decision_making_participation,38.1560209491972,%,Community_GBV_Monitoring,ok
2022,Armenia,Yerevan,Avan,Low,With disability,Women,School_enrollment,11.932718243535167,%,Civic_Participation_Records,ok
2022,Armenia,Yerevan,Avan,Low,With disability,Women,Health_services_access,9.08801772284561,%,Civic_Participation_Records,ok
2022,Armenia,Yerevan,Avan,Low,With disability,Women,GBV_services_access,,%,Civic_Participation_Records,missing_value
2022,Armenia,Yerevan,Avan,Low,With disability,Women,Employment_rate,,%,Community_GBV_Monitoring,missing_value
2022,Armenia,Yerevan,Avan,Low,With disability,Women,Decision_making_participation,17.441881380423077,%,Civic_Participation_Records,ok
2022,Armenia,Yerevan,Avan,Low,With disability,Men,School_enrollment,17.67236957302348,%,Household_Survey,ok
2022,Armenia,Yerevan,Avan,Low,With disability,Men,Health_services_access,9.487677499292095,%,Administrative_Health_Reports,ok
2022,Armenia,Yerevan,Avan,Low,With disability,Men,GBV_services_access,11.109352183526482,%,Labour_Force_Survey,ok
2022,Armenia,Yerevan,Avan,Low,With disability,Men,Employment_rate,18.76840431211093,%,Community_GBV_Monitoring,ok
2022,Armenia,Yerevan,Avan,Low,With disability,Men,Decision_making_participation,16.75921392258097,%,Community_GBV_Monitoring,ok
2022,Armenia,Yerevan,Avan,Middle,No disability,Women,School_enrollment,44.38937518591145,%,Civic_Participation_Records,ok
2022,Armenia,Yerevan,Avan,Middle,No disability,Women,Health_services_access,50.61767251470542,%,Labour_Force_Survey,ok
2022,Armenia,Yerevan,Avan,Middle,No disability,Women,GBV_services_access,46.29576999053816,%,Labour_Force_Survey,ok
2022,Armenia,Yerevan,Avan,Middle,No disability,Women,Employment_rate,38.140044492301534,%,Household_Survey,ok
2022,Armenia,Yerevan,Avan,Middle,No disability,Women,Decision_making_participation,47.47903956319937,%,Community_GBV_Monitoring,ok
2022,Armenia,Yerevan,Avan,Middle,No disability,Men,School_enrollment,51.29323830929964,%,Civic_Participation_Records,ok
2022,Armenia,Yerevan,Avan,Middle,No disability,Men,Health_services_access,46.15802020252215,%,Civic_Participation_Records,ok
2022,Armenia,Yerevan,Avan,Middle,No disability,Men,GBV_services_access,47.04221878115966,%,Household_Survey,ok
2022,Armenia,Yerevan,Avan,Middle,No disability,Men,Employment_rate,49.98068256411054,%,Labour_Force_Survey,ok
2022,Armenia,Yerevan,Avan,Middle,No disability,Men,Decision_making_participation,52.178369417758766,%,Labour_Force_Survey,ok
2022,Armenia,Yerevan,Avan,Middle,With disability,Women,School_enrollment,23.769747421289118,%,Household_Survey,ok
2022,Armenia,Yerevan,Avan,Middle,With disability,Women,Health_services_access,,%,Administrative_Health_Reports,missing_value
2022,Armenia,Yerevan,Avan,Middle,With disability,Women,GBV_services_access,24.110571806205137,%,Administrative_Health_Reports,ok
2022,Armenia,Yerevan,Avan,Middle,With disability,Women,Employment_rate,,%,Household_Survey,missing_value
2022,Armenia,Yerevan,Avan,Middle,With disability,Women,Decision_making_participation,,%,Labour_Force_Survey,missing_value
2022,Armenia,Yerevan,Avan,Middle,With disability,Men,School_enrollment,30.57455846432367,%,Civic_Participation_Records,ok
2022,Armenia,Yerevan,Avan,Middle,With disability,Men,Health_services_access,29.119565301958517,%,Labour_Force_Survey,ok
2022,Armenia,Yerevan,Avan,Middle,With disability,Men,GBV_services_access,26.34686670242637,%,Administrative_Health_Reports,ok
2022,Armenia,Yerevan,Avan,Middle,With disability,Men,Employment_rate,33.73646998787282,%,Civic_Participation_Records,ok
2022,Armenia,Yerevan,Avan,Middle,With disability,Men,Decision_making_participation,29.841329308227007,%,Administrative_Health_Reports,ok
2022,Armenia,Yerevan,Avan,High,No disability,Women,School_enrollment,47.98140972007865,%,Household_Survey,ok
2022,Armenia,Yerevan,Avan,High,No disability,Women,Health_services_access,47.62440551519114,%,Civic_Participation_Records,ok
2022,Armenia,Yerevan,Avan,High,No disability,Women,GBV_services_access,,%,Administrative_Health_Reports,missing_value
2022,Armenia,Yerevan,Avan,High,No disability,Women,Employment_rate,47.93638744173322,%,Community_GBV_Monitoring,ok
2022,Armenia,Yerevan,Avan,High,No disability,Women,Decision_making_participation,53.135541616399514,%,Community_GBV_Monitoring,ok
2022,Armenia,Yerevan,Avan,High,No disability,Men,School_enrollment,55.77997845066049,%,Labour_Force_Survey,ok
2022,Armenia,Yerevan,Avan,High,No disability,Men,Health_services_access,57.340111903965564,%,Labour_Force_Survey,ok
2022,Armenia,Yerevan,Avan,High,No disability,Men,GBV_services_access,56.45345348592984,%,Community_GBV_Monitoring,ok
2022,Armenia,Yerevan,Avan,High,No disability,Men,Employment_rate,60.516711090526414,%,Community_GBV_Monitoring,ok
2022,Armenia,Yerevan,Avan,High,No disability,Men,Decision_making_participation,56.54320298527372,%,Administrative_Health_Reports,ok
2022,Armenia,Yerevan,Avan,High,With disability,Women,School_enrollment,,%,Civic_Participation_Records,missing_value
2022,Armenia,Yerevan,Avan,High,With disability,Women,Health_services_access,28.2548397374693,%,Community_GBV_Monitoring,ok
2022,Armenia,Yerevan,Avan,High,With disability,Women,GBV_services_access,34.312324417590226,%,Household_Survey,ok
2022,Armenia,Yerevan,Avan,High,With disability,Women,Employment_rate,29.3916879916872,%,Civic_Participation_Records,ok
2022,Armenia,Yerevan,Avan,High,With disability,Women,Decision_making_participation,,%,Labour_Force_Survey,missing_value
2022,Armenia,Yerevan,Avan,High,With disability,Men,School_enrollment,34.775523583604475,%,Household_Survey,ok
2022,Armenia,Yerevan,Avan,High,With disability,Men,Health_services_access,34.764499070735454,%,Labour_Force_Survey,ok
2022,Armenia,Yerevan,Avan,High,With disability,Men,GBV_services_access,32.759826092547414,%,Household_Survey,ok
2022,Armenia,Yerevan,Avan,High,With disability,Men,Employment_rate,42.11860347658949,%,Civic_Participation_Records,ok
2022,Armenia,Yerevan,Avan,High,With disability,Men,Decision_making_participation,36.43766663818115,%,Community_GBV_Monitoring,ok
2023,Armenia,Yerevan,Avan,Low,No disability,Women,School_enrollment,33.60563875124594,%,Household_Survey,ok
2023,Armenia,Yerevan,Avan,Low,No disability,Women,Health_services_access,,%,Community_GBV_Monitoring,missing_value
2023,Armenia,Yerevan,Avan,Low,No disability,Women,GBV_services_access,27.196440610955744,%,Community_GBV_Monitoring,ok
2023,Armenia,Yerevan,Avan,Low,No disability,Women,Employment_rate,24.634557463660805,%,Administrative_Health_Reports,ok
2023,Armenia,Yerevan,Avan,Low,No disability,Women,Decision_making_participation,32.68721925143064,%,Labour_Force_Survey,ok
2023,Armenia,Yerevan,Avan,Low,No disability,Men,School_enrollment,35.69281046930561,%,Administrative_Health_Reports,ok
2023,Armenia,Yerevan,Avan,Low,No disability,Men,Health_services_access,32.228287329606154,%,Administrative_Health_Reports,ok
2023,Armenia,Yerevan,Avan,Low,No disability,Men,GBV_services_access,,%,Administrative_Health_Reports,missing_value
2023,Armenia,Yerevan,Avan,Low,No disability,Men,Employment_rate,29.77496201998184,%,Labour_Force_Survey,ok
2023,Armenia,Yerevan,Avan,Low,No disability,Men,Decision_making_participation,33.4191375822917,%,Civic_Participation_Records,ok
2023,Armenia,Yerevan,Avan,Low,With disability,Women,School_enrollment,10.696595970077604,%,Administrative_Health_Reports,ok
2023,Armenia,Yerevan,Avan,Low,With disability,Women,Health_services_access,7.11008416726915,%,Labour_Force_Survey,ok
2023,Armenia,Yerevan,Avan,Low,With disability,Women,GBV_services_access,6.540601322547264,%,Household_Survey,ok
2023,Armenia,Yerevan,Avan,Low,With disability,Women,Employment_rate,8.951610193943726,%,Community_GBV_Monitoring,ok
2023,Armenia,Yerevan,Avan,Low,With disability,Women,Decision_making_participation,14.208092265095301,%,Labour_Force_Survey,ok
2023,Armenia,Yerevan,Avan,Low,With disability,Men,School_enrollment,16.43509290032125,%,Labour_Force_Survey,ok
2023,Armenia,Yerevan,Avan,Low,With disability,Men,Health_services_access,7.922572672904909,%,Civic_Participation_Records,ok
2023,Armenia,Yerevan,Avan,Low,With disability,Men,GBV_services_access,10.460717982576206,%,Community_GBV_Monitoring,ok
2023,Armenia,Yerevan,Avan,Low,With disability,Men,Employment_rate,13.191995670430028,%,Household_Survey,ok
2023,Armenia,Yerevan,Avan,Low,With disability,Men,Decision_making_participation,16.38252471448471,%,Community_GBV_Monitoring,ok
2023,Armenia,Yerevan,Avan,Middle,No disability,Women,School_enrollment,44.70228721589212,%,Civic_Participation_Records,ok
2023,Armenia,Yerevan,Avan,Middle,No disability,Women,Health_services_access,47.22735084672882,%,Administrative_Health_Reports,ok
2023,Armenia,Yerevan,Avan,Middle,No disability,Women,GBV_services_access,45.429107140049986,%,Community_GBV_Monitoring,ok
2023,Armenia,Yerevan,Avan,Middle,No disability,Women,Employment_rate,46.8894070032793,%,Civic_Participation_Records,ok
2023,Armenia,Yerevan,Avan,Middle,No disability,Women,Decision_making_participation,43.88081640827939,%,Civic_Participation_Records,ok
2023,Armenia,Yerevan,Avan,Middle,No disability,Men,School_enrollment,54.55980120722226,%,Civic_Participation_Records,ok
2023,Armenia,Yerevan,Avan,Middle,No disability,Men,Health_services_access,48.77587421022718,%,Administrative_Health_Reports,ok
2023,Armenia,Yerevan,Avan,Middle,No disability,Men,GBV_services_access,,%,Civic_Participation_Records,missing_value
2023,Armenia,Yerevan,Avan,Middle,No disability,Men,Employment_rate,52.638950565628534,%,Administrative_Health_Reports,ok
2023,Armenia,Yerevan,Avan,Middle,No disability,Men,Decision_making_participation,51.80052680888937,%,Household_Survey,ok
2023,Armenia,Yerevan,Avan,Middle,With disability,Women,School_enrollment,25.56713813415989,%,Community_GBV_Monitoring,ok
2023,Armenia,Yerevan,Avan,Middle,With disability,Women,Health_services_access,,%,Community_GBV_Monitoring,missing_value
2023,Armenia,Yerevan,Avan,Middle,With disability,Women,GBV_services_access,24.097503566256083,%,Community_GBV_Monitoring,ok
2023,Armenia,Yerevan,Avan,Middle,With disability,Women,Employment_rate,28.741540481118044,%,Civic_Participation_Records,ok
2023,Armenia,Yerevan,Avan,Middle,With disability,Women,Decision_making_participation,27.319827371321207,%,Civic_Participation_Records,ok
2023,Armenia,Yerevan,Avan,Middle,With disability,Men,School_enrollment,26.521872023606537,%,Civic_Participation_Records,ok
2023,Armenia,Yerevan,Avan,Middle,With disability,Men,Health_services_access,32.00488039712708,%,Administrative_Health_Reports,ok
2023,Armenia,Yerevan,Avan,Middle,With disability,Men,GBV_services_access,30.746560177016377,%,Community_GBV_Monitoring,ok
2023,Armenia,Yerevan,Avan,Middle,With disability,Men,Employment_rate,31.621229479614787,%,Labour_Force_Survey,ok
2023,Armenia,Yerevan,Avan,Middle,With disability,Men,Decision_making_participation,29.473143704956954,%,Community_GBV_Monitoring,ok
2023,Armenia,Yerevan,Avan,High,No disability,Women,School_enrollment,49.971185980247256,%,Community_GBV_Monitoring,ok
2023,Armenia,Yerevan,Avan,High,No disability,Women,Health_services_access,55.19324211860514,%,Civic_Participation_Records,ok
2023,Armenia,Yerevan,Avan,High,No disability,Women,GBV_services_access,52.04225608284316,%,Civic_Participation_Records,ok
2023,Armenia,Yerevan,Avan,High,No disability,Women,Employment_rate,50.3089073725169,%,Administrative_Health_Reports,ok
2023,Armenia,Yerevan,Avan,High,No disability,Women,Decision_making_participation,55.56996042379376,%,Civic_Participation_Records,ok
2023,Armenia,Yerevan,Avan,High,No disability,Men,School_enrollment,52.8504075513414,%,Civic_Participation_Records,ok
2023,Armenia,Yerevan,Avan,High,No disability,Men,Health_services_access,,%,Administrative_Health_Reports,missing_value
2023,Armenia,Yerevan,Avan,High,No disability,Men,GBV_services_access,55.606967071822545,%,Administrative_Health_Reports,ok
2023,Armenia,Yerevan,Avan,High,No disability,Men,Employment_rate,55.024947143834204,%,Labour_Force_Survey,ok
2023,Armenia,Yerevan,Avan,High,No disability,Men,Decision_making_participation,57.38701173841366,%,Labour_Force_Survey,ok
2023,Armenia,Yerevan,Avan,High,With disability,Women,School_enrollment,27.121947917364917,%,Household_Survey,ok
2023,Armenia,Yerevan,Avan,High,With disability,Women,Health_services_access,29.51297007272057,%,Household_Survey,ok
2023,Armenia,Yerevan,Avan,High,With disability,Women,GBV_services_access,,%,Civic_Participation_Records,missing_value
2023,Armenia,Yerevan,Avan,High,With disability,Women,Employment_rate,28.687353498861064,%,Civic_Participation_Records,ok
2023,Armenia,Yerevan,Avan,High,With disability,Women,Decision_making_participation,37.76605539328015,%,Labour_Force_Survey,ok
2023,Armenia,Yerevan,Avan,High,With disability,Men,School_enrollment,36.08163344379685,%,Civic_Participation_Records,ok
2023,Armenia,Yerevan,Avan,High,With disability,Men,Health_services_access,36.44307715353077,%,Household_Survey,ok
2023,Armenia,Yerevan,Avan,High,With disability,Men,GBV_services_access,28.27369733119719,%,Administrative_Health_Reports,ok
2023,Armenia,Yerevan,Avan,High,With disability,Men,Employment_rate,35.17920581068815,%,Civic_Participation_Records,ok
2023,Armenia,Yerevan,Avan,High,With disability,Men,Decision_making_participation,31.990130876582953,%,Community_GBV_Monitoring,ok
2024,Armenia,Yerevan,Avan,Low,No disability,Women,School_enrollment,34.463434636390126,%,Administrative_Health_Reports,ok
2024,Armenia,Yerevan,Avan,Low,No disability,Women,Health_services_access,,%,Labour_Force_Survey,missing_value
2024,Armenia,Yerevan,Avan,Low,No disability,Women,GBV_services_access,33.75387589076605,%,Civic_Participation_Records,ok
2024,Armenia,Yerevan,Avan,Low,No disability,Women,Employment_rate,32.254704969225344,%,Household_Survey,ok
2024,Armenia,Yerevan,Avan,Low,No disability,Women,Decision_making_participation,33.43956618778705,%,Administrative_Health_Reports,ok
2024,Armenia,Yerevan,Avan,Low,No disability,Men,School_enrollment,32.969941697011805,%,Household_Survey,ok
2024,Armenia,Yerevan,Avan,Low,No disability,Men,Health_services_access,33.464068080412886,%,Labour_Force_Survey,ok
2024,Armenia,Yerevan,Avan,Low,No disability,Men,GBV_services_access,34.50947341198892,%,Civic_Participation_Records,ok
2024,Armenia,Yerevan,Avan,Low,No disability,Men,Employment_rate,25.6361702551345,%,Household_Survey,ok
2024,Armenia,Yerevan,Avan,Low,No disability,Men,Decision_making_participation,35.2522262862657,%,Civic_Participation_Records,ok
2024,Armenia,Yerevan,Avan,Low,With disability,Women,School_enrollment,10.92127631224623,%,Administrative_Health_Reports,ok
2024,Armenia,Yerevan,Avan,Low,With disability,Women,Health_services_access,13.335611816595149,%,Household_Survey,ok
2024,Armenia,Yerevan,Avan,Low,With disability,Women,GBV_services_access,10.07657640457445,%,Household_Survey,ok
2024,Armenia,Yerevan,Avan,Low,With disability,Women,Employment_rate,11.441523155629378,%,Household_Survey,ok
2024,Armenia,Yerevan,Avan,Low,With disability,Women,Decision_making_participation,16.7491348136653,%,Civic_Participation_Records,ok
2024,Armenia,Yerevan,Avan,Low,With disability,Men,School_enrollment,,%,Household_Survey,missing_value
2024,Armenia,Yerevan,Avan,Low,With disability,Men,Health_services_access,13.970634784294276,%,Civic_Participation_Records,ok
2024,Armenia,Yerevan,Avan,Low,With disability,Men,GBV_services_access,10.079681911548974,%,Community_GBV_Monitoring,ok
2024,Armenia,Yerevan,Avan,Low,With disability,Men,Employment_rate,11.046543858093592,%,Household_Survey,ok
2024,Armenia,Yerevan,Avan,Low,With disability,Men,Decision_making_participation,,%,Household_Survey,missing_value
2024,Armenia,Yerevan,Avan,Middle,No disability,Women,School_enrollment,47.16008943501674,%,Community_GBV_Monitoring,ok
2024,Armenia,Yerevan,Avan,Middle,No disability,Women,Health_services_access,45.59771054587763,%,Administrative_Health_Reports,ok
2024,Armenia,Yerevan,Avan,Middle,No disability,Women,GBV_services_access,47.83137836861172,%,Community_GBV_Monitoring,ok
2024,Armenia,Yerevan,Avan,Middle,No disability,Women,Employment_rate,42.4932189775977,%,Administrative_Health_Reports,ok
2024,Armenia,Yerevan,Avan,Middle,No disability,Women,Decision_making_participation,45.77069355760898,%,Civic_Participation_Records,ok
2024,Armenia,Yerevan,Avan,Middle,No disability,Men,School_enrollment,52.13516104868343,%,Civic_Participation_Records,ok
2024,Armenia,Yerevan,Avan,Middle,No disability,Men,Health_services_access,50.98823225509342,%,Community_GBV_Monitoring,ok
2024,Armenia,Yerevan,Avan,Middle,No disability,Men,GBV_services_access,50.49744556700832,%,Administrative_Health_Reports,ok
2024,Armenia,Yerevan,Avan,Middle,No disability,Men,Employment_rate,,%,Household_Survey,missing_value
2024,Armenia,Yerevan,Avan,Middle,No disability,Men,Decision_making_participation,50.735757683762365,%,Labour_Force_Survey,ok
2024,Armenia,Yerevan,Avan,Middle,With disability,Women,School_enrollment,31.51296828487044,%,Community_GBV_Monitoring,ok
2024,Armenia,Yerevan,Avan,Middle,With disability,Women,Health_services_access,25.93046869953854,%,Household_Survey,ok
2024,Armenia,Yerevan,Avan,Middle,With disability,Women,GBV_services_access,24.984443246494653,%,Household_Survey,ok
2024,Armenia,Yerevan,Avan,Middle,With disability,Women,Employment_rate,30.151041618809867,%,Administrative_Health_Reports,ok
2024,Armenia,Yerevan,Avan,Middle,With disability,Women,Decision_making_participation,28.093546171965546,%,Community_GBV_Monitoring,ok
2024,Armenia,Yerevan,Avan,Middle,With disability,Men,School_enrollment,28.72947894659751,%,Labour_Force_Survey,ok
2024,Armenia,Yerevan,Avan,Middle,With disability,Men,Health_services_access,30.614826650329036,%,Labour_Force_Survey,ok
2024,Armenia,Yerevan,Avan,Middle,With disability,Men,GBV_services_access,27.24724947852504,%,Labour_Force_Survey,ok
2024,Armenia,Yerevan,Avan,Middle,With disability,Men,Employment_rate,35.316558117481776,%,Community_GBV_Monitoring,ok
2024,Armenia,Yerevan,Avan,Middle,With disability,Men,Decision_making_participation,29.336325522368845,%,Labour_Force_Survey,ok
2024,Armenia,Yerevan,Avan,High,No disability,Women,School_enrollment,54.216613111015775,%,Household_Survey,ok
2024,Armenia,Yerevan,Avan,High,No disability,Women,Health_services_access,56.16116213568921,%,Household_Survey,ok
2024,Armenia,Yerevan,Avan,High,No disability,Women,GBV_services_access,,%,Civic_Participation_Records,missing_value
2024,Armenia,Yerevan,Avan,High,No disability,Women,Employment_rate,,%,Civic_Participation_Records,missing_value
2024,Armenia,Yerevan,Avan,High,No disability,Women,Decision_making_participation,49.363361589013614,%,Household_Survey,ok
2024,Armenia,Yerevan,Avan,High,No disability,Men,School_enrollment,57.0970633961879,%,Civic_Participation_Records,ok
2024,Armenia,Yerevan,Avan,High,No disability,Men,Health_services_access,53.830143361749045,%,Administrative_Health_Reports,ok
2024,Armenia,Yerevan,Avan,High,No disability,Men,GBV_services_access,56.909278474805376,%,Labour_Force_Survey,ok
2024,Armenia,Yerevan,Avan,High,No disability,Men,Employment_rate,60.044070347012756,%,Community_GBV_Monitoring,ok
2024,Armenia,Yerevan,Avan,High,No disability,Men,Decision_making_participation,58.74295541269168,%,Labour_Force_Survey,ok
2024,Armenia,Yerevan,Avan,High,With disability,Women,School_enrollment,30.367339597161415,%,Civic_Participation_Records,ok
2024,Armenia,Yerevan,Avan,High,With disability,Women,Health_services_access,27.377083016939356,%,Labour_Force_Survey,ok
2024,Armenia,Yerevan,Avan,High,With disability,Women,GBV_services_access,,%,Household_Survey,missing_value
2024,Armenia,Yerevan,Avan,High,With disability,Women,Employment_rate,35.72952987400927,%,Household_Survey,ok
2024,Armenia,Yerevan,Avan,High,With disability,Women,Decision_making_participation,33.50589473458907,%,Civic_Participation_Records,ok
2024,Armenia,Yerevan,Avan,High,With disability,Men,School_enrollment,34.41574783463119,%,Community_GBV_Monitoring,ok
2024,Armenia,Yerevan,Avan,High,With disability,Men,Health_services_access,39.524892447689766,%,Community_GBV_Monitoring,ok
2024,Armenia,Yerevan,Avan,High,With disability,Men,GBV_services_access,28.391543376261,%,Labour_Force_Survey,ok
2024,Armenia,Yerevan,Avan,High,With disability,Men,Employment_rate,,%,Labour_Force_Survey,missing_value
2024,Armenia,Yerevan,Avan,High,With disability,Men,Decision_making_participation,36.33128251974119,%,Labour_Force_Survey,ok
2020,Armenia,Ararat,Vedi,Low,No disability,Women,School_enrollment,31.810483643002986,%,Household_Survey,ok
2020,Armenia,Ararat,Vedi,Low,No disability,Women,Health_services_access,28.231966834712598,%,Community_GBV_Monitoring,ok
2020,Armenia,Ararat,Vedi,Low,No disability,Women,GBV_services_access,28.071002049433744,%,Labour_Force_Survey,ok
2020,Armenia,Ararat,Vedi,Low,No disability,Women,Employment_rate,27.23950150130346,%,Household_Survey,ok
2020,Armenia,Ararat,Vedi,Low,No disability,Women,Decision_making_participation,31.523060607282314,%,Labour_Force_Survey,ok
2020,Armenia,Ararat,Vedi,Low,No disability,Men,School_enrollment,39.257238956725104,%,Labour_Force_Survey,ok
2020,Armenia,Ararat,Vedi,Low,No disability,Men,Health_services_access,34.56350916224989,%,Administrative_Health_Reports,ok
2020,Armenia,Ararat,Vedi,Low,No disability,Men,GBV_services_access,29.027332766044594,%,Household_Survey,ok
2020,Armenia,Ararat,Vedi,Low,No disability,Men,Employment_rate,30.726591817985657,%,Civic_Participation_Records,ok
2020,Armenia,Ararat,Vedi,Low,No disability,Men,Decision_making_participation,35.42829526162506,%,Administrative_Health_Reports,ok
2020,Armenia,Ararat,Vedi,Low,With disability,Women,School_enrollment,15.964163917266225,%,Community_GBV_Monitoring,ok
2020,Armenia,Ararat,Vedi,Low,With disability,Women,Health_services_access,8.940230992334708,%,Administrative_Health_Reports,ok
2020,Armenia,Ararat,Vedi,Low,With disability,Women,GBV_services_access,5.7400134411821675,%,Household_Survey,ok
2020,Armenia,Ararat,Vedi,Low,With disability,Women,Employment_rate,6.523404053405818,%,Administrative_Health_Reports,ok
2020,Armenia,Ararat,Vedi,Low,With disability,Women,Decision_making_participation,11.894135504897518,%,Household_Survey,ok
2020,Armenia,Ararat,Vedi,Low,With disability,Men,School_enrollment,16.11357817881933,%,Household_Survey,ok
2020,Armenia,Ararat,Vedi,Low,With disability,Men,Health_services_access,15.132074499494502,%,Household_Survey,ok
2020,Armenia,Ararat,Vedi,Low,With disability,Men,GBV_services_access,12.290081927510982,%,Household_Survey,ok
2020,Armenia,Ararat,Vedi,Low,With disability,Men,Employment_rate,,%,Community_GBV_Monitoring,missing_value
2020,Armenia,Ararat,Vedi,Low,With disability,Men,Decision_making_participation,17.273950067732812,%,Community_GBV_Monitoring,ok
2020,Armenia,Ararat,Vedi,Middle,No disability,Women,School_enrollment,45.18417202580372,%,Household_Survey,ok
2020,Armenia,Ararat,Vedi,Middle,No disability,Women,Health_services_access,44.28248397968824,%,Labour_Force_Survey,ok
2020,Armenia,Ararat,Vedi,Middle,No disability,Women,GBV_services_access,47.82364918710323,%,Household_Survey,ok
2020,Armenia,Ararat,Vedi,Middle,No disability,Women,Employment_rate,41.298410408013126,%,Labour_Force_Survey,ok
2020,Armenia,Ararat,Vedi,Middle,No disability,Women,Decision_making_participation,46.20161351193587,%,Community_GBV_Monitoring,ok
2020,Armenia,Ararat,Vedi,Middle,No disability,Men,School_enrollment,51.72927245957543,%,Administrative_Health_Reports,ok
2020,Armenia,Ararat,Vedi,Middle,No disability,Men,Health_services_access,47.51817549108993,%,Civic_Participation_Records,ok
2020,Armenia,Ararat,Vedi,Middle,No disability,Men,GBV_services_access,47.850991496686916,%,Community_GBV_Monitoring,ok
2020,Armenia,Ararat,Vedi,Middle,No disability,Men,Employment_rate,46.44473919529979,%,Civic_Participation_Records,ok
2020,Armenia,Ararat,Vedi,Middle,No disability,Men,Decision_making_participation,45.541705246745956,%,Civic_Participation_Records,ok
2020,Armenia,Ararat,Vedi,Middle,With disability,Women,School_enrollment,22.426808437941087,%,Administrative_Health_Reports,ok
2020,Armenia,Ararat,Vedi,Middle,With disability,Women,Health_services_access,21.377325059708518,%,Household_Survey,ok
2020,Armenia,Ararat,Vedi,Middle,With disability,Women,GBV_services_access,25.874136784256113,%,Household_Survey,ok
2020,Armenia,Ararat,Vedi,Middle,With disability,Women,Employment_rate,22.386842795443105,%,Administrative_Health_Reports,ok
2020,Armenia,Ararat,Vedi,Middle,With disability,Women,Decision_making_participation,27.855403457673066,%,Administrative_Health_Reports,ok
2020,Armenia,Ararat,Vedi,Middle,With disability,Men,School_enrollment,26.891693390538187,%,Community_GBV_Monitoring,ok
2020,Armenia,Ararat,Vedi,Middle,With disability,Men,Health_services_access,30.877532486450527,%,Community_GBV_Monitoring,ok
2020,Armenia,Ararat,Vedi,Middle,With disability,Men,GBV_services_access,30.73776194760629,%,Civic_Participation_Records,ok
2020,Armenia,Ararat,Vedi,Middle,With disability,Men,Employment_rate,30.66461980354881,%,Community_GBV_Monitoring,ok
2020,Armenia,Ararat,Vedi,Middle,With disability,Men,Decision_making_participation,31.589558347771277,%,Household_Survey,ok
2020,Armenia,Ararat,Vedi,High,No disability,Women,School_enrollment,47.457563185861055,%,Administrative_Health_Reports,ok
2020,Armenia,Ararat,Vedi,High,No disability,Women,Health_services_access,49.281611578573866,%,Civic_Participation_Records,ok
2020,Armenia,Ararat,Vedi,High,No disability,Women,GBV_services_access,52.15059575837662,%,Civic_Participation_Records,ok
2020,Armenia,Ararat,Vedi,High,No disability,Women,Employment_rate,53.129156419613196,%,Civic_Participation_Records,ok
2020,Armenia,Ararat,Vedi,High,No disability,Women,Decision_making_participation,51.29811517724175,%,Civic_Participation_Records,ok
2020,Armenia,Ararat,Vedi,High,No disability,Men,School_enrollment,52.39053721323036,%,Labour_Force_Survey,ok
2020,Armenia,Ararat,Vedi,High,No disability,Men,Health_services_access,54.68906279019994,%,Community_GBV_Monitoring,ok
2020,Armenia,Ararat,Vedi,High,No disability,Men,GBV_services_access,53.74598426108367,%,Administrative_Health_Reports,ok
2020,Armenia,Ararat,Vedi,High,No disability,Men,Employment_rate,57.58480746695784,%,Household_Survey,ok
2020,Armenia,Ararat,Vedi,High,No disability,Men,Decision_making_participation,55.68744469057155,%,Civic_Participation_Records,ok
2020,Armenia,Ararat,Vedi,High,With disability,Women,School_enrollment,32.39265604735136,%,Civic_Participation_Records,ok
2020,Armenia,Ararat,Vedi,High,With disability,Women,Health_services_access,30.03948300387057,%,Labour_Force_Survey,ok
2020,Armenia,Ararat,Vedi,High,With disability,Women,GBV_services_access,25.873661214215456,%,Civic_Participation_Records,ok
2020,Armenia,Ararat,Vedi,High,With disability,Women,Employment_rate,32.52928709064666,%,Household_Survey,ok
2020,Armenia,Ararat,Vedi,High,With disability,Women,Decision_making_participation,33.91640415690728,%,Civic_Participation_Records,ok
2020,Armenia,Ararat,Vedi,High,With disability,Men,School_enrollment,35.79835105114261,%,Civic_Participation_Records,ok
2020,Armenia,Ararat,Vedi,High,With disability,Men,Health_services_access,31.27470726757428,%,Civic_Participation_Records,ok
2020,Armenia,Ararat,Vedi,High,With disability,Men,GBV_services_access,33.21958330234556,%,Community_GBV_Monitoring,ok
2020,Armenia,Ararat,Vedi,High,With disability,Men,Employment_rate,,%,Community_GBV_Monitoring,missing_value
2020,Armenia,Ararat,Vedi,High,With disability,Men,Decision_making_participation,37.66214461234876,%,Administrative_Health_Reports,ok
2021,Armenia,Ararat,Vedi,Low,No disability,Women,School_enrollment,31.41838395990796,%,Household_Survey,ok
2021,Armenia,Ararat,Vedi,Low,No disability,Women,Health_services_access,29.742945319506536,%,Household_Survey,ok
2021,Armenia,Ararat,Vedi,Low,No disability,Women,GBV_services_access,32.23068835569005,%,Household_Survey,ok
2021,Armenia,Ararat,Vedi,Low,No disability,Women,Employment_rate,28.548928928557558,%,Civic_Participation_Records,ok
2021,Armenia,Ararat,Vedi,Low,No disability,Women,Decision_making_participation,35.595498805711614,%,Labour_Force_Survey,ok
2021,Armenia,Ararat,Vedi,Low,No disability,Men,School_enrollment,34.326387936324274,%,Community_GBV_Monitoring,ok
2021,Armenia,Ararat,Vedi,Low,No disability,Men,Health_services_access,29.60674804184549,%,Civic_Participation_Records,ok
2021,Armenia,Ararat,Vedi,Low,No disability,Men,GBV_services_access,28.953100796208435,%,Civic_Participation_Records,ok
2021,Armenia,Ararat,Vedi,Low,No disability,Men,Employment_rate,30.03084956612545,%,Household_Survey,ok
2021,Armenia,Ararat,Vedi,Low,No disability,Men,Decision_making_participation,31.223870411561393,%,Household_Survey,ok
2021,Armenia,Ararat,Vedi,Low,With disability,Women,School_enrollment,,%,Administrative_Health_Reports,missing_value
2021,Armenia,Ararat,Vedi,Low,With disability,Women,Health_services_access,4.815122729044526,%,Community_GBV_Monitoring,ok
2021,Armenia,Ararat,Vedi,Low,With disability,Women,GBV_services_access,8.08162164658562,%,Administrative_Health_Reports,ok
2021,Armenia,Ararat,Vedi,Low,With disability,Women,Employment_rate,6.497536233198042,%,Community_GBV_Monitoring,ok
2021,Armenia,Ararat,Vedi,Low,With disability,Women,Decision_making_participation,,%,Community_GBV_Monitoring,missing_value
2021,Armenia,Ararat,Vedi,Low,With disability,Men,School_enrollment,14.861482843267176,%,Administrative_Health_Reports,ok
2021,Armenia,Ararat,Vedi,Low,With disability,Men,Health_services_access,12.330800383172473,%,Labour_Force_Survey,ok
2021,Armenia,Ararat,Vedi,Low,With disability,Men,GBV_services_access,5.596571038741455,%,Administrative_Health_Reports,ok
2021,Armenia,Ararat,Vedi,Low,With disability,Men,Employment_rate,,%,Administrative_Health_Reports,missing_value
2021,Armenia,Ararat,Vedi,Low,With disability,Men,Decision_making_participation,13.8101212977211,%,Civic_Participation_Records,ok
2021,Armenia,Ararat,Vedi,Middle,No disability,Women,School_enrollment,43.74168808596541,%,Administrative_Health_Reports,ok
2021,Armenia,Ararat,Vedi,Middle,No disability,Women,Health_services_access,44.473111545402155,%,Community_GBV_Monitoring,ok
2021,Armenia,Ararat,Vedi,Middle,No disability,Women,GBV_services_access,44.229234450397534,%,Labour_Force_Survey,ok
2021,Armenia,Ararat,Vedi,Middle,No disability,Women,Employment_rate,40.65048890726809,%,Household_Survey,ok
2021,Armenia,Ararat,Vedi,Middle,No disability,Women,Decision_making_participation,47.321034224016515,%,Community_GBV_Monitoring,ok
2021,Armenia,Ararat,Vedi,Middle,No disability,Men,School_enrollment,46.264229819438974,%,Administrative_Health_Reports,ok
2021,Armenia,Ararat,Vedi,Middle,No disability,Men,Health_services_access,49.89440744129844,%,Administrative_Health_Reports,ok
2021,Armenia,Ararat,Vedi,Middle,No disability,Men,GBV_services_access,51.63307849210616,%,Administrative_Health_Reports,ok
2021,Armenia,Ararat,Vedi,Middle,No disability,Men,Employment_rate,50.26255805264968,%,Labour_Force_Survey,ok
2021,Armenia,Ararat,Vedi,Middle,No disability,Men,Decision_making_participation,45.51787994123895,%,Household_Survey,ok
2021,Armenia,Ararat,Vedi,Middle,With disability,Women,School_enrollment,28.89703380806315,%,Civic_Participation_Records,ok
2021,Armenia,Ararat,Vedi,Middle,With disability,Women,Health_services_access,22.324978530319598,%,Administrative_Health_Reports,ok
2021,Armenia,Ararat,Vedi,Middle,With disability,Women,GBV_services_access,26.19133450425066,%,Administrative_Health_Reports,ok
2021,Armenia,Ararat,Vedi,Middle,With disability,Women,Employment_rate,30.38977731201551,%,Household_Survey,ok
2021,Armenia,Ararat,Vedi,Middle,With disability,Women,Decision_making_participation,30.545733562203495,%,Administrative_Health_Reports,ok
2021,Armenia,Ararat,Vedi,Middle,With disability,Men,School_enrollment,27.09733287370646,%,Civic_Participation_Records,ok
2021,Armenia,Ararat,Vedi,Middle,With disability,Men,Health_services_access,23.365998269452437,%,Administrative_Health_Reports,ok
2021,Armenia,Ararat,Vedi,Middle,With disability,Men,GBV_services_access,24.806292853271742,%,Administrative_Health_Reports,ok
2021,Armenia,Ararat,Vedi,Middle,With disability,Men,Employment_rate,31.364560372242195,%,Labour_Force_Survey,ok
2021,Armenia,Ararat,Vedi,Middle,With disability,Men,Decision_making_participation,32.13259398780411,%,Community_GBV_Monitoring,ok
2021,Armenia,Ararat,Vedi,High,No disability,Women,School_enrollment,48.84356824595903,%,Civic_Participation_Records,ok
2021,Armenia,Ararat,Vedi,High,No disability,Women,Health_services_access,49.60032754566787,%,Household_Survey,ok
2021,Armenia,Ararat,Vedi,High,No disability,Women,GBV_services_access,,%,Administrative_Health_Reports,missing_value
2021,Armenia,Ararat,Vedi,High,No disability,Women,Employment_rate,50.41965797547179,%,Civic_Participation_Records,ok
2021,Armenia,Ararat,Vedi,High,No disability,Women,Decision_making_participation,52.210293724113306,%,Household_Survey,ok
2021,Armenia,Ararat,Vedi,High,No disability,Men,School_enrollment,52.472826986565686,%,Household_Survey,ok
2021,Armenia,Ararat,Vedi,High,No disability,Men,Health_services_access,53.03777097048912,%,Community_GBV_Monitoring,ok
2021,Armenia,Ararat,Vedi,High,No disability,Men,GBV_services_access,54.79826758494006,%,Household_Survey,ok
2021,Armenia,Ararat,Vedi,High,No disability,Men,Employment_rate,60.21414710272975,%,Labour_Force_Survey,ok
2021,Armenia,Ararat,Vedi,High,No disability,Men,Decision_making_participation,57.546428292407185,%,Community_GBV_Monitoring,ok
2021,Armenia,Ararat,Vedi,High,With disability,Women,School_enrollment,27.19853650003491,%,Labour_Force_Survey,ok
2021,Armenia,Ararat,Vedi,High,With disability,Women,Health_services_access,26.85708212947491,%,Administrative_Health_Reports,ok
2021,Armenia,Ararat,Vedi,High,With disability,Women,GBV_services_access,,%,Civic_Participation_Records,missing_value
2021,Armenia,Ararat,Vedi,High,With disability,Women,Employment_rate,30.662228153669908,%,Administrative_Health_Reports,ok
2021,Armenia,Ararat,Vedi,High,With disability,Women,Decision_making_participation,34.25111785085638,%,Household_Survey,ok
2021,Armenia,Ararat,Vedi,High,With disability,Men,School_enrollment,38.52612376979395,%,Community_GBV_Monitoring,ok
2021,Armenia,Ararat,Vedi,High,With disability,Men,Health_services_access,34.536198038556975,%,Administrative_Health_Reports,ok
2021,Armenia,Ararat,Vedi,High,With disability,Men,GBV_services_access,,%,Administrative_Health_Reports,missing_value
2021,Armenia,Ararat,Vedi,High,With disability,Men,Employment_rate,35.008977527383784,%,Civic_Participation_Records,ok
2021,Armenia,Ararat,Vedi,High,With disability,Men,Decision_making_participation,39.40526179865927,%,Household_Survey,ok
2022,Armenia,Ararat,Vedi,Low,No disability,Women,School_enrollment,,%,Household_Survey,missing_value
2022,Armenia,Ararat,Vedi,Low,No disability,Women,Health_services_access,29.987022818006217,%,Civic_Participation_Records,ok
2022,Armenia,Ararat,Vedi,Low,No disability,Women,GBV_services_access,32.65764470245946,%,Household_Survey,ok
2022,Armenia,Ararat,Vedi,Low,No disability,Women,Employment_rate,23.974124207300683,%,Civic_Participation_Records,ok
2022,Armenia,Ararat,Vedi,Low,No disability,Women,Decision_making_participation,27.938592820540933,%,Administrative_Health_Reports,ok
2022,Armenia,Ararat,Vedi,Low,No disability,Men,School_enrollment,,%,Labour_Force_Survey,missing_value
2022,Armenia,Ararat,Vedi,Low,No disability,Men,Health_services_access,29.855888040672205,%,Administrative_Health_Reports,ok
2022,Armenia,Ararat,Vedi,Low,No disability,Men,GBV_services_access,30.169138443755237,%,Community_GBV_Monitoring,ok
2022,Armenia,Ararat,Vedi,Low,No disability,Men,Employment_rate,27.081549341820295,%,Administrative_Health_Reports,ok
2022,Armenia,Ararat,Vedi,Low,No disability,Men,Decision_making_participation,33.169674614450095,%,Labour_Force_Survey,ok
2022,Armenia,Ararat,Vedi,Low,With disability,Women,School_enrollment,11.075320393319883,%,Civic_Participation_Records,ok
2022,Armenia,Ararat,Vedi,Low,With disability,Women,Health_services_access,12.887596234079968,%,Household_Survey,ok
2022,Armenia,Ararat,Vedi,Low,With disability,Women,GBV_services_access,3.98777763768048,%,Community_GBV_Monitoring,ok
2022,Armenia,Ararat,Vedi,Low,With disability,Women,Employment_rate,7.471699463909103,%,Labour_Force_Survey,ok
2022,Armenia,Ararat,Vedi,Low,With disability,Women,Decision_making_participation,11.346951233809456,%,Community_GBV_Monitoring,ok
2022,Armenia,Ararat,Vedi,Low,With disability,Men,School_enrollment,15.496245555101867,%,Administrative_Health_Reports,ok
2022,Armenia,Ararat,Vedi,Low,With disability,Men,Health_services_access,7.96132045679412,%,Civic_Participation_Records,ok
2022,Armenia,Ararat,Vedi,Low,With disability,Men,GBV_services_access,12.576181221021299,%,Household_Survey,ok
2022,Armenia,Ararat,Vedi,Low,With disability,Men,Employment_rate,16.195496865499813,%,Household_Survey,ok
2022,Armenia,Ararat,Vedi,Low,With disability,Men,Decision_making_participation,18.37674251341033,%,Civic_Participation_Records,ok
2022,Armenia,Ararat,Vedi,Middle,No disability,Women,School_enrollment,46.318068404338156,%,Household_Survey,ok
2022,Armenia,Ararat,Vedi,Middle,No disability,Women,Health_services_access,41.816631434509,%,Civic_Participation_Records,ok
2022,Armenia,Ararat,Vedi,Middle,No disability,Women,GBV_services_access,48.16358955975231,%,Community_GBV_Monitoring,ok
2022,Armenia,Ararat,Vedi,Middle,No disability,Women,Employment_rate,44.415638163755894,%,Household_Survey,ok
2022,Armenia,Ararat,Vedi,Middle,No disability,Women,Decision_making_participation,46.53895288453011,%,Household_Survey,ok
2022,Armenia,Ararat,Vedi,Middle,No disability,Men,School_enrollment,52.05235700351424,%,Administrative_Health_Reports,ok
2022,Armenia,Ararat,Vedi,Middle,No disability,Men,Health_services_access,53.196531014058365,%,Civic_Participation_Records,ok
2022,Armenia,Ararat,Vedi,Middle,No disability,Men,GBV_services_access,52.88548211837902,%,Labour_Force_Survey,ok
2022,Armenia,Ararat,Vedi,Middle,No disability,Men,Employment_rate,49.02030727494619,%,Labour_Force_Survey,ok
2022,Armenia,Ararat,Vedi,Middle,No disability,Men,Decision_making_participation,49.120251012778105,%,Administrative_Health_Reports,ok
2022,Armenia,Ararat,Vedi,Middle,With disability,Women,School_enrollment,24.306414448066526,%,Community_GBV_Monitoring,ok
2022,Armenia,Ararat,Vedi,Middle,With disability,Women,Health_services_access,18.707287338659903,%,Household_Survey,ok
2022,Armenia,Ararat,Vedi,Middle,With disability,Women,GBV_services_access,20.559855588665826,%,Labour_Force_Survey,ok
2022,Armenia,Ararat,Vedi,Middle,With disability,Women,Employment_rate,26.7936072629859,%,Administrative_Health_Reports,ok
2022,Armenia,Ararat,Vedi,Middle,With disability,Women,Decision_making_participation,23.178545363265528,%,Labour_Force_Survey,ok
2022,Armenia,Ararat,Vedi,Middle,With disability,Men,School_enrollment,27.994693012856693,%,Administrative_Health_Reports,ok
2022,Armenia,Ararat,Vedi,Middle,With disability,Men,Health_services_access,27.088113102418813,%,Household_Survey,ok
2022,Armenia,Ararat,Vedi,Middle,With disability,Men,GBV_services_access,26.904223316847677,%,Household_Survey,ok
2022,Armenia,Ararat,Vedi,Middle,With disability,Men,Employment_rate,33.98617733744072,%,Household_Survey,ok
2022,Armenia,Ararat,Vedi,Middle,With disability,Men,Decision_making_participation,28.13801945920135,%,Administrative_Health_Reports,ok
2022,Armenia,Ararat,Vedi,High,No disability,Women,School_enrollment,52.68445272560881,%,Household_Survey,ok
2022,Armenia,Ararat,Vedi,High,No disability,Women,Health_services_access,49.3637273325706,%,Community_GBV_Monitoring,ok
2022,Armenia,Ararat,Vedi,High,No disability,Women,GBV_services_access,50.724791944639556,%,Administrative_Health_Reports,ok
2022,Armenia,Ararat,Vedi,High,No disability,Women,Employment_rate,52.15904023360346,%,Administrative_Health_Reports,ok
2022,Armenia,Ararat,Vedi,High,No disability,Women,Decision_making_participation,48.32111815120672,%,Community_GBV_Monitoring,ok
2022,Armenia,Ararat,Vedi,High,No disability,Men,School_enrollment,52.759959245413015,%,Community_GBV_Monitoring,ok
2022,Armenia,Ararat,Vedi,High,No disability,Men,Health_services_access,53.58482064009369,%,Administrative_Health_Reports,ok
2022,Armenia,Ararat,Vedi,High,No disability,Men,GBV_services_access,53.83986797294941,%,Household_Survey,ok
2022,Armenia,Ararat,Vedi,High,No disability,Men,Employment_rate,57.27628713332146,%,Community_GBV_Monitoring,ok
2022,Armenia,Ararat,Vedi,High,No disability,Men,Decision_making_participation,55.4887742133606,%,Administrative_Health_Reports,ok
2022,Armenia,Ararat,Vedi,High,With disability,Women,School_enrollment,28.993573324926132,%,Civic_Participation_Records,ok
2022,Armenia,Ararat,Vedi,High,With disability,Women,Health_services_access,,%,Civic_Participation_Records,missing_value
2022,Armenia,Ararat,Vedi,High,With disability,Women,GBV_services_access,,%,Household_Survey,missing_value
2022,Armenia,Ararat,Vedi,High,With disability,Women,Employment_rate,32.42163843075105,%,Household_Survey,ok
2022,Armenia,Ararat,Vedi,High,With disability,Women,Decision_making_participation,34.64474866295361,%,Community_GBV_Monitoring,ok
2022,Armenia,Ararat,Vedi,High,With disability,Men,School_enrollment,34.62315744860672,%,Household_Survey,ok
2022,Armenia,Ararat,Vedi,High,With disability,Men,Health_services_access,33.275139427601104,%,Labour_Force_Survey,ok
2022,Armenia,Ararat,Vedi,High,With disability,Men,GBV_services_access,32.82210570792154,%,Administrative_Health_Reports,ok
2022,Armenia,Ararat,Vedi,High,With disability,Men,Employment_rate,34.52079160519329,%,Civic_Participation_Records,ok
2022,Armenia,Ararat,Vedi,High,With disability,Men,Decision_making_participation,,%,Community_GBV_Monitoring,missing_value
2023,Armenia,Ararat,Vedi,Low,No disability,Women,School_enrollment,26.603623338458895,%,Civic_Participation_Records,ok
2023,Armenia,Ararat,Vedi,Low,No disability,Women,Health_services_access,27.27910112052438,%,Administrative_Health_Reports,ok
2023,Armenia,Ararat,Vedi,Low,No disability,Women,GBV_services_access,26.211829969914863,%,Community_GBV_Monitoring,ok
2023,Armenia,Ararat,Vedi,Low,No disability,Women,Employment_rate,27.816567598196666,%,Household_Survey,ok
2023,Armenia,Ararat,Vedi,Low,No disability,Women,Decision_making_participation,29.987511774534106,%,Household_Survey,ok
2023,Armenia,Ararat,Vedi,Low,No disability,Men,School_enrollment,33.998156920455564,%,Community_GBV_Monitoring,ok
2023,Armenia,Ararat,Vedi,Low,No disability,Men,Health_services_access,34.15719153048252,%,Civic_Participation_Records,ok
2023,Armenia,Ararat,Vedi,Low,No disability,Men,GBV_services_access,,%,Community_GBV_Monitoring,missing_value
2023,Armenia,Ararat,Vedi,Low,No disability,Men,Employment_rate,32.34805815056686,%,Labour_Force_Survey,ok
2023,Armenia,Ararat,Vedi,Low,No disability,Men,Decision_making_participation,32.37821585578505,%,Labour_Force_Survey,ok
2023,Armenia,Ararat,Vedi,Low,With disability,Women,School_enrollment,6.934675883177272,%,Civic_Participation_Records,ok
2023,Armenia,Ararat,Vedi,Low,With disability,Women,Health_services_access,6.26743322682821,%,Community_GBV_Monitoring,ok
2023,Armenia,Ararat,Vedi,Low,With disability,Women,GBV_services_access,9.442630970511926,%,Labour_Force_Survey,ok
2023,Armenia,Ararat,Vedi,Low,With disability,Women,Employment_rate,,%,Labour_Force_Survey,missing_value
2023,Armenia,Ararat,Vedi,Low,With disability,Women,Decision_making_participation,15.979792551186195,%,Household_Survey,ok
2023,Armenia,Ararat,Vedi,Low,With disability,Men,School_enrollment,13.26484601045104,%,Community_GBV_Monitoring,ok
2023,Armenia,Ararat,Vedi,Low,With disability,Men,Health_services_access,15.258981690937002,%,Administrative_Health_Reports,ok
2023,Armenia,Ararat,Vedi,Low,With disability,Men,GBV_services_access,9.88937987899455,%,Household_Survey,ok
2023,Armenia,Ararat,Vedi,Low,With disability,Men,Employment_rate,12.894065280620822,%,Labour_Force_Survey,ok
2023,Armenia,Ararat,Vedi,Low,With disability,Men,Decision_making_participation,14.041018748373904,%,Civic_Participation_Records,ok
2023,Armenia,Ararat,Vedi,Middle,No disability,Women,School_enrollment,40.35268235269019,%,Household_Survey,ok
2023,Armenia,Ararat,Vedi,Middle,No disability,Women,Health_services_access,47.376664022614214,%,Household_Survey,ok
2023,Armenia,Ararat,Vedi,Middle,No disability,Women,GBV_services_access,46.99658649622298,%,Household_Survey,ok
2023,Armenia,Ararat,Vedi,Middle,No disability,Women,Employment_rate,43.38528357520049,%,Labour_Force_Survey,ok
2023,Armenia,Ararat,Vedi,Middle,No disability,Women,Decision_making_participation,44.83872972398987,%,Community_GBV_Monitoring,ok
2023,Armenia,Ararat,Vedi,Middle,No disability,Men,School_enrollment,45.27505346780249,%,Administrative_Health_Reports,ok
2023,Armenia,Ararat,Vedi,Middle,No disability,Men,Health_services_access,,%,Labour_Force_Survey,missing_value
2023,Armenia,Ararat,Vedi,Middle,No disability,Men,GBV_services_access,50.02163048309152,%,Labour_Force_Survey,ok
2023,Armenia,Ararat,Vedi,Middle,No disability,Men,Employment_rate,45.73893946623017,%,Community_GBV_Monitoring,ok
2023,Armenia,Ararat,Vedi,Middle,No disability,Men,Decision_making_participation,49.752755275331204,%,Labour_Force_Survey,ok
2023,Armenia,Ararat,Vedi,Middle,With disability,Women,School_enrollment,25.364879919842352,%,Household_Survey,ok
2023,Armenia,Ararat,Vedi,Middle,With disability,Women,Health_services_access,24.368351363773023,%,Administrative_Health_Reports,ok
2023,Armenia,Ararat,Vedi,Middle,With disability,Women,GBV_services_access,,%,Community_GBV_Monitoring,missing_value
2023,Armenia,Ararat,Vedi,Middle,With disability,Women,Employment_rate,30.150768066118395,%,Labour_Force_Survey,ok
2023,Armenia,Ararat,Vedi,Middle,With disability,Women,Decision_making_participation,25.373412067572698,%,Administrative_Health_Reports,ok
2023,Armenia,Ararat,Vedi,Middle,With disability,Men,School_enrollment,29.79196464023772,%,Household_Survey,ok
2023,Armenia,Ararat,Vedi,Middle,With disability,Men,Health_services_access,29.356527129510564,%,Household_Survey,ok
2023,Armenia,Ararat,Vedi,Middle,With disability,Men,GBV_services_access,25.448304244803037,%,Administrative_Health_Reports,ok
2023,Armenia,Ararat,Vedi,Middle,With disability,Men,Employment_rate,,%,Community_GBV_Monitoring,missing_value
2023,Armenia,Ararat,Vedi,Middle,With disability,Men,Decision_making_participation,31.550916864295008,%,Labour_Force_Survey,ok
2023,Armenia,Ararat,Vedi,High,No disability,Women,School_enrollment,46.65074027454931,%,Civic_Participation_Records,ok
2023,Armenia,Ararat,Vedi,High,No disability,Women,Health_services_access,51.75379202861766,%,Administrative_Health_Reports,ok
2023,Armenia,Ararat,Vedi,High,No disability,Women,GBV_services_access,52.251373557254,%,Administrative_Health_Reports,ok
2023,Armenia,Ararat,Vedi,High,No disability,Women,Employment_rate,47.00575022050825,%,Civic_Participation_Records,ok
2023,Armenia,Ararat,Vedi,High,No disability,Women,Decision_making_participation,49.45019241205796,%,Labour_Force_Survey,ok
2023,Armenia,Ararat,Vedi,High,No disability,Men,School_enrollment,50.69394679503425,%,Civic_Participation_Records,ok
2023,Armenia,Ararat,Vedi,High,No disability,Men,Health_services_access,54.09601212200689,%,Administrative_Health_Reports,ok
2023,Armenia,Ararat,Vedi,High,No disability,Men,GBV_services_access,,%,Household_Survey,missing_value
2023,Armenia,Ararat,Vedi,High,No disability,Men,Employment_rate,49.52985221500135,%,Household_Survey,ok
2023,Armenia,Ararat,Vedi,High,No disability,Men,Decision_making_participation,56.25802931387886,%,Labour_Force_Survey,ok
2023,Armenia,Ararat,Vedi,High,With disability,Women,School_enrollment,30.649314940557918,%,Civic_Participation_Records,ok
2023,Armenia,Ararat,Vedi,High,With disability,Women,Health_services_access,26.440198580318224,%,Administrative_Health_Reports,ok
2023,Armenia,Ararat,Vedi,High,With disability,Women,GBV_services_access,26.270222201201587,%,Community_GBV_Monitoring,ok
2023,Armenia,Ararat,Vedi,High,With disability,Women,Employment_rate,31.436325395850336,%,Community_GBV_Monitoring,ok
2023,Armenia,Ararat,Vedi,High,With disability,Women,Decision_making_participation,26.22327118514551,%,Civic_Participation_Records,ok
2023,Armenia,Ararat,Vedi,High,With disability,Men,School_enrollment,,%,Administrative_Health_Reports,missing_value
2023,Armenia,Ararat,Vedi,High,With disability,Men,Health_services_access,35.16743578284727,%,Administrative_Health_Reports,ok
2023,Armenia,Ararat,Vedi,High,With disability,Men,GBV_services_access,34.344610903392294,%,Household_Survey,ok
2023,Armenia,Ararat,Vedi,High,With disability,Men,Employment_rate,32.81795892189746,%,Household_Survey,ok
2023,Armenia,Ararat,Vedi,High,With disability,Men,Decision_making_participation,34.40986284012384,%,Household_Survey,ok
2024,Armenia,Ararat,Vedi,Low,No disability,Women,School_enrollment,28.68596571224186,%,Administrative_Health_Reports,ok
2024,Armenia,Ararat,Vedi,Low,No disability,Women,Health_services_access,31.22181794576209,%,Civic_Participation_Records,ok
2024,Armenia,Ararat,Vedi,Low,No disability,Women,GBV_services_access,26.041776935550825,%,Administrative_Health_Reports,ok
2024,Armenia,Ararat,Vedi,Low,No disability,Women,Employment_rate,24.05476744826699,%,Labour_Force_Survey,ok
2024,Armenia,Ararat,Vedi,Low,No disability,Women,Decision_making_participation,28.51398042170165,%,Labour_Force_Survey,ok
2024,Armenia,Ararat,Vedi,Low,No disability,Men,School_enrollment,30.96567125957371,%,Household_Survey,ok
2024,Armenia,Ararat,Vedi,Low,No disability,Men,Health_services_access,,%,Community_GBV_Monitoring,missing_value
2024,Armenia,Ararat,Vedi,Low,No disability,Men,GBV_services_access,30.210882687304466,%,Household_Survey,ok
2024,Armenia,Ararat,Vedi,Low,No disability,Men,Employment_rate,29.27671762463422,%,Household_Survey,ok
2024,Armenia,Ararat,Vedi,Low,No disability,Men,Decision_making_participation,35.7506525809797,%,Labour_Force_Survey,ok
2024,Armenia,Ararat,Vedi,Low,With disability,Women,School_enrollment,15.521823632890163,%,Administrative_Health_Reports,ok
2024,Armenia,Ararat,Vedi,Low,With disability,Women,Health_services_access,11.442738363126352,%,Administrative_Health_Reports,ok
2024,Armenia,Ararat,Vedi,Low,With disability,Women,GBV_services_access,,%,Labour_Force_Survey,missing_value
2024,Armenia,Ararat,Vedi,Low,With disability,Women,Employment_rate,11.95922101404604,%,Civic_Participation_Records,ok
2024,Armenia,Ararat,Vedi,Low,With disability,Women,Decision_making_participation,,%,Labour_Force_Survey,missing_value
2024,Armenia,Ararat,Vedi,Low,With disability,Men,School_enrollment,17.379351781881653,%,Labour_Force_Survey,ok
2024,Armenia,Ararat,Vedi,Low,With disability,Men,Health_services_access,,%,Administrative_Health_Reports,missing_value
2024,Armenia,Ararat,Vedi,Low,With disability,Men,GBV_services_access,5.117423803998451,%,Labour_Force_Survey,ok
2024,Armenia,Ararat,Vedi,Low,With disability,Men,Employment_rate,13.513891184401034,%,Community_GBV_Monitoring,ok
2024,Armenia,Ararat,Vedi,Low,With disability,Men,Decision_making_participation,14.125863822685297,%,Labour_Force_Survey,ok
2024,Armenia,Ararat,Vedi,Middle,No disability,Women,School_enrollment,42.94044071668972,%,Civic_Participation_Records,ok
2024,Armenia,Ararat,Vedi,Middle,No disability,Women,Health_services_access,,%,Community_GBV_Monitoring,missing_value
2024,Armenia,Ararat,Vedi,Middle,No disability,Women,GBV_services_access,47.515639140670096,%,Administrative_Health_Reports,ok
2024,Armenia,Ararat,Vedi,Middle,No disability,Women,Employment_rate,46.64825521583202,%,Labour_Force_Survey,ok
2024,Armenia,Ararat,Vedi,Middle,No disability,Women,Decision_making_participation,43.82873438313207,%,Administrative_Health_Reports,ok
2024,Armenia,Ararat,Vedi,Middle,No disability,Men,School_enrollment,50.220888757580575,%,Household_Survey,ok
2024,Armenia,Ararat,Vedi,Middle,No disability,Men,Health_services_access,53.35554751110709,%,Labour_Force_Survey,ok
2024,Armenia,Ararat,Vedi,Middle,No disability,Men,GBV_services_access,50.42302122241359,%,Labour_Force_Survey,ok
2024,Armenia,Ararat,Vedi,Middle,No disability,Men,Employment_rate,49.1767967358272,%,Administrative_Health_Reports,ok
2024,Armenia,Ararat,Vedi,Middle,No disability,Men,Decision_making_participation,46.12413301028277,%,Community_GBV_Monitoring,ok
2024,Armenia,Ararat,Vedi,Middle,With disability,Women,School_enrollment,,%,Labour_Force_Survey,missing_value
2024,Armenia,Ararat,Vedi,Middle,With disability,Women,Health_services_access,27.723425781722053,%,Community_GBV_Monitoring,ok
2024,Armenia,Ararat,Vedi,Middle,With disability,Women,GBV_services_access,,%,Household_Survey,missing_value
2024,Armenia,Ararat,Vedi,Middle,With disability,Women,Employment_rate,30.01193522198316,%,Civic_Participation_Records,ok
2024,Armenia,Ararat,Vedi,Middle,With disability,Women,Decision_making_participation,,%,Labour_Force_Survey,missing_value
2024,Armenia,Ararat,Vedi,Middle,With disability,Men,School_enrollment,33.3204727510272,%,Civic_Participation_Records,ok
2024,Armenia,Ararat,Vedi,Middle,With disability,Men,Health_services_access,22.91843182019743,%,Civic_Participation_Records,ok
2024,Armenia,Ararat,Vedi,Middle,With disability,Men,GBV_services_access,23.61578824737417,%,Administrative_Health_Reports,ok
2024,Armenia,Ararat,Vedi,Middle,With disability,Men,Employment_rate,,%,Household_Survey,missing_value
2024,Armenia,Ararat,Vedi,Middle,With disability,Men,Decision_making_participation,27.67132505978148,%,Community_GBV_Monitoring,ok
2024,Armenia,Ararat,Vedi,High,No disability,Women,School_enrollment,50.77647665051933,%,Household_Survey,ok
2024,Armenia,Ararat,Vedi,High,No disability,Women,Health_services_access,55.25968772465194,%,Household_Survey,ok
2024,Armenia,Ararat,Vedi,High,No disability,Women,GBV_services_access,53.308069437040324,%,Civic_Participation_Records,ok
2024,Armenia,Ararat,Vedi,High,No disability,Women,Employment_rate,47.35793062945244,%,Household_Survey,ok
2024,Armenia,Ararat,Vedi,High,No disability,Women,Decision_making_participation,51.71433694500616,%,Civic_Participation_Records,ok
2024,Armenia,Ararat,Vedi,High,No disability,Men,School_enrollment,55.85001255551511,%,Community_GBV_Monitoring,ok
2024,Armenia,Ararat,Vedi,High,No disability,Men,Health_services_access,57.03785931348677,%,Labour_Force_Survey,ok
2024,Armenia,Ararat,Vedi,High,No disability,Men,GBV_services_access,57.650815954139325,%,Civic_Participation_Records,ok
2024,Armenia,Ararat,Vedi,High,No disability,Men,Employment_rate,58.3487521074519,%,Community_GBV_Monitoring,ok
2024,Armenia,Ararat,Vedi,High,No disability,Men,Decision_making_participation,54.474122293330176,%,Community_GBV_Monitoring,ok
2024,Armenia,Ararat,Vedi,High,With disability,Women,School_enrollment,32.89618096662789,%,Household_Survey,ok
2024,Armenia,Ararat,Vedi,High,With disability,Women,Health_services_access,26.270233487435753,%,Household_Survey,ok
2024,Armenia,Ararat,Vedi,High,With disability,Women,GBV_services_access,26.394702682922524,%,Household_Survey,ok
2024,Armenia,Ararat,Vedi,High,With disability,Women,Employment_rate,30.981787597078338,%,Household_Survey,ok
2024,Armenia,Ararat,Vedi,High,With disability,Women,Decision_making_participation,32.20694308923235,%,Administrative_Health_Reports,ok
2024,Armenia,Ararat,Vedi,High,With disability,Men,School_enrollment,35.50021716526375,%,Civic_Participation_Records,ok
2024,Armenia,Ararat,Vedi,High,With disability,Men,Health_services_access,,%,Labour_Force_Survey,missing_value
2024,Armenia,Ararat,Vedi,High,With disability,Men,GBV_services_access,28.27625206570221,%,Community_GBV_Monitoring,ok
2024,Armenia,Ararat,Vedi,High,With disability,Men,Employment_rate,32.1374175350394,%,Labour_Force_Survey,ok
2024,Armenia,Ararat,Vedi,High,With disability,Men,Decision_making_participation,33.23828978190083,%,Administrative_Health_Reports,ok
2020,Armenia,Ararat,Artashat,Low,No disability,Women,School_enrollment,26.54704891480808,%,Household_Survey,ok
2020,Armenia,Ararat,Artashat,Low,No disability,Women,Health_services_access,30.250952219010962,%,Labour_Force_Survey,ok
2020,Armenia,Ararat,Artashat,Low,No disability,Women,GBV_services_access,28.03392650955125,%,Community_GBV_Monitoring,ok
2020,Armenia,Ararat,Artashat,Low,No disability,Women,Employment_rate,19.914355758057305,%,Administrative_Health_Reports,ok
2020,Armenia,Ararat,Artashat,Low,No disability,Women,Decision_making_participation,25.31811653173764,%,Household_Survey,ok
2020,Armenia,Ararat,Artashat,Low,No disability,Men,School_enrollment,30.67714003869723,%,Household_Survey,ok
2020,Armenia,Ararat,Artashat,Low,No disability,Men,Health_services_access,30.820502534976686,%,Administrative_Health_Reports,ok
2020,Armenia,Ararat,Artashat,Low,No disability,Men,GBV_services_access,34.92397018213264,%,Administrative_Health_Reports,ok
2020,Armenia,Ararat,Artashat,Low,No disability,Men,Employment_rate,32.376823674213576,%,Civic_Participation_Records,ok
2020,Armenia,Ararat,Artashat,Low,No disability,Men,Decision_making_participation,31.43611018037401,%,Administrative_Health_Reports,ok
2020,Armenia,Ararat,Artashat,Low,With disability,Women,School_enrollment,8.752343918758502,%,Labour_Force_Survey,ok
2020,Armenia,Ararat,Artashat,Low,With disability,Women,Health_services_access,7.450131108324249,%,Labour_Force_Survey,ok
2020,Armenia,Ararat,Artashat,Low,With disability,Women,GBV_services_access,,%,Civic_Participation_Records,missing_value
2020,Armenia,Ararat,Artashat,Low,With disability,Women,Employment_rate,8.586021857758674,%,Administrative_Health_Reports,ok
2020,Armenia,Ararat,Artashat,Low,With disability,Women,Decision_making_participation,11.031568231824213,%,Civic_Participation_Records,ok
2020,Armenia,Ararat,Artashat,Low,With disability,Men,School_enrollment,16.731898754618314,%,Household_Survey,ok
2020,Armenia,Ararat,Artashat,Low,With disability,Men,Health_services_access,9.277792641246652,%,Civic_Participation_Records,ok
2020,Armenia,Ararat,Artashat,Low,With disability,Men,GBV_services_access,6.028092551444794,%,Labour_Force_Survey,ok
2020,Armenia,Ararat,Artashat,Low,With disability,Men,Employment_rate,9.896796845039795,%,Community_GBV_Monitoring,ok
2020,Armenia,Ararat,Artashat,Low,With disability,Men,Decision_making_participation,14.282076532727764,%,Administrative_Health_Reports,ok
2020,Armenia,Ararat,Artashat,Middle,No disability,Women,School_enrollment,46.346227320785786,%,Community_GBV_Monitoring,ok
2020,Armenia,Ararat,Artashat,Middle,No disability,Women,Health_services_access,45.115636974352824,%,Administrative_Health_Reports,ok
2020,Armenia,Ararat,Artashat,Middle,No disability,Women,GBV_services_access,,%,Civic_Participation_Records,missing_value
2020,Armenia,Ararat,Artashat,Middle,No disability,Women,Employment_rate,44.22912232208757,%,Community_GBV_Monitoring,ok
2020,Armenia,Ararat,Artashat,Middle,No disability,Women,Decision_making_participation,47.71139289290181,%,Community_GBV_Monitoring,ok
2020,Armenia,Ararat,Artashat,Middle,No disability,Men,School_enrollment,44.319896499149216,%,Civic_Participation_Records,ok
2020,Armenia,Ararat,Artashat,Middle,No disability,Men,Health_services_access,47.82134378232996,%,Administrative_Health_Reports,ok
2020,Armenia,Ararat,Artashat,Middle,No disability,Men,GBV_services_access,44.471837969307536,%,Civic_Participation_Records,ok
2020,Armenia,Ararat,Artashat,Middle,No disability,Men,Employment_rate,53.02821755622809,%,Community_GBV_Monitoring,ok
2020,Armenia,Ararat,Artashat,Middle,No disability,Men,Decision_making_participation,45.05106793638829,%,Labour_Force_Survey,ok
2020,Armenia,Ararat,Artashat,Middle,With disability,Women,School_enrollment,26.396641498602666,%,Civic_Participation_Records,ok
2020,Armenia,Ararat,Artashat,Middle,With disability,Women,Health_services_access,21.789949417398635,%,Community_GBV_Monitoring,ok
2020,Armenia,Ararat,Artashat,Middle,With disability,Women,GBV_services_access,21.778093981242368,%,Community_GBV_Monitoring,ok
2020,Armenia,Ararat,Artashat,Middle,With disability,Women,Employment_rate,29.420094524079175,%,Civic_Participation_Records,ok
2020,Armenia,Ararat,Artashat,Middle,With disability,Women,Decision_making_participation,27.353061530036,%,Civic_Participation_Records,ok
2020,Armenia,Ararat,Artashat,Middle,With disability,Men,School_enrollment,28.043370705440594,%,Labour_Force_Survey,ok
2020,Armenia,Ararat,Artashat,Middle,With disability,Men,Health_services_access,29.301370940822174,%,Labour_Force_Survey,ok
2020,Armenia,Ararat,Artashat,Middle,With disability,Men,GBV_services_access,,%,Household_Survey,missing_value
2020,Armenia,Ararat,Artashat,Middle,With disability,Men,Employment_rate,31.07999037197988,%,Household_Survey,ok
2020,Armenia,Ararat,Artashat,Middle,With disability,Men,Decision_making_participation,,%,Administrative_Health_Reports,missing_value
2020,Armenia,Ararat,Artashat,High,No disability,Women,School_enrollment,51.1119634416929,%,Civic_Participation_Records,ok
2020,Armenia,Ararat,Artashat,High,No disability,Women,Health_services_access,49.17423919705539,%,Administrative_Health_Reports,ok
2020,Armenia,Ararat,Artashat,High,No disability,Women,GBV_services_access,49.89069446936393,%,Community_GBV_Monitoring,ok
2020,Armenia,Ararat,Artashat,High,No disability,Women,Employment_rate,47.35779038223033,%,Household_Survey,ok
2020,Armenia,Ararat,Artashat,High,No disability,Women,Decision_making_participation,45.603129133249624,%,Labour_Force_Survey,ok
2020,Armenia,Ararat,Artashat,High,No disability,Men,School_enrollment,54.99286099791052,%,Civic_Participation_Records,ok
2020,Armenia,Ararat,Artashat,High,No disability,Men,Health_services_access,52.76655740674835,%,Labour_Force_Survey,ok
2020,Armenia,Ararat,Artashat,High,No disability,Men,GBV_services_access,56.391979572861516,%,Labour_Force_Survey,ok
2020,Armenia,Ararat,Artashat,High,No disability,Men,Employment_rate,53.436796624510336,%,Labour_Force_Survey,ok
2020,Armenia,Ararat,Artashat,High,No disability,Men,Decision_making_participation,54.09363763535148,%,Civic_Participation_Records,ok
2020,Armenia,Ararat,Artashat,High,With disability,Women,School_enrollment,,%,Community_GBV_Monitoring,missing_value
2020,Armenia,Ararat,Artashat,High,With disability,Women,Health_services_access,23.778619287352896,%,Labour_Force_Survey,ok
2020,Armenia,Ararat,Artashat,High,With disability,Women,GBV_services_access,25.986775356226104,%,Labour_Force_Survey,ok
2020,Armenia,Ararat,Artashat,High,With disability,Women,Employment_rate,28.76514510094641,%,Household_Survey,ok
2020,Armenia,Ararat,Artashat,High,With disability,Women,Decision_making_participation,29.944114003584474,%,Community_GBV_Monitoring,ok
2020,Armenia,Ararat,Artashat,High,With disability,Men,School_enrollment,31.45447774235047,%,Labour_Force_Survey,ok
2020,Armenia,Ararat,Artashat,High,With disability,Men,Health_services_access,32.42054994292346,%,Household_Survey,ok
2020,Armenia,Ararat,Artashat,High,With disability,Men,GBV_services_access,34.672216983964674,%,Civic_Participation_Records,ok
2020,Armenia,Ararat,Artashat,High,With disability,Men,Employment_rate,33.562623106785395,%,Community_GBV_Monitoring,ok
2020,Armenia,Ararat,Artashat,High,With disability,Men,Decision_making_participation,,%,Civic_Participation_Records,missing_value
2021,Armenia,Ararat,Artashat,Low,No disability,Women,School_enrollment,30.98907386658615,%,Labour_Force_Survey,ok
2021,Armenia,Ararat,Artashat,Low,No disability,Women,Health_services_access,27.60315263498536,%,Household_Survey,ok
2021,Armenia,Ararat,Artashat,Low,No disability,Women,GBV_services_access,25.158241317950296,%,Administrative_Health_Reports,ok
2021,Armenia,Ararat,Artashat,Low,No disability,Women,Employment_rate,19.204746468256566,%,Civic_Participation_Records,ok
2021,Armenia,Ararat,Artashat,Low,No disability,Women,Decision_making_participation,22.683696879902584,%,Labour_Force_Survey,ok
2021,Armenia,Ararat,Artashat,Low,No disability,Men,School_enrollment,24.53871629170266,%,Household_Survey,ok
2021,Armenia,Ararat,Artashat,Low,No disability,Men,Health_services_access,,%,Labour_Force_Survey,missing_value
2021,Armenia,Ararat,Artashat,Low,No disability,Men,GBV_services_access,32.86244190287143,%,Labour_Force_Survey,ok
2021,Armenia,Ararat,Artashat,Low,No disability,Men,Employment_rate,29.394242899331953,%,Household_Survey,ok
2021,Armenia,Ararat,Artashat,Low,No disability,Men,Decision_making_participation,33.62247231565757,%,Civic_Participation_Records,ok
2021,Armenia,Ararat,Artashat,Low,With disability,Women,School_enrollment,,%,Labour_Force_Survey,missing_value
2021,Armenia,Ararat,Artashat,Low,With disability,Women,Health_services_access,,%,Labour_Force_Survey,missing_value
2021,Armenia,Ararat,Artashat,Low,With disability,Women,GBV_services_access,4.276364536023208,%,Household_Survey,ok
2021,Armenia,Ararat,Artashat,Low,With disability,Women,Employment_rate,11.394156405467063,%,Community_GBV_Monitoring,ok
2021,Armenia,Ararat,Artashat,Low,With disability,Women,Decision_making_participation,11.77811502974309,%,Labour_Force_Survey,ok
2021,Armenia,Ararat,Artashat,Low,With disability,Men,School_enrollment,12.906654531949057,%,Administrative_Health_Reports,ok
2021,Armenia,Ararat,Artashat,Low,With disability,Men,Health_services_access,7.120109507504408,%,Administrative_Health_Reports,ok
2021,Armenia,Ararat,Artashat,Low,With disability,Men,GBV_services_access,8.936593211324537,%,Administrative_Health_Reports,ok
2021,Armenia,Ararat,Artashat,Low,With disability,Men,Employment_rate,,%,Labour_Force_Survey,missing_value
2021,Armenia,Ararat,Artashat,Low,With disability,Men,Decision_making_participation,15.85564389749047,%,Community_GBV_Monitoring,ok
2021,Armenia,Ararat,Artashat,Middle,No disability,Women,School_enrollment,43.2238911182692,%,Administrative_Health_Reports,ok
2021,Armenia,Ararat,Artashat,Middle,No disability,Women,Health_services_access,44.07794923882278,%,Labour_Force_Survey,ok
2021,Armenia,Ararat,Artashat,Middle,No disability,Women,GBV_services_access,46.258980685976894,%,Labour_Force_Survey,ok
2021,Armenia,Ararat,Artashat,Middle,No disability,Women,Employment_rate,43.37119765667425,%,Administrative_Health_Reports,ok
2021,Armenia,Ararat,Artashat,Middle,No disability,Women,Decision_making_participation,47.609127991865996,%,Community_GBV_Monitoring,ok
2021,Armenia,Ararat,Artashat,Middle,No disability,Men,School_enrollment,44.617235602382564,%,Household_Survey,ok
2021,Armenia,Ararat,Artashat,Middle,No disability,Men,Health_services_access,50.13049171191386,%,Labour_Force_Survey,ok
2021,Armenia,Ararat,Artashat,Middle,No disability,Men,GBV_services_access,47.61200214652754,%,Civic_Participation_Records,ok
2021,Armenia,Ararat,Artashat,Middle,No disability,Men,Employment_rate,48.517053655502686,%,Household_Survey,ok
2021,Armenia,Ararat,Artashat,Middle,No disability,Men,Decision_making_participation,49.41391156294807,%,Civic_Participation_Records,ok
2021,Armenia,Ararat,Artashat,Middle,With disability,Women,School_enrollment,,%,Community_GBV_Monitoring,missing_value
2021,Armenia,Ararat,Artashat,Middle,With disability,Women,Health_services_access,18.494655728662025,%,Community_GBV_Monitoring,ok
2021,Armenia,Ararat,Artashat,Middle,With disability,Women,GBV_services_access,25.118562725902777,%,Household_Survey,ok
2021,Armenia,Ararat,Artashat,Middle,With disability,Women,Employment_rate,27.92823875395521,%,Household_Survey,ok
2021,Armenia,Ararat,Artashat,Middle,With disability,Women,Decision_making_participation,24.40884835762196,%,Community_GBV_Monitoring,ok
2021,Armenia,Ararat,Artashat,Middle,With disability,Men,School_enrollment,35.191714482606166,%,Civic_Participation_Records,ok
2021,Armenia,Ararat,Artashat,Middle,With disability,Men,Health_services_access,25.09934899637943,%,Civic_Participation_Records,ok
2021,Armenia,Ararat,Artashat,Middle,With disability,Men,GBV_services_access,23.175799768604122,%,Civic_Participation_Records,ok
2021,Armenia,Ararat,Artashat,Middle,With disability,Men,Employment_rate,31.2926011225318,%,Community_GBV_Monitoring,ok
2021,Armenia,Ararat,Artashat,Middle,With disability,Men,Decision_making_participation,26.80374696109435,%,Community_GBV_Monitoring,ok
2021,Armenia,Ararat,Artashat,High,No disability,Women,School_enrollment,46.11436302106032,%,Community_GBV_Monitoring,ok
2021,Armenia,Ararat,Artashat,High,No disability,Women,Health_services_access,49.15551384838953,%,Administrative_Health_Reports,ok
2021,Armenia,Ararat,Artashat,High,No disability,Women,GBV_services_access,51.24359444697383,%,Administrative_Health_Reports,ok
2021,Armenia,Ararat,Artashat,High,No disability,Women,Employment_rate,46.666261549363654,%,Administrative_Health_Reports,ok
2021,Armenia,Ararat,Artashat,High,No disability,Women,Decision_making_participation,52.32115985085335,%,Civic_Participation_Records,ok
2021,Armenia,Ararat,Artashat,High,No disability,Men,School_enrollment,52.75655008997381,%,Community_GBV_Monitoring,ok
2021,Armenia,Ararat,Artashat,High,No disability,Men,Health_services_access,53.97801430214473,%,Labour_Force_Survey,ok
2021,Armenia,Ararat,Artashat,High,No disability,Men,GBV_services_access,49.92308272902842,%,Civic_Participation_Records,ok
2021,Armenia,Ararat,Artashat,High,No disability,Men,Employment_rate,53.030977396602964,%,Community_GBV_Monitoring,ok
2021,Armenia,Ararat,Artashat,High,No disability,Men,Decision_making_participation,52.303082400687956,%,Civic_Participation_Records,ok
2021,Armenia,Ararat,Artashat,High,With disability,Women,School_enrollment,28.26646233208768,%,Labour_Force_Survey,ok
2021,Armenia,Ararat,Artashat,High,With disability,Women,Health_services_access,26.36868560317366,%,Community_GBV_Monitoring,ok
2021,Armenia,Ararat,Artashat,High,With disability,Women,GBV_services_access,31.340444189504844,%,Civic_Participation_Records,ok
2021,Armenia,Ararat,Artashat,High,With disability,Women,Employment_rate,32.45124639406951,%,Community_GBV_Monitoring,ok
2021,Armenia,Ararat,Artashat,High,With disability,Women,Decision_making_participation,30.24088898363814,%,Community_GBV_Monitoring,ok
2021,Armenia,Ararat,Artashat,High,With disability,Men,School_enrollment,35.0791963380354,%,Community_GBV_Monitoring,ok
2021,Armenia,Ararat,Artashat,High,With disability,Men,Health_services_access,29.87709192753368,%,Labour_Force_Survey,ok
2021,Armenia,Ararat,Artashat,High,With disability,Men,GBV_services_access,31.393092717654536,%,Civic_Participation_Records,ok
2021,Armenia,Ararat,Artashat,High,With disability,Men,Employment_rate,33.80117725856766,%,Labour_Force_Survey,ok
2021,Armenia,Ararat,Artashat,High,With disability,Men,Decision_making_participation,34.08420877604482,%,Labour_Force_Survey,ok
2022,Armenia,Ararat,Artashat,Low,No disability,Women,School_enrollment,32.754887704375705,%,Administrative_Health_Reports,ok
2022,Armenia,Ararat,Artashat,Low,No disability,Women,Health_services_access,26.361829392482285,%,Labour_Force_Survey,ok
2022,Armenia,Ararat,Artashat,Low,No disability,Women,GBV_services_access,27.566346133726046,%,Administrative_Health_Reports,ok
2022,Armenia,Ararat,Artashat,Low,No disability,Women,Employment_rate,22.755598237160978,%,Administrative_Health_Reports,ok
2022,Armenia,Ararat,Artashat,Low,No disability,Women,Decision_making_participation,29.736418641371035,%,Labour_Force_Survey,ok
2022,Armenia,Ararat,Artashat,Low,No disability,Men,School_enrollment,31.65472793945402,%,Administrative_Health_Reports,ok
2022,Armenia,Ararat,Artashat,Low,No disability,Men,Health_services_access,,%,Household_Survey,missing_value
2022,Armenia,Ararat,Artashat,Low,No disability,Men,GBV_services_access,28.41598669662319,%,Labour_Force_Survey,ok
2022,Armenia,Ararat,Artashat,Low,No disability,Men,Employment_rate,27.880424470158665,%,Household_Survey,ok
2022,Armenia,Ararat,Artashat,Low,No disability,Men,Decision_making_participation,,%,Civic_Participation_Records,missing_value
2022,Armenia,Ararat,Artashat,Low,With disability,Women,School_enrollment,9.5348709081884,%,Civic_Participation_Records,ok
2022,Armenia,Ararat,Artashat,Low,With disability,Women,Health_services_access,4.494796942676658,%,Labour_Force_Survey,ok
2022,Armenia,Ararat,Artashat,Low,With disability,Women,GBV_services_access,7.178991817480057,%,Household_Survey,ok
2022,Armenia,Ararat,Artashat,Low,With disability,Women,Employment_rate,9.314577325947056,%,Administrative_Health_Reports,ok
2022,Armenia,Ararat,Artashat,Low,With disability,Women,Decision_making_participation,14.343644171994232,%,Civic_Participation_Records,ok
2022,Armenia,Ararat,Artashat,Low,With disability,Men,School_enrollment,16.26122199393467,%,Community_GBV_Monitoring,ok
2022,Armenia,Ararat,Artashat,Low,With disability,Men,Health_services_access,7.147102685731518,%,Community_GBV_Monitoring,ok
2022,Armenia,Ararat,Artashat,Low,With disability,Men,GBV_services_access,14.751176259912459,%,Household_Survey,ok
2022,Armenia,Ararat,Artashat,Low,With disability,Men,Employment_rate,,%,Civic_Participation_Records,missing_value
2022,Armenia,Ararat,Artashat,Low,With disability,Men,Decision_making_participation,19.921781334649932,%,Administrative_Health_Reports,ok
2022,Armenia,Ararat,Artashat,Middle,No disability,Women,School_enrollment,40.97038841963777,%,Labour_Force_Survey,ok
2022,Armenia,Ararat,Artashat,Middle,No disability,Women,Health_services_access,39.58142838186377,%,Household_Survey,ok
2022,Armenia,Ararat,Artashat,Middle,No disability,Women,GBV_services_access,46.488078460187864,%,Community_GBV_Monitoring,ok
2022,Armenia,Ararat,Artashat,Middle,No disability,Women,Employment_rate,40.146881422624645,%,Civic_Participation_Records,ok
2022,Armenia,Ararat,Artashat,Middle,No disability,Women,Decision_making_participation,43.516301327212126,%,Household_Survey,ok
2022,Armenia,Ararat,Artashat,Middle,No disability,Men,School_enrollment,47.40001296024378,%,Household_Survey,ok
2022,Armenia,Ararat,Artashat,Middle,No disability,Men,Health_services_access,45.009675174863084,%,Civic_Participation_Records,ok
2022,Armenia,Ararat,Artashat,Middle,No disability,Men,GBV_services_access,50.15073605450884,%,Community_GBV_Monitoring,ok
2022,Armenia,Ararat,Artashat,Middle,No disability,Men,Employment_rate,46.27131154870395,%,Civic_Participation_Records,ok
2022,Armenia,Ararat,Artashat,Middle,No disability,Men,Decision_making_participation,49.11772002469079,%,Household_Survey,ok
2022,Armenia,Ararat,Artashat,Middle,With disability,Women,School_enrollment,27.204546051140557,%,Civic_Participation_Records,ok
2022,Armenia,Ararat,Artashat,Middle,With disability,Women,Health_services_access,22.82867583873698,%,Administrative_Health_Reports,ok
2022,Armenia,Ararat,Artashat,Middle,With disability,Women,GBV_services_access,19.190072926125993,%,Administrative_Health_Reports,ok
2022,Armenia,Ararat,Artashat,Middle,With disability,Women,Employment_rate,28.83261695172977,%,Civic_Participation_Records,ok
2022,Armenia,Ararat,Artashat,Middle,With disability,Women,Decision_making_participation,24.95830939792514,%,Civic_Participation_Records,ok
2022,Armenia,Ararat,Artashat,Middle,With disability,Men,School_enrollment,27.13009803454161,%,Administrative_Health_Reports,ok
2022,Armenia,Ararat,Artashat,Middle,With disability,Men,Health_services_access,29.60224562534551,%,Labour_Force_Survey,ok
2022,Armenia,Ararat,Artashat,Middle,With disability,Men,GBV_services_access,24.390041703379904,%,Labour_Force_Survey,ok
2022,Armenia,Ararat,Artashat,Middle,With disability,Men,Employment_rate,32.14536332393637,%,Labour_Force_Survey,ok
2022,Armenia,Ararat,Artashat,Middle,With disability,Men,Decision_making_participation,27.032177593753097,%,Community_GBV_Monitoring,ok
2022,Armenia,Ararat,Artashat,High,No disability,Women,School_enrollment,49.45157535865649,%,Labour_Force_Survey,ok
2022,Armenia,Ararat,Artashat,High,No disability,Women,Health_services_access,50.78240653004878,%,Labour_Force_Survey,ok
2022,Armenia,Ararat,Artashat,High,No disability,Women,GBV_services_access,51.71362008048302,%,Labour_Force_Survey,ok
2022,Armenia,Ararat,Artashat,High,No disability,Women,Employment_rate,45.89180382475126,%,Household_Survey,ok
2022,Armenia,Ararat,Artashat,High,No disability,Women,Decision_making_participation,44.762155569446335,%,Household_Survey,ok
2022,Armenia,Ararat,Artashat,High,No disability,Men,School_enrollment,52.09759208992809,%,Labour_Force_Survey,ok
2022,Armenia,Ararat,Artashat,High,No disability,Men,Health_services_access,56.65106582792834,%,Administrative_Health_Reports,ok
2022,Armenia,Ararat,Artashat,High,No disability,Men,GBV_services_access,52.41832988141068,%,Labour_Force_Survey,ok
2022,Armenia,Ararat,Artashat,High,No disability,Men,Employment_rate,51.52349957782812,%,Civic_Participation_Records,ok
2022,Armenia,Ararat,Artashat,High,No disability,Men,Decision_making_participation,54.82266583296337,%,Civic_Participation_Records,ok
2022,Armenia,Ararat,Artashat,High,With disability,Women,School_enrollment,30.0381924320905,%,Administrative_Health_Reports,ok
2022,Armenia,Ararat,Artashat,High,With disability,Women,Health_services_access,21.152313674698323,%,Household_Survey,ok
2022,Armenia,Ararat,Artashat,High,With disability,Women,GBV_services_access,27.830876202418633,%,Labour_Force_Survey,ok
2022,Armenia,Ararat,Artashat,High,With disability,Women,Employment_rate,27.32405419738626,%,Administrative_Health_Reports,ok
2022,Armenia,Ararat,Artashat,High,With disability,Women,Decision_making_participation,34.52522160465239,%,Labour_Force_Survey,ok
2022,Armenia,Ararat,Artashat,High,With disability,Men,School_enrollment,29.590999364367274,%,Civic_Participation_Records,ok
2022,Armenia,Ararat,Artashat,High,With disability,Men,Health_services_access,,%,Household_Survey,missing_value
2022,Armenia,Ararat,Artashat,High,With disability,Men,GBV_services_access,27.20595307712984,%,Community_GBV_Monitoring,ok
2022,Armenia,Ararat,Artashat,High,With disability,Men,Employment_rate,32.00800441194787,%,Household_Survey,ok
2022,Armenia,Ararat,Artashat,High,With disability,Men,Decision_making_participation,33.69636029240104,%,Labour_Force_Survey,ok
2023,Armenia,Ararat,Artashat,Low,No disability,Women,School_enrollment,29.21457579848285,%,Labour_Force_Survey,ok
2023,Armenia,Ararat,Artashat,Low,No disability,Women,Health_services_access,26.282015912494575,%,Administrative_Health_Reports,ok
2023,Armenia,Ararat,Artashat,Low,No disability,Women,GBV_services_access,27.34682110881872,%,Administrative_Health_Reports,ok
2023,Armenia,Ararat,Artashat,Low,No disability,Women,Employment_rate,,%,Household_Survey,missing_value
2023,Armenia,Ararat,Artashat,Low,No disability,Women,Decision_making_participation,27.118478342654548,%,Civic_Participation_Records,ok
2023,Armenia,Ararat,Artashat,Low,No disability,Men,School_enrollment,32.85005860333435,%,Labour_Force_Survey,ok
2023,Armenia,Ararat,Artashat,Low,No disability,Men,Health_services_access,32.54553537926956,%,Labour_Force_Survey,ok
2023,Armenia,Ararat,Artashat,Low,No disability,Men,GBV_services_access,33.08567325126366,%,Administrative_Health_Reports,ok
2023,Armenia,Ararat,Artashat,Low,No disability,Men,Employment_rate,26.069500754088196,%,Community_GBV_Monitoring,ok
2023,Armenia,Ararat,Artashat,Low,No disability,Men,Decision_making_participation,32.541880182855856,%,Household_Survey,ok
2023,Armenia,Ararat,Artashat,Low,With disability,Women,School_enrollment,9.362149589165657,%,Labour_Force_Survey,ok
2023,Armenia,Ararat,Artashat,Low,With disability,Women,Health_services_access,6.514601163667978,%,Administrative_Health_Reports,ok
2023,Armenia,Ararat,Artashat,Low,With disability,Women,GBV_services_access,4.190831720947558,%,Community_GBV_Monitoring,ok
2023,Armenia,Ararat,Artashat,Low,With disability,Women,Employment_rate,4.574028305248799,%,Civic_Participation_Records,ok
2023,Armenia,Ararat,Artashat,Low,With disability,Women,Decision_making_participation,8.915824427850792,%,Administrative_Health_Reports,ok
2023,Armenia,Ararat,Artashat,Low,With disability,Men,School_enrollment,17.634036038926237,%,Household_Survey,ok
2023,Armenia,Ararat,Artashat,Low,With disability,Men,Health_services_access,,%,Household_Survey,missing_value
2023,Armenia,Ararat,Artashat,Low,With disability,Men,GBV_services_access,8.24321417205651,%,Household_Survey,ok
2023,Armenia,Ararat,Artashat,Low,With disability,Men,Employment_rate,12.945106233014092,%,Administrative_Health_Reports,ok
2023,Armenia,Ararat,Artashat,Low,With disability,Men,Decision_making_participation,15.875916849990016,%,Household_Survey,ok
2023,Armenia,Ararat,Artashat,Middle,No disability,Women,School_enrollment,49.53941292678298,%,Administrative_Health_Reports,ok
2023,Armenia,Ararat,Artashat,Middle,No disability,Women,Health_services_access,40.81629433911946,%,Administrative_Health_Reports,ok
2023,Armenia,Ararat,Artashat,Middle,No disability,Women,GBV_services_access,43.30914395762102,%,Administrative_Health_Reports,ok
2023,Armenia,Ararat,Artashat,Middle,No disability,Women,Employment_rate,47.88509820684429,%,Civic_Participation_Records,ok
2023,Armenia,Ararat,Artashat,Middle,No disability,Women,Decision_making_participation,45.57137688609776,%,Administrative_Health_Reports,ok
2023,Armenia,Ararat,Artashat,Middle,No disability,Men,School_enrollment,46.07480875296188,%,Labour_Force_Survey,ok
2023,Armenia,Ararat,Artashat,Middle,No disability,Men,Health_services_access,47.55283088727146,%,Labour_Force_Survey,ok
2023,Armenia,Ararat,Artashat,Middle,No disability,Men,GBV_services_access,46.95586822227229,%,Community_GBV_Monitoring,ok
2023,Armenia,Ararat,Artashat,Middle,No disability,Men,Employment_rate,45.24870908761084,%,Administrative_Health_Reports,ok
2023,Armenia,Ararat,Artashat,Middle,No disability,Men,Decision_making_participation,48.51246384234716,%,Administrative_Health_Reports,ok
2023,Armenia,Ararat,Artashat,Middle,With disability,Women,School_enrollment,24.61857835443063,%,Household_Survey,ok
2023,Armenia,Ararat,Artashat,Middle,With disability,Women,Health_services_access,20.261756944486816,%,Administrative_Health_Reports,ok
2023,Armenia,Ararat,Artashat,Middle,With disability,Women,GBV_services_access,23.682820779266876,%,Household_Survey,ok
2023,Armenia,Ararat,Artashat,Middle,With disability,Women,Employment_rate,25.438145677453775,%,Administrative_Health_Reports,ok
2023,Armenia,Ararat,Artashat,Middle,With disability,Women,Decision_making_participation,,%,Community_GBV_Monitoring,missing_value
2023,Armenia,Ararat,Artashat,Middle,With disability,Men,School_enrollment,26.74004721887395,%,Civic_Participation_Records,ok
2023,Armenia,Ararat,Artashat,Middle,With disability,Men,Health_services_access,25.39422683642864,%,Labour_Force_Survey,ok
2023,Armenia,Ararat,Artashat,Middle,With disability,Men,GBV_services_access,21.65623608016439,%,Household_Survey,ok
2023,Armenia,Ararat,Artashat,Middle,With disability,Men,Employment_rate,29.360722469685783,%,Labour_Force_Survey,ok
2023,Armenia,Ararat,Artashat,Middle,With disability,Men,Decision_making_participation,31.964240033260438,%,Community_GBV_Monitoring,ok
2023,Armenia,Ararat,Artashat,High,No disability,Women,School_enrollment,45.64401504999944,%,Labour_Force_Survey,ok
2023,Armenia,Ararat,Artashat,High,No disability,Women,Health_services_access,47.86911229111322,%,Household_Survey,ok
2023,Armenia,Ararat,Artashat,High,No disability,Women,GBV_services_access,54.93885617075087,%,Community_GBV_Monitoring,ok
2023,Armenia,Ararat,Artashat,High,No disability,Women,Employment_rate,47.955087856296934,%,Administrative_Health_Reports,ok
2023,Armenia,Ararat,Artashat,High,No disability,Women,Decision_making_participation,47.22894332387724,%,Community_GBV_Monitoring,ok
2023,Armenia,Ararat,Artashat,High,No disability,Men,School_enrollment,57.7194101881531,%,Civic_Participation_Records,ok
2023,Armenia,Ararat,Artashat,High,No disability,Men,Health_services_access,61.60462076750465,%,Civic_Participation_Records,ok
2023,Armenia,Ararat,Artashat,High,No disability,Men,GBV_services_access,57.48322509557585,%,Community_GBV_Monitoring,ok
2023,Armenia,Ararat,Artashat,High,No disability,Men,Employment_rate,56.37008033113328,%,Community_GBV_Monitoring,ok
2023,Armenia,Ararat,Artashat,High,No disability,Men,Decision_making_participation,51.811960377077085,%,Community_GBV_Monitoring,ok
2023,Armenia,Ararat,Artashat,High,With disability,Women,School_enrollment,30.05060292186188,%,Labour_Force_Survey,ok
2023,Armenia,Ararat,Artashat,High,With disability,Women,Health_services_access,26.36753062597445,%,Household_Survey,ok
2023,Armenia,Ararat,Artashat,High,With disability,Women,GBV_services_access,25.282876634982767,%,Household_Survey,ok
2023,Armenia,Ararat,Artashat,High,With disability,Women,Employment_rate,30.545726039111713,%,Labour_Force_Survey,ok
2023,Armenia,Ararat,Artashat,High,With disability,Women,Decision_making_participation,,%,Community_GBV_Monitoring,missing_value
2023,Armenia,Ararat,Artashat,High,With disability,Men,School_enrollment,38.82941825200084,%,Civic_Participation_Records,ok
2023,Armenia,Ararat,Artashat,High,With disability,Men,Health_services_access,32.45263953664098,%,Labour_Force_Survey,ok
2023,Armenia,Ararat,Artashat,High,With disability,Men,GBV_services_access,32.03272369055742,%,Civic_Participation_Records,ok
2023,Armenia,Ararat,Artashat,High,With disability,Men,Employment_rate,34.536804443504955,%,Community_GBV_Monitoring,ok
2023,Armenia,Ararat,Artashat,High,With disability,Men,Decision_making_participation,32.02353231261248,%,Labour_Force_Survey,ok
2024,Armenia,Ararat,Artashat,Low,No disability,Women,School_enrollment,27.106778403254527,%,Labour_Force_Survey,ok
2024,Armenia,Ararat,Artashat,Low,No disability,Women,Health_services_access,28.628963624690385,%,Administrative_Health_Reports,ok
2024,Armenia,Ararat,Artashat,Low,No disability,Women,GBV_services_access,28.005045736848505,%,Community_GBV_Monitoring,ok
2024,Armenia,Ararat,Artashat,Low,No disability,Women,Employment_rate,22.63362943093471,%,Labour_Force_Survey,ok
2024,Armenia,Ararat,Artashat,Low,No disability,Women,Decision_making_participation,31.832724555604436,%,Civic_Participation_Records,ok
2024,Armenia,Ararat,Artashat,Low,No disability,Men,School_enrollment,34.410998597155626,%,Labour_Force_Survey,ok
2024,Armenia,Ararat,Artashat,Low,No disability,Men,Health_services_access,31.716350581861807,%,Labour_Force_Survey,ok
2024,Armenia,Ararat,Artashat,Low,No disability,Men,GBV_services_access,29.801247377096203,%,Household_Survey,ok
2024,Armenia,Ararat,Artashat,Low,No disability,Men,Employment_rate,26.681792678031485,%,Administrative_Health_Reports,ok
2024,Armenia,Ararat,Artashat,Low,No disability,Men,Decision_making_participation,31.80394357264248,%,Civic_Participation_Records,ok
2024,Armenia,Ararat,Artashat,Low,With disability,Women,School_enrollment,9.07422533759571,%,Community_GBV_Monitoring,ok
2024,Armenia,Ararat,Artashat,Low,With disability,Women,Health_services_access,,%,Civic_Participation_Records,missing_value
2024,Armenia,Ararat,Artashat,Low,With disability,Women,GBV_services_access,,%,Household_Survey,missing_value
2024,Armenia,Ararat,Artashat,Low,With disability,Women,Employment_rate,5.577231959993841,%,Community_GBV_Monitoring,ok
2024,Armenia,Ararat,Artashat,Low,With disability,Women,Decision_making_participation,12.148048272958803,%,Labour_Force_Survey,ok
2024,Armenia,Ararat,Artashat,Low,With disability,Men,School_enrollment,13.621616388307022,%,Labour_Force_Survey,ok
2024,Armenia,Ararat,Artashat,Low,With disability,Men,Health_services_access,13.658454241630494,%,Community_GBV_Monitoring,ok
2024,Armenia,Ararat,Artashat,Low,With disability,Men,GBV_services_access,,%,Administrative_Health_Reports,missing_value
2024,Armenia,Ararat,Artashat,Low,With disability,Men,Employment_rate,,%,Administrative_Health_Reports,missing_value
2024,Armenia,Ararat,Artashat,Low,With disability,Men,Decision_making_participation,,%,Labour_Force_Survey,missing_value
2024,Armenia,Ararat,Artashat,Middle,No disability,Women,School_enrollment,43.158006130286005,%,Household_Survey,ok
2024,Armenia,Ararat,Artashat,Middle,No disability,Women,Health_services_access,43.09964282810275,%,Administrative_Health_Reports,ok
2024,Armenia,Ararat,Artashat,Middle,No disability,Women,GBV_services_access,43.17654723820567,%,Community_GBV_Monitoring,ok
2024,Armenia,Ararat,Artashat,Middle,No disability,Women,Employment_rate,46.07585552737838,%,Household_Survey,ok
2024,Armenia,Ararat,Artashat,Middle,No disability,Women,Decision_making_participation,41.201472825359254,%,Community_GBV_Monitoring,ok
2024,Armenia,Ararat,Artashat,Middle,No disability,Men,School_enrollment,49.37436428073129,%,Civic_Participation_Records,ok
2024,Armenia,Ararat,Artashat,Middle,No disability,Men,Health_services_access,50.50107053661739,%,Administrative_Health_Reports,ok
2024,Armenia,Ararat,Artashat,Middle,No disability,Men,GBV_services_access,50.11751502760156,%,Household_Survey,ok
2024,Armenia,Ararat,Artashat,Middle,No disability,Men,Employment_rate,50.18075930149993,%,Labour_Force_Survey,ok
2024,Armenia,Ararat,Artashat,Middle,No disability,Men,Decision_making_participation,48.38293250146635,%,Labour_Force_Survey,ok
2024,Armenia,Ararat,Artashat,Middle,With disability,Women,School_enrollment,19.964418175106946,%,Civic_Participation_Records,ok
2024,Armenia,Ararat,Artashat,Middle,With disability,Women,Health_services_access,,%,Administrative_Health_Reports,missing_value
2024,Armenia,Ararat,Artashat,Middle,With disability,Women,GBV_services_access,22.856504178951322,%,Household_Survey,ok
2024,Armenia,Ararat,Artashat,Middle,With disability,Women,Employment_rate,,%,Civic_Participation_Records,missing_value
2024,Armenia,Ararat,Artashat,Middle,With disability,Women,Decision_making_participation,26.652160301523967,%,Administrative_Health_Reports,ok
2024,Armenia,Ararat,Artashat,Middle,With disability,Men,School_enrollment,31.011723792387432,%,Household_Survey,ok
2024,Armenia,Ararat,Artashat,Middle,With disability,Men,Health_services_access,23.14720847030271,%,Labour_Force_Survey,ok
2024,Armenia,Ararat,Artashat,Middle,With disability,Men,GBV_services_access,24.57273638196791,%,Labour_Force_Survey,ok
2024,Armenia,Ararat,Artashat,Middle,With disability,Men,Employment_rate,,%,Administrative_Health_Reports,missing_value
2024,Armenia,Ararat,Artashat,Middle,With disability,Men,Decision_making_participation,29.956845014895976,%,Household_Survey,ok
2024,Armenia,Ararat,Artashat,High,No disability,Women,School_enrollment,51.30756720813473,%,Labour_Force_Survey,ok
2024,Armenia,Ararat,Artashat,High,No disability,Women,Health_services_access,48.009857359579996,%,Civic_Participation_Records,ok
2024,Armenia,Ararat,Artashat,High,No disability,Women,GBV_services_access,48.68941883209829,%,Household_Survey,ok
2024,Armenia,Ararat,Artashat,High,No disability,Women,Employment_rate,49.07717155348634,%,Labour_Force_Survey,ok
2024,Armenia,Ararat,Artashat,High,No disability,Women,Decision_making_participation,50.69103767587263,%,Labour_Force_Survey,ok
2024,Armenia,Ararat,Artashat,High,No disability,Men,School_enrollment,51.10672628955818,%,Civic_Participation_Records,ok
2024,Armenia,Ararat,Artashat,High,No disability,Men,Health_services_access,51.040148764921035,%,Administrative_Health_Reports,ok
2024,Armenia,Ararat,Artashat,High,No disability,Men,GBV_services_access,51.08314111727234,%,Administrative_Health_Reports,ok
2024,Armenia,Ararat,Artashat,High,No disability,Men,Employment_rate,51.25272704905923,%,Labour_Force_Survey,ok
2024,Armenia,Ararat,Artashat,High,No disability,Men,Decision_making_participation,54.47211133997089,%,Community_GBV_Monitoring,ok
2024,Armenia,Ararat,Artashat,High,With disability,Women,School_enrollment,29.764492085837933,%,Community_GBV_Monitoring,ok
2024,Armenia,Ararat,Artashat,High,With disability,Women,Health_services_access,24.519634447734948,%,Community_GBV_Monitoring,ok
2024,Armenia,Ararat,Artashat,High,With disability,Women,GBV_services_access,20.54690033369424,%,Labour_Force_Survey,ok
2024,Armenia,Ararat,Artashat,High,With disability,Women,Employment_rate,29.057018852597484,%,Household_Survey,ok
2024,Armenia,Ararat,Artashat,High,With disability,Women,Decision_making_participation,30.9145128293537,%,Community_GBV_Monitoring,ok
2024,Armenia,Ararat,Artashat,High,With disability,Men,School_enrollment,34.36608503043324,%,Household_Survey,ok
2024,Armenia,Ararat,Artashat,High,With disability,Men,Health_services_access,29.269466261763405,%,Administrative_Health_Reports,ok
2024,Armenia,Ararat,Artashat,High,With disability,Men,GBV_services_access,27.373718120825146,%,Household_Survey,ok
2024,Armenia,Ararat,Artashat,High,With disability,Men,Employment_rate,33.03337224209475,%,Administrative_Health_Reports,ok
2024,Armenia,Ararat,Artashat,High,With disability,Men,Decision_making_participation,32.22606311762799,%,Community_GBV_Monitoring,ok
2020,Armenia,Shirak,Gyumri,Low,No disability,Women,School_enrollment,29.675182287709784,%,Community_GBV_Monitoring,ok
2020,Armenia,Shirak,Gyumri,Low,No disability,Women,Health_services_access,30.5384133573385,%,Administrative_Health_Reports,ok
2020,Armenia,Shirak,Gyumri,Low,No disability,Women,GBV_services_access,29.4642472972594,%,Administrative_Health_Reports,ok
2020,Armenia,Shirak,Gyumri,Low,No disability,Women,Employment_rate,26.09411726726834,%,Household_Survey,ok
2020,Armenia,Shirak,Gyumri,Low,No disability,Women,Decision_making_participation,28.859841752097985,%,Civic_Participation_Records,ok
2020,Armenia,Shirak,Gyumri,Low,No disability,Men,School_enrollment,,%,Civic_Participation_Records,missing_value
2020,Armenia,Shirak,Gyumri,Low,No disability,Men,Health_services_access,32.13540084360344,%,Labour_Force_Survey,ok
2020,Armenia,Shirak,Gyumri,Low,No disability,Men,GBV_services_access,,%,Administrative_Health_Reports,missing_value
2020,Armenia,Shirak,Gyumri,Low,No disability,Men,Employment_rate,,%,Household_Survey,missing_value
2020,Armenia,Shirak,Gyumri,Low,No disability,Men,Decision_making_participation,33.156172480084436,%,Civic_Participation_Records,ok
2020,Armenia,Shirak,Gyumri,Low,With disability,Women,School_enrollment,12.622844072473544,%,Administrative_Health_Reports,ok
2020,Armenia,Shirak,Gyumri,Low,With disability,Women,Health_services_access,,%,Administrative_Health_Reports,missing_value
2020,Armenia,Shirak,Gyumri,Low,With disability,Women,GBV_services_access,8.070996341050998,%,Civic_Participation_Records,ok
2020,Armenia,Shirak,Gyumri,Low,With disability,Women,Employment_rate,8.491430087228123,%,Community_GBV_Monitoring,ok
2020,Armenia,Shirak,Gyumri,Low,With disability,Women,Decision_making_participation,11.294678178223798,%,Household_Survey,ok
2020,Armenia,Shirak,Gyumri,Low,With disability,Men,School_enrollment,14.158966228525347,%,Administrative_Health_Reports,ok
2020,Armenia,Shirak,Gyumri,Low,With disability,Men,Health_services_access,13.639257054782643,%,Administrative_Health_Reports,ok
2020,Armenia,Shirak,Gyumri,Low,With disability,Men,GBV_services_access,10.898556276568689,%,Administrative_Health_Reports,ok
2020,Armenia,Shirak,Gyumri,Low,With disability,Men,Employment_rate,,%,Household_Survey,missing_value
2020,Armenia,Shirak,Gyumri,Low,With disability,Men,Decision_making_participation,12.910936306754158,%,Civic_Participation_Records,ok
2020,Armenia,Shirak,Gyumri,Middle,No disability,Women,School_enrollment,,%,Administrative_Health_Reports,missing_value
2020,Armenia,Shirak,Gyumri,Middle,No disability,Women,Health_services_access,,%,Household_Survey,missing_value
2020,Armenia,Shirak,Gyumri,Middle,No disability,Women,GBV_services_access,47.2127132458384,%,Civic_Participation_Records,ok
2020,Armenia,Shirak,Gyumri,Middle,No disability,Women,Employment_rate,44.58241383871362,%,Household_Survey,ok
2020,Armenia,Shirak,Gyumri,Middle,No disability,Women,Decision_making_participation,43.989658620963,%,Community_GBV_Monitoring,ok
2020,Armenia,Shirak,Gyumri,Middle,No disability,Men,School_enrollment,49.03586386919859,%,Civic_Participation_Records,ok
2020,Armenia,Shirak,Gyumri,Middle,No disability,Men,Health_services_access,50.32361107181932,%,Household_Survey,ok
2020,Armenia,Shirak,Gyumri,Middle,No disability,Men,GBV_services_access,50.69753721356185,%,Household_Survey,ok
2020,Armenia,Shirak,Gyumri,Middle,No disability,Men,Employment_rate,43.49525252684779,%,Administrative_Health_Reports,ok
2020,Armenia,Shirak,Gyumri,Middle,No disability,Men,Decision_making_participation,46.029322452903635,%,Labour_Force_Survey,ok
2020,Armenia,Shirak,Gyumri,Middle,With disability,Women,School_enrollment,26.80335250710505,%,Civic_Participation_Records,ok
2020,Armenia,Shirak,Gyumri,Middle,With disability,Women,Health_services_access,,%,Household_Survey,missing_value
2020,Armenia,Shirak,Gyumri,Middle,With disability,Women,GBV_services_access,22.65449528501095,%,Administrative_Health_Reports,ok
2020,Armenia,Shirak,Gyumri,Middle,With disability,Women,Employment_rate,24.075809658570094,%,Community_GBV_Monitoring,ok
2020,Armenia,Shirak,Gyumri,Middle,With disability,Women,Decision_making_participation,,%,Community_GBV_Monitoring,missing_value
2020,Armenia,Shirak,Gyumri,Middle,With disability,Men,School_enrollment,31.285231472830247,%,Civic_Participation_Records,ok
2020,Armenia,Shirak,Gyumri,Middle,With disability,Men,Health_services_access,31.65245922491166,%,Household_Survey,ok
2020,Armenia,Shirak,Gyumri,Middle,With disability,Men,GBV_services_access,30.284910349976663,%,Civic_Participation_Records,ok
2020,Armenia,Shirak,Gyumri,Middle,With disability,Men,Employment_rate,32.707127395072554,%,Civic_Participation_Records,ok
2020,Armenia,Shirak,Gyumri,Middle,With disability,Men,Decision_making_participation,34.349518192158015,%,Civic_Participation_Records,ok
2020,Armenia,Shirak,Gyumri,High,No disability,Women,School_enrollment,50.4489124111775,%,Civic_Participation_Records,ok
2020,Armenia,Shirak,Gyumri,High,No disability,Women,Health_services_access,42.488928742650174,%,Household_Survey,ok
2020,Armenia,Shirak,Gyumri,High,No disability,Women,GBV_services_access,52.985356102956324,%,Household_Survey,ok
2020,Armenia,Shirak,Gyumri,High,No disability,Women,Employment_rate,51.75540074405827,%,Administrative_Health_Reports,ok
2020,Armenia,Shirak,Gyumri,High,No disability,Women,Decision_making_participation,54.54207549523248,%,Labour_Force_Survey,ok
2020,Armenia,Shirak,Gyumri,High,No disability,Men,School_enrollment,55.4579601208412,%,Civic_Participation_Records,ok
2020,Armenia,Shirak,Gyumri,High,No disability,Men,Health_services_access,57.71038388916525,%,Household_Survey,ok
2020,Armenia,Shirak,Gyumri,High,No disability,Men,GBV_services_access,56.45709970356411,%,Community_GBV_Monitoring,ok
2020,Armenia,Shirak,Gyumri,High,No disability,Men,Employment_rate,56.95049825510166,%,Household_Survey,ok
2020,Armenia,Shirak,Gyumri,High,No disability,Men,Decision_making_participation,54.15181282909809,%,Community_GBV_Monitoring,ok
2020,Armenia,Shirak,Gyumri,High,With disability,Women,School_enrollment,31.650591642780018,%,Community_GBV_Monitoring,ok
2020,Armenia,Shirak,Gyumri,High,With disability,Women,Health_services_access,29.850062379108042,%,Administrative_Health_Reports,ok
2020,Armenia,Shirak,Gyumri,High,With disability,Women,GBV_services_access,29.085393924239003,%,Household_Survey,ok
2020,Armenia,Shirak,Gyumri,High,With disability,Women,Employment_rate,34.263209768552265,%,Civic_Participation_Records,ok
2020,Armenia,Shirak,Gyumri,High,With disability,Women,Decision_making_participation,,%,Administrative_Health_Reports,missing_value
2020,Armenia,Shirak,Gyumri,High,With disability,Men,School_enrollment,34.799533753567246,%,Household_Survey,ok
2020,Armenia,Shirak,Gyumri,High,With disability,Men,Health_services_access,36.6973625370261,%,Labour_Force_Survey,ok
2020,Armenia,Shirak,Gyumri,High,With disability,Men,GBV_services_access,26.28565504335684,%,Labour_Force_Survey,ok
2020,Armenia,Shirak,Gyumri,High,With disability,Men,Employment_rate,36.17735716394675,%,Labour_Force_Survey,ok
2020,Armenia,Shirak,Gyumri,High,With disability,Men,Decision_making_participation,33.23053375982153,%,Household_Survey,ok
2021,Armenia,Shirak,Gyumri,Low,No disability,Women,School_enrollment,30.58997520511682,%,Civic_Participation_Records,ok
2021,Armenia,Shirak,Gyumri,Low,No disability,Women,Health_services_access,26.04447102494053,%,Civic_Participation_Records,ok
2021,Armenia,Shirak,Gyumri,Low,No disability,Women,GBV_services_access,25.64439875481427,%,Community_GBV_Monitoring,ok
2021,Armenia,Shirak,Gyumri,Low,No disability,Women,Employment_rate,23.83522298315468,%,Community_GBV_Monitoring,ok
2021,Armenia,Shirak,Gyumri,Low,No disability,Women,Decision_making_participation,24.521115468840563,%,Household_Survey,ok
2021,Armenia,Shirak,Gyumri,Low,No disability,Men,School_enrollment,31.624734688464287,%,Labour_Force_Survey,ok
2021,Armenia,Shirak,Gyumri,Low,No disability,Men,Health_services_access,32.67631104681075,%,Community_GBV_Monitoring,ok
2021,Armenia,Shirak,Gyumri,Low,No disability,Men,GBV_services_access,34.55435454329755,%,Labour_Force_Survey,ok
2021,Armenia,Shirak,Gyumri,Low,No disability,Men,Employment_rate,31.100647659537184,%,Administrative_Health_Reports,ok
2021,Armenia,Shirak,Gyumri,Low,No disability,Men,Decision_making_participation,37.634470424102496,%,Community_GBV_Monitoring,ok
2021,Armenia,Shirak,Gyumri,Low,With disability,Women,School_enrollment,,%,Household_Survey,missing_value
2021,Armenia,Shirak,Gyumri,Low,With disability,Women,Health_services_access,12.32875447286061,%,Administrative_Health_Reports,ok
2021,Armenia,Shirak,Gyumri,Low,With disability,Women,GBV_services_access,3.717556220517471,%,Civic_Participation_Records,ok
2021,Armenia,Shirak,Gyumri,Low,With disability,Women,Employment_rate,13.777706163379516,%,Labour_Force_Survey,ok
2021,Armenia,Shirak,Gyumri,Low,With disability,Women,Decision_making_participation,15.317852285687334,%,Administrative_Health_Reports,ok
2021,Armenia,Shirak,Gyumri,Low,With disability,Men,School_enrollment,11.232636325782341,%,Household_Survey,ok
2021,Armenia,Shirak,Gyumri,Low,With disability,Men,Health_services_access,11.79092520626223,%,Administrative_Health_Reports,ok
2021,Armenia,Shirak,Gyumri,Low,With disability,Men,GBV_services_access,9.656224900270713,%,Community_GBV_Monitoring,ok
2021,Armenia,Shirak,Gyumri,Low,With disability,Men,Employment_rate,13.370705095364837,%,Labour_Force_Survey,ok
2021,Armenia,Shirak,Gyumri,Low,With disability,Men,Decision_making_participation,,%,Civic_Participation_Records,missing_value
2021,Armenia,Shirak,Gyumri,Middle,No disability,Women,School_enrollment,46.501207844826816,%,Civic_Participation_Records,ok
2021,Armenia,Shirak,Gyumri,Middle,No disability,Women,Health_services_access,43.78363815522097,%,Household_Survey,ok
2021,Armenia,Shirak,Gyumri,Middle,No disability,Women,GBV_services_access,48.31210857308197,%,Civic_Participation_Records,ok
2021,Armenia,Shirak,Gyumri,Middle,No disability,Women,Employment_rate,42.311793885561606,%,Community_GBV_Monitoring,ok
2021,Armenia,Shirak,Gyumri,Middle,No disability,Women,Decision_making_participation,45.44458152246356,%,Administrative_Health_Reports,ok
2021,Armenia,Shirak,Gyumri,Middle,No disability,Men,School_enrollment,50.33810694109758,%,Administrative_Health_Reports,ok
2021,Armenia,Shirak,Gyumri,Middle,No disability,Men,Health_services_access,50.228993532749286,%,Household_Survey,ok
2021,Armenia,Shirak,Gyumri,Middle,No disability,Men,GBV_services_access,50.548370451759894,%,Civic_Participation_Records,ok
2021,Armenia,Shirak,Gyumri,Middle,No disability,Men,Employment_rate,48.155519948011204,%,Civic_Participation_Records,ok
2021,Armenia,Shirak,Gyumri,Middle,No disability,Men,Decision_making_participation,52.0511932294265,%,Household_Survey,ok
2021,Armenia,Shirak,Gyumri,Middle,With disability,Women,School_enrollment,24.81635529879857,%,Civic_Participation_Records,ok
2021,Armenia,Shirak,Gyumri,Middle,With disability,Women,Health_services_access,29.11304192475421,%,Administrative_Health_Reports,ok
2021,Armenia,Shirak,Gyumri,Middle,With disability,Women,GBV_services_access,19.460516798643212,%,Civic_Participation_Records,ok
2021,Armenia,Shirak,Gyumri,Middle,With disability,Women,Employment_rate,,%,Labour_Force_Survey,missing_value
2021,Armenia,Shirak,Gyumri,Middle,With disability,Women,Decision_making_participation,27.46023628862225,%,Labour_Force_Survey,ok
2021,Armenia,Shirak,Gyumri,Middle,With disability,Men,School_enrollment,25.849849018123987,%,Administrative_Health_Reports,ok
2021,Armenia,Shirak,Gyumri,Middle,With disability,Men,Health_services_access,29.632946253330225,%,Community_GBV_Monitoring,ok
2021,Armenia,Shirak,Gyumri,Middle,With disability,Men,GBV_services_access,30.161700769898967,%,Household_Survey,ok
2021,Armenia,Shirak,Gyumri,Middle,With disability,Men,Employment_rate,32.35917746363781,%,Household_Survey,ok
2021,Armenia,Shirak,Gyumri,Middle,With disability,Men,Decision_making_participation,,%,Community_GBV_Monitoring,missing_value
2021,Armenia,Shirak,Gyumri,High,No disability,Women,School_enrollment,50.63025460595553,%,Administrative_Health_Reports,ok
2021,Armenia,Shirak,Gyumri,High,No disability,Women,Health_services_access,54.29249986649399,%,Household_Survey,ok
2021,Armenia,Shirak,Gyumri,High,No disability,Women,GBV_services_access,,%,Labour_Force_Survey,missing_value
2021,Armenia,Shirak,Gyumri,High,No disability,Women,Employment_rate,46.95041396020035,%,Administrative_Health_Reports,ok
2021,Armenia,Shirak,Gyumri,High,No disability,Women,Decision_making_participation,52.053166406240784,%,Community_GBV_Monitoring,ok
2021,Armenia,Shirak,Gyumri,High,No disability,Men,School_enrollment,59.20114344642678,%,Administrative_Health_Reports,ok
2021,Armenia,Shirak,Gyumri,High,No disability,Men,Health_services_access,58.085649889172814,%,Civic_Participation_Records,ok
2021,Armenia,Shirak,Gyumri,High,No disability,Men,GBV_services_access,56.88796930170105,%,Civic_Participation_Records,ok
2021,Armenia,Shirak,Gyumri,High,No disability,Men,Employment_rate,56.87418007578973,%,Administrative_Health_Reports,ok
2021,Armenia,Shirak,Gyumri,High,No disability,Men,Decision_making_participation,54.629224289141575,%,Civic_Participation_Records,ok
2021,Armenia,Shirak,Gyumri,High,With disability,Women,School_enrollment,31.23235713421497,%,Administrative_Health_Reports,ok
2021,Armenia,Shirak,Gyumri,High,With disability,Women,Health_services_access,,%,Labour_Force_Survey,missing_value
2021,Armenia,Shirak,Gyumri,High,With disability,Women,GBV_services_access,,%,Labour_Force_Survey,missing_value
2021,Armenia,Shirak,Gyumri,High,With disability,Women,Employment_rate,28.603255409431007,%,Civic_Participation_Records,ok
2021,Armenia,Shirak,Gyumri,High,With disability,Women,Decision_making_participation,31.274092788177377,%,Household_Survey,ok
2021,Armenia,Shirak,Gyumri,High,With disability,Men,School_enrollment,31.307923061900343,%,Administrative_Health_Reports,ok
2021,Armenia,Shirak,Gyumri,High,With disability,Men,Health_services_access,28.89799645016908,%,Household_Survey,ok
2021,Armenia,Shirak,Gyumri,High,With disability,Men,GBV_services_access,31.804227261397248,%,Civic_Participation_Records,ok
2021,Armenia,Shirak,Gyumri,High,With disability,Men,Employment_rate,37.55517263899447,%,Labour_Force_Survey,ok
2021,Armenia,Shirak,Gyumri,High,With disability,Men,Decision_making_participation,36.67502997664195,%,Household_Survey,ok
2022,Armenia,Shirak,Gyumri,Low,No disability,Women,School_enrollment,29.129075390217036,%,Household_Survey,ok
2022,Armenia,Shirak,Gyumri,Low,No disability,Women,Health_services_access,28.339032676545752,%,Labour_Force_Survey,ok
2022,Armenia,Shirak,Gyumri,Low,No disability,Women,GBV_services_access,28.155858660909608,%,Community_GBV_Monitoring,ok
2022,Armenia,Shirak,Gyumri,Low,No disability,Women,Employment_rate,26.573648313766803,%,Administrative_Health_Reports,ok
2022,Armenia,Shirak,Gyumri,Low,No disability,Women,Decision_making_participation,33.675978422293824,%,Civic_Participation_Records,ok
2022,Armenia,Shirak,Gyumri,Low,No disability,Men,School_enrollment,38.72846729467286,%,Household_Survey,ok
2022,Armenia,Shirak,Gyumri,Low,No disability,Men,Health_services_access,30.693378373426466,%,Administrative_Health_Reports,ok
2022,Armenia,Shirak,Gyumri,Low,No disability,Men,GBV_services_access,34.68176044916098,%,Administrative_Health_Reports,ok
2022,Armenia,Shirak,Gyumri,Low,No disability,Men,Employment_rate,,%,Labour_Force_Survey,missing_value
2022,Armenia,Shirak,Gyumri,Low,No disability,Men,Decision_making_participation,31.465626820766953,%,Administrative_Health_Reports,ok
2022,Armenia,Shirak,Gyumri,Low,With disability,Women,School_enrollment,10.979314354999303,%,Administrative_Health_Reports,ok
2022,Armenia,Shirak,Gyumri,Low,With disability,Women,Health_services_access,7.939321077998923,%,Administrative_Health_Reports,ok
2022,Armenia,Shirak,Gyumri,Low,With disability,Women,GBV_services_access,6.188843566812991,%,Administrative_Health_Reports,ok
2022,Armenia,Shirak,Gyumri,Low,With disability,Women,Employment_rate,10.085416737406627,%,Community_GBV_Monitoring,ok
2022,Armenia,Shirak,Gyumri,Low,With disability,Women,Decision_making_participation,13.133252093351564,%,Community_GBV_Monitoring,ok
2022,Armenia,Shirak,Gyumri,Low,With disability,Men,School_enrollment,12.994445408250108,%,Community_GBV_Monitoring,ok
2022,Armenia,Shirak,Gyumri,Low,With disability,Men,Health_services_access,,%,Civic_Participation_Records,missing_value
2022,Armenia,Shirak,Gyumri,Low,With disability,Men,GBV_services_access,,%,Household_Survey,missing_value
2022,Armenia,Shirak,Gyumri,Low,With disability,Men,Employment_rate,13.659476348317586,%,Community_GBV_Monitoring,ok
2022,Armenia,Shirak,Gyumri,Low,With disability,Men,Decision_making_participation,10.900661743276013,%,Community_GBV_Monitoring,ok
2022,Armenia,Shirak,Gyumri,Middle,No disability,Women,School_enrollment,45.50569710487524,%,Administrative_Health_Reports,ok
2022,Armenia,Shirak,Gyumri,Middle,No disability,Women,Health_services_access,44.163448098450345,%,Civic_Participation_Records,ok
2022,Armenia,Shirak,Gyumri,Middle,No disability,Women,GBV_services_access,48.7739819150412,%,Civic_Participation_Records,ok
2022,Armenia,Shirak,Gyumri,Middle,No disability,Women,Employment_rate,46.006836309014844,%,Labour_Force_Survey,ok
2022,Armenia,Shirak,Gyumri,Middle,No disability,Women,Decision_making_participation,42.06753006545942,%,Civic_Participation_Records,ok
2022,Armenia,Shirak,Gyumri,Middle,No disability,Men,School_enrollment,47.78583978551199,%,Civic_Participation_Records,ok
2022,Armenia,Shirak,Gyumri,Middle,No disability,Men,Health_services_access,54.139989307002004,%,Labour_Force_Survey,ok
2022,Armenia,Shirak,Gyumri,Middle,No disability,Men,GBV_services_access,48.725759451451,%,Household_Survey,ok
2022,Armenia,Shirak,Gyumri,Middle,No disability,Men,Employment_rate,51.90686413629951,%,Civic_Participation_Records,ok
2022,Armenia,Shirak,Gyumri,Middle,No disability,Men,Decision_making_participation,49.66967876879171,%,Civic_Participation_Records,ok
2022,Armenia,Shirak,Gyumri,Middle,With disability,Women,School_enrollment,28.104934483599703,%,Labour_Force_Survey,ok
2022,Armenia,Shirak,Gyumri,Middle,With disability,Women,Health_services_access,24.357279957026932,%,Administrative_Health_Reports,ok
2022,Armenia,Shirak,Gyumri,Middle,With disability,Women,GBV_services_access,22.573336472846957,%,Civic_Participation_Records,ok
2022,Armenia,Shirak,Gyumri,Middle,With disability,Women,Employment_rate,27.55594969954213,%,Civic_Participation_Records,ok
2022,Armenia,Shirak,Gyumri,Middle,With disability,Women,Decision_making_participation,25.670800363724997,%,Household_Survey,ok
2022,Armenia,Shirak,Gyumri,Middle,With disability,Men,School_enrollment,29.373461883518658,%,Household_Survey,ok
2022,Armenia,Shirak,Gyumri,Middle,With disability,Men,Health_services_access,,%,Community_GBV_Monitoring,missing_value
2022,Armenia,Shirak,Gyumri,Middle,With disability,Men,GBV_services_access,27.446942443595542,%,Civic_Participation_Records,ok
2022,Armenia,Shirak,Gyumri,Middle,With disability,Men,Employment_rate,30.296152641362603,%,Labour_Force_Survey,ok
2022,Armenia,Shirak,Gyumri,Middle,With disability,Men,Decision_making_participation,34.50262658914626,%,Community_GBV_Monitoring,ok
2022,Armenia,Shirak,Gyumri,High,No disability,Women,School_enrollment,53.549558217588,%,Civic_Participation_Records,ok
2022,Armenia,Shirak,Gyumri,High,No disability,Women,Health_services_access,47.142351641838864,%,Labour_Force_Survey,ok
2022,Armenia,Shirak,Gyumri,High,No disability,Women,GBV_services_access,57.28684812098267,%,Civic_Participation_Records,ok
2022,Armenia,Shirak,Gyumri,High,No disability,Women,Employment_rate,54.28674054812662,%,Household_Survey,ok
2022,Armenia,Shirak,Gyumri,High,No disability,Women,Decision_making_participation,52.57372647474242,%,Labour_Force_Survey,ok
2022,Armenia,Shirak,Gyumri,High,No disability,Men,School_enrollment,48.96593721515145,%,Household_Survey,ok
2022,Armenia,Shirak,Gyumri,High,No disability,Men,Health_services_access,58.355078350441715,%,Administrative_Health_Reports,ok
2022,Armenia,Shirak,Gyumri,High,No disability,Men,GBV_services_access,49.26934004003864,%,Labour_Force_Survey,ok
2022,Armenia,Shirak,Gyumri,High,No disability,Men,Employment_rate,58.343605959407085,%,Household_Survey,ok
2022,Armenia,Shirak,Gyumri,High,No disability,Men,Decision_making_participation,53.149562510967165,%,Household_Survey,ok
2022,Armenia,Shirak,Gyumri,High,With disability,Women,School_enrollment,,%,Labour_Force_Survey,missing_value
2022,Armenia,Shirak,Gyumri,High,With disability,Women,Health_services_access,29.737384214368593,%,Labour_Force_Survey,ok
2022,Armenia,Shirak,Gyumri,High,With disability,Women,GBV_services_access,25.962791166762425,%,Administrative_Health_Reports,ok
2022,Armenia,Shirak,Gyumri,High,With disability,Women,Employment_rate,27.204857870284837,%,Administrative_Health_Reports,ok
2022,Armenia,Shirak,Gyumri,High,With disability,Women,Decision_making_participation,32.80742896969006,%,Household_Survey,ok
2022,Armenia,Shirak,Gyumri,High,With disability,Men,School_enrollment,29.41638738885328,%,Administrative_Health_Reports,ok
2022,Armenia,Shirak,Gyumri,High,With disability,Men,Health_services_access,33.85605939177901,%,Community_GBV_Monitoring,ok
2022,Armenia,Shirak,Gyumri,High,With disability,Men,GBV_services_access,30.953038998776435,%,Labour_Force_Survey,ok
2022,Armenia,Shirak,Gyumri,High,With disability,Men,Employment_rate,35.56236827476504,%,Labour_Force_Survey,ok
2022,Armenia,Shirak,Gyumri,High,With disability,Men,Decision_making_participation,39.82458474134404,%,Civic_Participation_Records,ok
2023,Armenia,Shirak,Gyumri,Low,No disability,Women,School_enrollment,30.718609646806616,%,Community_GBV_Monitoring,ok
2023,Armenia,Shirak,Gyumri,Low,No disability,Women,Health_services_access,30.907444709023313,%,Household_Survey,ok
2023,Armenia,Shirak,Gyumri,Low,No disability,Women,GBV_services_access,,%,Community_GBV_Monitoring,missing_value
2023,Armenia,Shirak,Gyumri,Low,No disability,Women,Employment_rate,22.16637457790234,%,Community_GBV_Monitoring,ok
2023,Armenia,Shirak,Gyumri,Low,No disability,Women,Decision_making_participation,25.739135072217117,%,Household_Survey,ok
2023,Armenia,Shirak,Gyumri,Low,No disability,Men,School_enrollment,36.97550935454823,%,Administrative_Health_Reports,ok
2023,Armenia,Shirak,Gyumri,Low,No disability,Men,Health_services_access,33.73252795179306,%,Community_GBV_Monitoring,ok
2023,Armenia,Shirak,Gyumri,Low,No disability,Men,GBV_services_access,35.48502756877785,%,Administrative_Health_Reports,ok
2023,Armenia,Shirak,Gyumri,Low,No disability,Men,Employment_rate,28.73678698345303,%,Labour_Force_Survey,ok
2023,Armenia,Shirak,Gyumri,Low,No disability,Men,Decision_making_participation,33.55700592592749,%,Administrative_Health_Reports,ok
2023,Armenia,Shirak,Gyumri,Low,With disability,Women,School_enrollment,13.061484499870419,%,Household_Survey,ok
2023,Armenia,Shirak,Gyumri,Low,With disability,Women,Health_services_access,11.162545510094095,%,Labour_Force_Survey,ok
2023,Armenia,Shirak,Gyumri,Low,With disability,Women,GBV_services_access,7.072042296223408,%,Labour_Force_Survey,ok
2023,Armenia,Shirak,Gyumri,Low,With disability,Women,Employment_rate,,%,Administrative_Health_Reports,missing_value
2023,Armenia,Shirak,Gyumri,Low,With disability,Women,Decision_making_participation,16.349406471458906,%,Community_GBV_Monitoring,ok
2023,Armenia,Shirak,Gyumri,Low,With disability,Men,School_enrollment,18.822202410346023,%,Civic_Participation_Records,ok
2023,Armenia,Shirak,Gyumri,Low,With disability,Men,Health_services_access,11.244994345584017,%,Administrative_Health_Reports,ok
2023,Armenia,Shirak,Gyumri,Low,With disability,Men,GBV_services_access,9.55907492759781,%,Administrative_Health_Reports,ok
2023,Armenia,Shirak,Gyumri,Low,With disability,Men,Employment_rate,11.573029841692465,%,Labour_Force_Survey,ok
2023,Armenia,Shirak,Gyumri,Low,With disability,Men,Decision_making_participation,13.67272354322252,%,Community_GBV_Monitoring,ok
2023,Armenia,Shirak,Gyumri,Middle,No disability,Women,School_enrollment,44.53916319388409,%,Civic_Participation_Records,ok
2023,Armenia,Shirak,Gyumri,Middle,No disability,Women,Health_services_access,43.0932819720947,%,Labour_Force_Survey,ok
2023,Armenia,Shirak,Gyumri,Middle,No disability,Women,GBV_services_access,49.74590833533723,%,Community_GBV_Monitoring,ok
2023,Armenia,Shirak,Gyumri,Middle,No disability,Women,Employment_rate,44.30645847865747,%,Administrative_Health_Reports,ok
2023,Armenia,Shirak,Gyumri,Middle,No disability,Women,Decision_making_participation,43.83533549414705,%,Labour_Force_Survey,ok
2023,Armenia,Shirak,Gyumri,Middle,No disability,Men,School_enrollment,47.517187479960455,%,Labour_Force_Survey,ok
2023,Armenia,Shirak,Gyumri,Middle,No disability,Men,Health_services_access,51.413896834504776,%,Labour_Force_Survey,ok
2023,Armenia,Shirak,Gyumri,Middle,No disability,Men,GBV_services_access,52.74328470637872,%,Community_GBV_Monitoring,ok
2023,Armenia,Shirak,Gyumri,Middle,No disability,Men,Employment_rate,52.38036227146864,%,Civic_Participation_Records,ok
2023,Armenia,Shirak,Gyumri,Middle,No disability,Men,Decision_making_participation,49.6302990257081,%,Labour_Force_Survey,ok
2023,Armenia,Shirak,Gyumri,Middle,With disability,Women,School_enrollment,26.67730160821686,%,Civic_Participation_Records,ok
2023,Armenia,Shirak,Gyumri,Middle,With disability,Women,Health_services_access,22.240623170678695,%,Administrative_Health_Reports,ok
2023,Armenia,Shirak,Gyumri,Middle,With disability,Women,GBV_services_access,23.07788640959087,%,Civic_Participation_Records,ok
2023,Armenia,Shirak,Gyumri,Middle,With disability,Women,Employment_rate,25.92801621155016,%,Administrative_Health_Reports,ok
2023,Armenia,Shirak,Gyumri,Middle,With disability,Women,Decision_making_participation,,%,Labour_Force_Survey,missing_value
2023,Armenia,Shirak,Gyumri,Middle,With disability,Men,School_enrollment,28.879355734547634,%,Administrative_Health_Reports,ok
2023,Armenia,Shirak,Gyumri,Middle,With disability,Men,Health_services_access,29.71012520178626,%,Labour_Force_Survey,ok
2023,Armenia,Shirak,Gyumri,Middle,With disability,Men,GBV_services_access,30.753105784353373,%,Community_GBV_Monitoring,ok
2023,Armenia,Shirak,Gyumri,Middle,With disability,Men,Employment_rate,,%,Labour_Force_Survey,missing_value
2023,Armenia,Shirak,Gyumri,Middle,With disability,Men,Decision_making_participation,32.85084625674696,%,Administrative_Health_Reports,ok
2023,Armenia,Shirak,Gyumri,High,No disability,Women,School_enrollment,48.0011792849208,%,Labour_Force_Survey,ok
2023,Armenia,Shirak,Gyumri,High,No disability,Women,Health_services_access,49.59994028495015,%,Administrative_Health_Reports,ok
2023,Armenia,Shirak,Gyumri,High,No disability,Women,GBV_services_access,53.98317382629761,%,Labour_Force_Survey,ok
2023,Armenia,Shirak,Gyumri,High,No disability,Women,Employment_rate,47.48841243624103,%,Household_Survey,ok
2023,Armenia,Shirak,Gyumri,High,No disability,Women,Decision_making_participation,47.92459826064917,%,Administrative_Health_Reports,ok
2023,Armenia,Shirak,Gyumri,High,No disability,Men,School_enrollment,56.3688705679691,%,Labour_Force_Survey,ok
2023,Armenia,Shirak,Gyumri,High,No disability,Men,Health_services_access,53.483936616752686,%,Civic_Participation_Records,ok
2023,Armenia,Shirak,Gyumri,High,No disability,Men,GBV_services_access,52.46376050480531,%,Civic_Participation_Records,ok
2023,Armenia,Shirak,Gyumri,High,No disability,Men,Employment_rate,55.69194719888196,%,Community_GBV_Monitoring,ok
2023,Armenia,Shirak,Gyumri,High,No disability,Men,Decision_making_participation,57.77176575093569,%,Civic_Participation_Records,ok
2023,Armenia,Shirak,Gyumri,High,With disability,Women,School_enrollment,31.345185604813473,%,Civic_Participation_Records,ok
2023,Armenia,Shirak,Gyumri,High,With disability,Women,Health_services_access,28.154300665141527,%,Household_Survey,ok
2023,Armenia,Shirak,Gyumri,High,With disability,Women,GBV_services_access,29.481953954085462,%,Household_Survey,ok
2023,Armenia,Shirak,Gyumri,High,With disability,Women,Employment_rate,,%,Labour_Force_Survey,missing_value
2023,Armenia,Shirak,Gyumri,High,With disability,Women,Decision_making_participation,32.91068358906279,%,Civic_Participation_Records,ok
2023,Armenia,Shirak,Gyumri,High,With disability,Men,School_enrollment,33.94483804306393,%,Civic_Participation_Records,ok
2023,Armenia,Shirak,Gyumri,High,With disability,Men,Health_services_access,37.622751177545844,%,Labour_Force_Survey,ok
2023,Armenia,Shirak,Gyumri,High,With disability,Men,GBV_services_access,32.31958377392639,%,Community_GBV_Monitoring,ok
2023,Armenia,Shirak,Gyumri,High,With disability,Men,Employment_rate,,%,Civic_Participation_Records,missing_value
2023,Armenia,Shirak,Gyumri,High,With disability,Men,Decision_making_participation,30.511459163740255,%,Labour_Force_Survey,ok
2024,Armenia,Shirak,Gyumri,Low,No disability,Women,School_enrollment,25.73595761039877,%,Administrative_Health_Reports,ok
2024,Armenia,Shirak,Gyumri,Low,No disability,Women,Health_services_access,24.400304255744775,%,Community_GBV_Monitoring,ok
2024,Armenia,Shirak,Gyumri,Low,No disability,Women,GBV_services_access,26.06933679465068,%,Community_GBV_Monitoring,ok
2024,Armenia,Shirak,Gyumri,Low,No disability,Women,Employment_rate,29.4153439654085,%,Civic_Participation_Records,ok
2024,Armenia,Shirak,Gyumri,Low,No disability,Women,Decision_making_participation,32.89110031609843,%,Community_GBV_Monitoring,ok
2024,Armenia,Shirak,Gyumri,Low,No disability,Men,School_enrollment,35.71477693143579,%,Civic_Participation_Records,ok
2024,Armenia,Shirak,Gyumri,Low,No disability,Men,Health_services_access,31.1473480410042,%,Labour_Force_Survey,ok
2024,Armenia,Shirak,Gyumri,Low,No disability,Men,GBV_services_access,37.442888431344215,%,Household_Survey,ok
2024,Armenia,Shirak,Gyumri,Low,No disability,Men,Employment_rate,28.35168730404546,%,Administrative_Health_Reports,ok
2024,Armenia,Shirak,Gyumri,Low,No disability,Men,Decision_making_participation,32.95109663931604,%,Labour_Force_Survey,ok
2024,Armenia,Shirak,Gyumri,Low,With disability,Women,School_enrollment,11.633777924313172,%,Civic_Participation_Records,ok
2024,Armenia,Shirak,Gyumri,Low,With disability,Women,Health_services_access,6.634193232069126,%,Civic_Participation_Records,ok
2024,Armenia,Shirak,Gyumri,Low,With disability,Women,GBV_services_access,9.91195680487698,%,Household_Survey,ok
2024,Armenia,Shirak,Gyumri,Low,With disability,Women,Employment_rate,11.96684672673049,%,Labour_Force_Survey,ok
2024,Armenia,Shirak,Gyumri,Low,With disability,Women,Decision_making_participation,,%,Household_Survey,missing_value
2024,Armenia,Shirak,Gyumri,Low,With disability,Men,School_enrollment,15.778146558444694,%,Community_GBV_Monitoring,ok
2024,Armenia,Shirak,Gyumri,Low,With disability,Men,Health_services_access,12.094127220746246,%,Household_Survey,ok
2024,Armenia,Shirak,Gyumri,Low,With disability,Men,GBV_services_access,11.763046436012898,%,Civic_Participation_Records,ok
2024,Armenia,Shirak,Gyumri,Low,With disability,Men,Employment_rate,12.518342251600707,%,Household_Survey,ok
2024,Armenia,Shirak,Gyumri,Low,With disability,Men,Decision_making_participation,14.703514032905101,%,Administrative_Health_Reports,ok
2024,Armenia,Shirak,Gyumri,Middle,No disability,Women,School_enrollment,42.22083803572494,%,Administrative_Health_Reports,ok
2024,Armenia,Shirak,Gyumri,Middle,No disability,Women,Health_services_access,45.299520745110335,%,Civic_Participation_Records,ok
2024,Armenia,Shirak,Gyumri,Middle,No disability,Women,GBV_services_access,43.33983229168836,%,Community_GBV_Monitoring,ok
2024,Armenia,Shirak,Gyumri,Middle,No disability,Women,Employment_rate,41.08654924754972,%,Labour_Force_Survey,ok
2024,Armenia,Shirak,Gyumri,Middle,No disability,Women,Decision_making_participation,45.37467502583244,%,Household_Survey,ok
2024,Armenia,Shirak,Gyumri,Middle,No disability,Men,School_enrollment,55.82686447396283,%,Household_Survey,ok
2024,Armenia,Shirak,Gyumri,Middle,No disability,Men,Health_services_access,53.41132530124031,%,Community_GBV_Monitoring,ok
2024,Armenia,Shirak,Gyumri,Middle,No disability,Men,GBV_services_access,48.50743073854929,%,Civic_Participation_Records,ok
2024,Armenia,Shirak,Gyumri,Middle,No disability,Men,Employment_rate,51.684812504663284,%,Administrative_Health_Reports,ok
2024,Armenia,Shirak,Gyumri,Middle,No disability,Men,Decision_making_participation,47.14560487692122,%,Community_GBV_Monitoring,ok
2024,Armenia,Shirak,Gyumri,Middle,With disability,Women,School_enrollment,25.874553105314146,%,Labour_Force_Survey,ok
2024,Armenia,Shirak,Gyumri,Middle,With disability,Women,Health_services_access,25.763088309354536,%,Civic_Participation_Records,ok
2024,Armenia,Shirak,Gyumri,Middle,With disability,Women,GBV_services_access,,%,Administrative_Health_Reports,missing_value
2024,Armenia,Shirak,Gyumri,Middle,With disability,Women,Employment_rate,24.58336673978729,%,Civic_Participation_Records,ok
2024,Armenia,Shirak,Gyumri,Middle,With disability,Women,Decision_making_participation,26.227910840107196,%,Community_GBV_Monitoring,ok
2024,Armenia,Shirak,Gyumri,Middle,With disability,Men,School_enrollment,33.39492814102795,%,Civic_Participation_Records,ok
2024,Armenia,Shirak,Gyumri,Middle,With disability,Men,Health_services_access,27.140159975805943,%,Community_GBV_Monitoring,ok
2024,Armenia,Shirak,Gyumri,Middle,With disability,Men,GBV_services_access,26.103227858916625,%,Administrative_Health_Reports,ok
2024,Armenia,Shirak,Gyumri,Middle,With disability,Men,Employment_rate,37.72266639087781,%,Community_GBV_Monitoring,ok
2024,Armenia,Shirak,Gyumri,Middle,With disability,Men,Decision_making_participation,,%,Community_GBV_Monitoring,missing_value
2024,Armenia,Shirak,Gyumri,High,No disability,Women,School_enrollment,49.50623176307426,%,Administrative_Health_Reports,ok
2024,Armenia,Shirak,Gyumri,High,No disability,Women,Health_services_access,50.85265422429426,%,Administrative_Health_Reports,ok
2024,Armenia,Shirak,Gyumri,High,No disability,Women,GBV_services_access,56.28361070753662,%,Labour_Force_Survey,ok
2024,Armenia,Shirak,Gyumri,High,No disability,Women,Employment_rate,50.00109952277215,%,Civic_Participation_Records,ok
2024,Armenia,Shirak,Gyumri,High,No disability,Women,Decision_making_participation,51.77182900408262,%,Household_Survey,ok
2024,Armenia,Shirak,Gyumri,High,No disability,Men,School_enrollment,54.15203784884287,%,Household_Survey,ok
2024,Armenia,Shirak,Gyumri,High,No disability,Men,Health_services_access,54.508561137267556,%,Administrative_Health_Reports,ok
2024,Armenia,Shirak,Gyumri,High,No disability,Men,GBV_services_access,52.240479594713406,%,Civic_Participation_Records,ok
2024,Armenia,Shirak,Gyumri,High,No disability,Men,Employment_rate,60.58274500791248,%,Household_Survey,ok
2024,Armenia,Shirak,Gyumri,High,No disability,Men,Decision_making_participation,58.820547514555315,%,Household_Survey,ok
2024,Armenia,Shirak,Gyumri,High,With disability,Women,School_enrollment,32.772651086551555,%,Labour_Force_Survey,ok
2024,Armenia,Shirak,Gyumri,High,With disability,Women,Health_services_access,28.49097840401043,%,Labour_Force_Survey,ok
2024,Armenia,Shirak,Gyumri,High,With disability,Women,GBV_services_access,,%,Community_GBV_Monitoring,missing_value
2024,Armenia,Shirak,Gyumri,High,With disability,Women,Employment_rate,33.41288225783807,%,Civic_Participation_Records,ok
2024,Armenia,Shirak,Gyumri,High,With disability,Women,Decision_making_participation,34.23315402686974,%,Administrative_Health_Reports,ok
2024,Armenia,Shirak,Gyumri,High,With disability,Men,School_enrollment,33.88388492777145,%,Community_GBV_Monitoring,ok
2024,Armenia,Shirak,Gyumri,High,With disability,Men,Health_services_access,,%,Household_Survey,missing_value
2024,Armenia,Shirak,Gyumri,High,With disability,Men,GBV_services_access,33.92531398889798,%,Household_Survey,ok
2024,Armenia,Shirak,Gyumri,High,With disability,Men,Employment_rate,,%,Civic_Participation_Records,missing_value
2024,Armenia,Shirak,Gyumri,High,With disability,Men,Decision_making_participation,34.78899035865084,%,Civic_Participation_Records,ok
2020,Armenia,Shirak,Ashot,Low,No disability,Women,School_enrollment,25.859997602884263,%,Community_GBV_Monitoring,ok
2020,Armenia,Shirak,Ashot,Low,No disability,Women,Health_services_access,23.79469075285902,%,Civic_Participation_Records,ok
2020,Armenia,Shirak,Ashot,Low,No disability,Women,GBV_services_access,29.59924363222984,%,Civic_Participation_Records,ok
2020,Armenia,Shirak,Ashot,Low,No disability,Women,Employment_rate,24.912562833313775,%,Administrative_Health_Reports,ok
2020,Armenia,Shirak,Ashot,Low,No disability,Women,Decision_making_participation,30.761350478282512,%,Community_GBV_Monitoring,ok
2020,Armenia,Shirak,Ashot,Low,No disability,Men,School_enrollment,35.66021323696275,%,Household_Survey,ok
2020,Armenia,Shirak,Ashot,Low,No disability,Men,Health_services_access,27.887395156732005,%,Labour_Force_Survey,ok
2020,Armenia,Shirak,Ashot,Low,No disability,Men,GBV_services_access,29.939562466248127,%,Administrative_Health_Reports,ok
2020,Armenia,Shirak,Ashot,Low,No disability,Men,Employment_rate,24.963066953260157,%,Household_Survey,ok
2020,Armenia,Shirak,Ashot,Low,No disability,Men,Decision_making_participation,32.707147586956296,%,Labour_Force_Survey,ok
2020,Armenia,Shirak,Ashot,Low,With disability,Women,School_enrollment,10.537003503719756,%,Administrative_Health_Reports,ok
2020,Armenia,Shirak,Ashot,Low,With disability,Women,Health_services_access,10.550468336793882,%,Household_Survey,ok
2020,Armenia,Shirak,Ashot,Low,With disability,Women,GBV_services_access,10.32195239340226,%,Civic_Participation_Records,ok
2020,Armenia,Shirak,Ashot,Low,With disability,Women,Employment_rate,11.169427626538749,%,Administrative_Health_Reports,ok
2020,Armenia,Shirak,Ashot,Low,With disability,Women,Decision_making_participation,12.25404240799585,%,Community_GBV_Monitoring,ok
2020,Armenia,Shirak,Ashot,Low,With disability,Men,School_enrollment,9.327801030659142,%,Community_GBV_Monitoring,ok
2020,Armenia,Shirak,Ashot,Low,With disability,Men,Health_services_access,10.743531546731774,%,Administrative_Health_Reports,ok
2020,Armenia,Shirak,Ashot,Low,With disability,Men,GBV_services_access,9.769450640925205,%,Administrative_Health_Reports,ok
2020,Armenia,Shirak,Ashot,Low,With disability,Men,Employment_rate,11.619268814190834,%,Community_GBV_Monitoring,ok
2020,Armenia,Shirak,Ashot,Low,With disability,Men,Decision_making_participation,15.692975760021989,%,Civic_Participation_Records,ok
2020,Armenia,Shirak,Ashot,Middle,No disability,Women,School_enrollment,41.777446826801366,%,Civic_Participation_Records,ok
2020,Armenia,Shirak,Ashot,Middle,No disability,Women,Health_services_access,44.762339538431966,%,Labour_Force_Survey,ok
2020,Armenia,Shirak,Ashot,Middle,No disability,Women,GBV_services_access,45.79439108080047,%,Administrative_Health_Reports,ok
2020,Armenia,Shirak,Ashot,Middle,No disability,Women,Employment_rate,39.79735902378144,%,Civic_Participation_Records,ok
2020,Armenia,Shirak,Ashot,Middle,No disability,Women,Decision_making_participation,44.897106553786664,%,Community_GBV_Monitoring,ok
2020,Armenia,Shirak,Ashot,Middle,No disability,Men,School_enrollment,46.62543275032041,%,Administrative_Health_Reports,ok
2020,Armenia,Shirak,Ashot,Middle,No disability,Men,Health_services_access,50.07172818965949,%,Labour_Force_Survey,ok
2020,Armenia,Shirak,Ashot,Middle,No disability,Men,GBV_services_access,,%,Civic_Participation_Records,missing_value
2020,Armenia,Shirak,Ashot,Middle,No disability,Men,Employment_rate,52.19274206646333,%,Household_Survey,ok
2020,Armenia,Shirak,Ashot,Middle,No disability,Men,Decision_making_participation,47.04447195523079,%,Community_GBV_Monitoring,ok
2020,Armenia,Shirak,Ashot,Middle,With disability,Women,School_enrollment,,%,Household_Survey,missing_value
2020,Armenia,Shirak,Ashot,Middle,With disability,Women,Health_services_access,18.541608726139057,%,Household_Survey,ok
2020,Armenia,Shirak,Ashot,Middle,With disability,Women,GBV_services_access,21.4446992811696,%,Household_Survey,ok
2020,Armenia,Shirak,Ashot,Middle,With disability,Women,Employment_rate,25.889040961753622,%,Civic_Participation_Records,ok
2020,Armenia,Shirak,Ashot,Middle,With disability,Women,Decision_making_participation,27.919838230438522,%,Civic_Participation_Records,ok
2020,Armenia,Shirak,Ashot,Middle,With disability,Men,School_enrollment,33.81701022455604,%,Civic_Participation_Records,ok
2020,Armenia,Shirak,Ashot,Middle,With disability,Men,Health_services_access,,%,Labour_Force_Survey,missing_value
2020,Armenia,Shirak,Ashot,Middle,With disability,Men,GBV_services_access,28.350936382034632,%,Household_Survey,ok
2020,Armenia,Shirak,Ashot,Middle,With disability,Men,Employment_rate,,%,Community_GBV_Monitoring,missing_value
2020,Armenia,Shirak,Ashot,Middle,With disability,Men,Decision_making_participation,26.627565023740953,%,Household_Survey,ok
2020,Armenia,Shirak,Ashot,High,No disability,Women,School_enrollment,49.782857074868794,%,Labour_Force_Survey,ok
2020,Armenia,Shirak,Ashot,High,No disability,Women,Health_services_access,47.99642538680902,%,Community_GBV_Monitoring,ok
2020,Armenia,Shirak,Ashot,High,No disability,Women,GBV_services_access,51.18919946086853,%,Civic_Participation_Records,ok
2020,Armenia,Shirak,Ashot,High,No disability,Women,Employment_rate,45.54841794529625,%,Community_GBV_Monitoring,ok
2020,Armenia,Shirak,Ashot,High,No disability,Women,Decision_making_participation,44.59366373121626,%,Civic_Participation_Records,ok
2020,Armenia,Shirak,Ashot,High,No disability,Men,School_enrollment,53.34592823407241,%,Administrative_Health_Reports,ok
2020,Armenia,Shirak,Ashot,High,No disability,Men,Health_services_access,50.292449444590055,%,Labour_Force_Survey,ok
2020,Armenia,Shirak,Ashot,High,No disability,Men,GBV_services_access,48.239241151875596,%,Community_GBV_Monitoring,ok
2020,Armenia,Shirak,Ashot,High,No disability,Men,Employment_rate,50.88517006939946,%,Civic_Participation_Records,ok
2020,Armenia,Shirak,Ashot,High,No disability,Men,Decision_making_participation,49.52836937925498,%,Household_Survey,ok
2020,Armenia,Shirak,Ashot,High,With disability,Women,School_enrollment,28.161343590001714,%,Community_GBV_Monitoring,ok
2020,Armenia,Shirak,Ashot,High,With disability,Women,Health_services_access,28.157724070328843,%,Civic_Participation_Records,ok
2020,Armenia,Shirak,Ashot,High,With disability,Women,GBV_services_access,25.261003956601314,%,Household_Survey,ok
2020,Armenia,Shirak,Ashot,High,With disability,Women,Employment_rate,24.520765239408092,%,Administrative_Health_Reports,ok
2020,Armenia,Shirak,Ashot,High,With disability,Women,Decision_making_participation,32.45334922332148,%,Community_GBV_Monitoring,ok
2020,Armenia,Shirak,Ashot,High,With disability,Men,School_enrollment,30.40524944410925,%,Community_GBV_Monitoring,ok
2020,Armenia,Shirak,Ashot,High,With disability,Men,Health_services_access,31.12468142337592,%,Administrative_Health_Reports,ok
2020,Armenia,Shirak,Ashot,High,With disability,Men,GBV_services_access,,%,Community_GBV_Monitoring,missing_value
2020,Armenia,Shirak,Ashot,High,With disability,Men,Employment_rate,35.57020792285581,%,Administrative_Health_Reports,ok
2020,Armenia,Shirak,Ashot,High,With disability,Men,Decision_making_participation,37.65475300759644,%,Administrative_Health_Reports,ok
2021,Armenia,Shirak,Ashot,Low,No disability,Women,School_enrollment,26.362444095511773,%,Civic_Participation_Records,ok
2021,Armenia,Shirak,Ashot,Low,No disability,Women,Health_services_access,31.814276445147808,%,Community_GBV_Monitoring,ok
2021,Armenia,Shirak,Ashot,Low,No disability,Women,GBV_services_access,28.248452498886085,%,Household_Survey,ok
2021,Armenia,Shirak,Ashot,Low,No disability,Women,Employment_rate,22.90320549472391,%,Administrative_Health_Reports,ok
2021,Armenia,Shirak,Ashot,Low,No disability,Women,Decision_making_participation,28.18570364945669,%,Household_Survey,ok
2021,Armenia,Shirak,Ashot,Low,No disability,Men,School_enrollment,36.3627366306767,%,Civic_Participation_Records,ok
2021,Armenia,Shirak,Ashot,Low,No disability,Men,Health_services_access,29.445083406603814,%,Community_GBV_Monitoring,ok
2021,Armenia,Shirak,Ashot,Low,No disability,Men,GBV_services_access,26.002840096072493,%,Community_GBV_Monitoring,ok
2021,Armenia,Shirak,Ashot,Low,No disability,Men,Employment_rate,23.988167266268132,%,Household_Survey,ok
2021,Armenia,Shirak,Ashot,Low,No disability,Men,Decision_making_participation,29.210470277334096,%,Labour_Force_Survey,ok
2021,Armenia,Shirak,Ashot,Low,With disability,Women,School_enrollment,11.716095848318416,%,Civic_Participation_Records,ok
2021,Armenia,Shirak,Ashot,Low,With disability,Women,Health_services_access,7.9910315265265215,%,Household_Survey,ok
2021,Armenia,Shirak,Ashot,Low,With disability,Women,GBV_services_access,5.460796132541937,%,Civic_Participation_Records,ok
2021,Armenia,Shirak,Ashot,Low,With disability,Women,Employment_rate,8.574858689271451,%,Labour_Force_Survey,ok
2021,Armenia,Shirak,Ashot,Low,With disability,Women,Decision_making_participation,9.327154803586126,%,Administrative_Health_Reports,ok
2021,Armenia,Shirak,Ashot,Low,With disability,Men,School_enrollment,13.768245962279716,%,Civic_Participation_Records,ok
2021,Armenia,Shirak,Ashot,Low,With disability,Men,Health_services_access,12.552773012402522,%,Household_Survey,ok
2021,Armenia,Shirak,Ashot,Low,With disability,Men,GBV_services_access,5.902327802072153,%,Administrative_Health_Reports,ok
2021,Armenia,Shirak,Ashot,Low,With disability,Men,Employment_rate,10.66994584099364,%,Administrative_Health_Reports,ok
2021,Armenia,Shirak,Ashot,Low,With disability,Men,Decision_making_participation,15.986793544202662,%,Community_GBV_Monitoring,ok
2021,Armenia,Shirak,Ashot,Middle,No disability,Women,School_enrollment,,%,Labour_Force_Survey,missing_value
2021,Armenia,Shirak,Ashot,Middle,No disability,Women,Health_services_access,39.34154915361712,%,Household_Survey,ok
2021,Armenia,Shirak,Ashot,Middle,No disability,Women,GBV_services_access,,%,Labour_Force_Survey,missing_value
2021,Armenia,Shirak,Ashot,Middle,No disability,Women,Employment_rate,41.75096310299808,%,Labour_Force_Survey,ok
2021,Armenia,Shirak,Ashot,Middle,No disability,Women,Decision_making_participation,45.73516317183494,%,Household_Survey,ok
2021,Armenia,Shirak,Ashot,Middle,No disability,Men,School_enrollment,50.79047877485537,%,Community_GBV_Monitoring,ok
2021,Armenia,Shirak,Ashot,Middle,No disability,Men,Health_services_access,47.73207957519802,%,Community_GBV_Monitoring,ok
2021,Armenia,Shirak,Ashot,Middle,No disability,Men,GBV_services_access,45.82708845483056,%,Labour_Force_Survey,ok
2021,Armenia,Shirak,Ashot,Middle,No disability,Men,Employment_rate,49.19812182667684,%,Labour_Force_Survey,ok
2021,Armenia,Shirak,Ashot,Middle,No disability,Men,Decision_making_participation,47.54797037454351,%,Community_GBV_Monitoring,ok
2021,Armenia,Shirak,Ashot,Middle,With disability,Women,School_enrollment,,%,Labour_Force_Survey,missing_value
2021,Armenia,Shirak,Ashot,Middle,With disability,Women,Health_services_access,24.54449220635751,%,Administrative_Health_Reports,ok
2021,Armenia,Shirak,Ashot,Middle,With disability,Women,GBV_services_access,24.143969639500046,%,Administrative_Health_Reports,ok
2021,Armenia,Shirak,Ashot,Middle,With disability,Women,Employment_rate,23.450450371582374,%,Civic_Participation_Records,ok
2021,Armenia,Shirak,Ashot,Middle,With disability,Women,Decision_making_participation,30.87914033319437,%,Labour_Force_Survey,ok
2021,Armenia,Shirak,Ashot,Middle,With disability,Men,School_enrollment,35.916003266476174,%,Community_GBV_Monitoring,ok
2021,Armenia,Shirak,Ashot,Middle,With disability,Men,Health_services_access,27.241096209875277,%,Household_Survey,ok
2021,Armenia,Shirak,Ashot,Middle,With disability,Men,GBV_services_access,26.165275760274344,%,Household_Survey,ok
2021,Armenia,Shirak,Ashot,Middle,With disability,Men,Employment_rate,,%,Household_Survey,missing_value
2021,Armenia,Shirak,Ashot,Middle,With disability,Men,Decision_making_participation,27.696165271423926,%,Civic_Participation_Records,ok
2021,Armenia,Shirak,Ashot,High,No disability,Women,School_enrollment,47.39166970404319,%,Community_GBV_Monitoring,ok
2021,Armenia,Shirak,Ashot,High,No disability,Women,Health_services_access,49.37344538929611,%,Civic_Participation_Records,ok
2021,Armenia,Shirak,Ashot,High,No disability,Women,GBV_services_access,46.70208413501457,%,Civic_Participation_Records,ok
2021,Armenia,Shirak,Ashot,High,No disability,Women,Employment_rate,43.868838511307516,%,Civic_Participation_Records,ok
2021,Armenia,Shirak,Ashot,High,No disability,Women,Decision_making_participation,52.85643767598577,%,Household_Survey,ok
2021,Armenia,Shirak,Ashot,High,No disability,Men,School_enrollment,51.97582463237231,%,Administrative_Health_Reports,ok
2021,Armenia,Shirak,Ashot,High,No disability,Men,Health_services_access,56.21715851697396,%,Labour_Force_Survey,ok
2021,Armenia,Shirak,Ashot,High,No disability,Men,GBV_services_access,50.73659585659902,%,Labour_Force_Survey,ok
2021,Armenia,Shirak,Ashot,High,No disability,Men,Employment_rate,54.09388644029975,%,Civic_Participation_Records,ok
2021,Armenia,Shirak,Ashot,High,No disability,Men,Decision_making_participation,57.63478331567516,%,Civic_Participation_Records,ok
2021,Armenia,Shirak,Ashot,High,With disability,Women,School_enrollment,28.076031835691346,%,Labour_Force_Survey,ok
2021,Armenia,Shirak,Ashot,High,With disability,Women,Health_services_access,24.23578908664781,%,Administrative_Health_Reports,ok
2021,Armenia,Shirak,Ashot,High,With disability,Women,GBV_services_access,26.591534070672296,%,Labour_Force_Survey,ok
2021,Armenia,Shirak,Ashot,High,With disability,Women,Employment_rate,26.510470935970734,%,Labour_Force_Survey,ok
2021,Armenia,Shirak,Ashot,High,With disability,Women,Decision_making_participation,30.923449931109133,%,Community_GBV_Monitoring,ok
2021,Armenia,Shirak,Ashot,High,With disability,Men,School_enrollment,,%,Civic_Participation_Records,missing_value
2021,Armenia,Shirak,Ashot,High,With disability,Men,Health_services_access,30.912093654448412,%,Labour_Force_Survey,ok
2021,Armenia,Shirak,Ashot,High,With disability,Men,GBV_services_access,29.166751805194306,%,Community_GBV_Monitoring,ok
2021,Armenia,Shirak,Ashot,High,With disability,Men,Employment_rate,32.394588717807366,%,Civic_Participation_Records,ok
2021,Armenia,Shirak,Ashot,High,With disability,Men,Decision_making_participation,33.82299860257641,%,Administrative_Health_Reports,ok
2022,Armenia,Shirak,Ashot,Low,No disability,Women,School_enrollment,30.080624608244193,%,Labour_Force_Survey,ok
2022,Armenia,Shirak,Ashot,Low,No disability,Women,Health_services_access,26.585308160098812,%,Civic_Participation_Records,ok
2022,Armenia,Shirak,Ashot,Low,No disability,Women,GBV_services_access,22.97374480879561,%,Household_Survey,ok
2022,Armenia,Shirak,Ashot,Low,No disability,Women,Employment_rate,23.5629872177333,%,Community_GBV_Monitoring,ok
2022,Armenia,Shirak,Ashot,Low,No disability,Women,Decision_making_participation,32.7999421415162,%,Household_Survey,ok
2022,Armenia,Shirak,Ashot,Low,No disability,Men,School_enrollment,28.503594946858406,%,Civic_Participation_Records,ok
2022,Armenia,Shirak,Ashot,Low,No disability,Men,Health_services_access,33.13095175752773,%,Community_GBV_Monitoring,ok
2022,Armenia,Shirak,Ashot,Low,No disability,Men,GBV_services_access,31.818765823639797,%,Administrative_Health_Reports,ok
2022,Armenia,Shirak,Ashot,Low,No disability,Men,Employment_rate,28.473745384216354,%,Administrative_Health_Reports,ok
2022,Armenia,Shirak,Ashot,Low,No disability,Men,Decision_making_participation,,%,Household_Survey,missing_value
2022,Armenia,Shirak,Ashot,Low,With disability,Women,School_enrollment,,%,Labour_Force_Survey,missing_value
2022,Armenia,Shirak,Ashot,Low,With disability,Women,Health_services_access,9.607354648507732,%,Civic_Participation_Records,ok
2022,Armenia,Shirak,Ashot,Low,With disability,Women,GBV_services_access,,%,Civic_Participation_Records,missing_value
2022,Armenia,Shirak,Ashot,Low,With disability,Women,Employment_rate,11.588998625647754,%,Community_GBV_Monitoring,ok
2022,Armenia,Shirak,Ashot,Low,With disability,Women,Decision_making_participation,,%,Community_GBV_Monitoring,missing_value
2022,Armenia,Shirak,Ashot,Low,With disability,Men,School_enrollment,15.570810900417031,%,Civic_Participation_Records,ok
2022,Armenia,Shirak,Ashot,Low,With disability,Men,Health_services_access,13.232904853847145,%,Household_Survey,ok
2022,Armenia,Shirak,Ashot,Low,With disability,Men,GBV_services_access,,%,Civic_Participation_Records,missing_value
2022,Armenia,Shirak,Ashot,Low,With disability,Men,Employment_rate,9.693691668712244,%,Community_GBV_Monitoring,ok
2022,Armenia,Shirak,Ashot,Low,With disability,Men,Decision_making_participation,19.08812130451335,%,Community_GBV_Monitoring,ok
2022,Armenia,Shirak,Ashot,Middle,No disability,Women,School_enrollment,47.523483255914186,%,Administrative_Health_Reports,ok
2022,Armenia,Shirak,Ashot,Middle,No disability,Women,Health_services_access,41.7712869808077,%,Civic_Participation_Records,ok
2022,Armenia,Shirak,Ashot,Middle,No disability,Women,GBV_services_access,43.58902863088777,%,Community_GBV_Monitoring,ok
2022,Armenia,Shirak,Ashot,Middle,No disability,Women,Employment_rate,42.98962392152424,%,Labour_Force_Survey,ok
2022,Armenia,Shirak,Ashot,Middle,No disability,Women,Decision_making_participation,46.13289374121412,%,Household_Survey,ok
2022,Armenia,Shirak,Ashot,Middle,No disability,Men,School_enrollment,52.62493764965707,%,Administrative_Health_Reports,ok
2022,Armenia,Shirak,Ashot,Middle,No disability,Men,Health_services_access,46.29824620663297,%,Household_Survey,ok
2022,Armenia,Shirak,Ashot,Middle,No disability,Men,GBV_services_access,46.58426120773567,%,Household_Survey,ok
2022,Armenia,Shirak,Ashot,Middle,No disability,Men,Employment_rate,42.47059256326086,%,Household_Survey,ok
2022,Armenia,Shirak,Ashot,Middle,No disability,Men,Decision_making_participation,45.518601803274855,%,Household_Survey,ok
2022,Armenia,Shirak,Ashot,Middle,With disability,Women,School_enrollment,26.279526784472658,%,Civic_Participation_Records,ok
2022,Armenia,Shirak,Ashot,Middle,With disability,Women,Health_services_access,29.27723905880353,%,Community_GBV_Monitoring,ok
2022,Armenia,Shirak,Ashot,Middle,With disability,Women,GBV_services_access,24.639441308270467,%,Civic_Participation_Records,ok
2022,Armenia,Shirak,Ashot,Middle,With disability,Women,Employment_rate,27.565673493810994,%,Labour_Force_Survey,ok
2022,Armenia,Shirak,Ashot,Middle,With disability,Women,Decision_making_participation,,%,Administrative_Health_Reports,missing_value
2022,Armenia,Shirak,Ashot,Middle,With disability,Men,School_enrollment,29.314422847255038,%,Labour_Force_Survey,ok
2022,Armenia,Shirak,Ashot,Middle,With disability,Men,Health_services_access,23.649484866262085,%,Community_GBV_Monitoring,ok
2022,Armenia,Shirak,Ashot,Middle,With disability,Men,GBV_services_access,29.21709538404361,%,Administrative_Health_Reports,ok
2022,Armenia,Shirak,Ashot,Middle,With disability,Men,Employment_rate,28.812927033003508,%,Labour_Force_Survey,ok
2022,Armenia,Shirak,Ashot,Middle,With disability,Men,Decision_making_participation,25.89691710203529,%,Community_GBV_Monitoring,ok
2022,Armenia,Shirak,Ashot,High,No disability,Women,School_enrollment,47.07765496834912,%,Household_Survey,ok
2022,Armenia,Shirak,Ashot,High,No disability,Women,Health_services_access,47.19700185871448,%,Labour_Force_Survey,ok
2022,Armenia,Shirak,Ashot,High,No disability,Women,GBV_services_access,51.739290544290405,%,Administrative_Health_Reports,ok
2022,Armenia,Shirak,Ashot,High,No disability,Women,Employment_rate,42.97223948339281,%,Administrative_Health_Reports,ok
2022,Armenia,Shirak,Ashot,High,No disability,Women,Decision_making_participation,48.59908404537856,%,Administrative_Health_Reports,ok
2022,Armenia,Shirak,Ashot,High,No disability,Men,School_enrollment,51.745753225467624,%,Civic_Participation_Records,ok
2022,Armenia,Shirak,Ashot,High,No disability,Men,Health_services_access,52.57780079374173,%,Administrative_Health_Reports,ok
2022,Armenia,Shirak,Ashot,High,No disability,Men,GBV_services_access,52.28949369938564,%,Labour_Force_Survey,ok
2022,Armenia,Shirak,Ashot,High,No disability,Men,Employment_rate,52.57071851831469,%,Civic_Participation_Records,ok
2022,Armenia,Shirak,Ashot,High,No disability,Men,Decision_making_participation,51.55569611266194,%,Administrative_Health_Reports,ok
2022,Armenia,Shirak,Ashot,High,With disability,Women,School_enrollment,30.81239476049041,%,Civic_Participation_Records,ok
2022,Armenia,Shirak,Ashot,High,With disability,Women,Health_services_access,30.777407154118123,%,Community_GBV_Monitoring,ok
2022,Armenia,Shirak,Ashot,High,With disability,Women,GBV_services_access,25.88871166646354,%,Civic_Participation_Records,ok
2022,Armenia,Shirak,Ashot,High,With disability,Women,Employment_rate,28.070137960176655,%,Civic_Participation_Records,ok
2022,Armenia,Shirak,Ashot,High,With disability,Women,Decision_making_participation,,%,Household_Survey,missing_value
2022,Armenia,Shirak,Ashot,High,With disability,Men,School_enrollment,33.27042457333473,%,Community_GBV_Monitoring,ok
2022,Armenia,Shirak,Ashot,High,With disability,Men,Health_services_access,28.20251219692825,%,Labour_Force_Survey,ok
2022,Armenia,Shirak,Ashot,High,With disability,Men,GBV_services_access,31.38628343119431,%,Labour_Force_Survey,ok
2022,Armenia,Shirak,Ashot,High,With disability,Men,Employment_rate,30.093996590948553,%,Household_Survey,ok
2022,Armenia,Shirak,Ashot,High,With disability,Men,Decision_making_participation,,%,Community_GBV_Monitoring,missing_value
2023,Armenia,Shirak,Ashot,Low,No disability,Women,School_enrollment,27.042454922138035,%,Community_GBV_Monitoring,ok
2023,Armenia,Shirak,Ashot,Low,No disability,Women,Health_services_access,,%,Community_GBV_Monitoring,missing_value
2023,Armenia,Shirak,Ashot,Low,No disability,Women,GBV_services_access,26.096832076787994,%,Labour_Force_Survey,ok
2023,Armenia,Shirak,Ashot,Low,No disability,Women,Employment_rate,25.42771937043296,%,Labour_Force_Survey,ok
2023,Armenia,Shirak,Ashot,Low,No disability,Women,Decision_making_participation,31.606699888163906,%,Community_GBV_Monitoring,ok
2023,Armenia,Shirak,Ashot,Low,No disability,Men,School_enrollment,37.24211094770556,%,Civic_Participation_Records,ok
2023,Armenia,Shirak,Ashot,Low,No disability,Men,Health_services_access,28.374308598215148,%,Household_Survey,ok
2023,Armenia,Shirak,Ashot,Low,No disability,Men,GBV_services_access,29.287992148991453,%,Civic_Participation_Records,ok
2023,Armenia,Shirak,Ashot,Low,No disability,Men,Employment_rate,26.325391986175184,%,Administrative_Health_Reports,ok
2023,Armenia,Shirak,Ashot,Low,No disability,Men,Decision_making_participation,30.581091820756498,%,Community_GBV_Monitoring,ok
2023,Armenia,Shirak,Ashot,Low,With disability,Women,School_enrollment,10.969744419761343,%,Civic_Participation_Records,ok
2023,Armenia,Shirak,Ashot,Low,With disability,Women,Health_services_access,6.333796284963484,%,Labour_Force_Survey,ok
2023,Armenia,Shirak,Ashot,Low,With disability,Women,GBV_services_access,2.3847884241805977,%,Household_Survey,ok
2023,Armenia,Shirak,Ashot,Low,With disability,Women,Employment_rate,,%,Civic_Participation_Records,missing_value
2023,Armenia,Shirak,Ashot,Low,With disability,Women,Decision_making_participation,11.632979716646432,%,Labour_Force_Survey,ok
2023,Armenia,Shirak,Ashot,Low,With disability,Men,School_enrollment,,%,Administrative_Health_Reports,missing_value
2023,Armenia,Shirak,Ashot,Low,With disability,Men,Health_services_access,8.597733511923167,%,Household_Survey,ok
2023,Armenia,Shirak,Ashot,Low,With disability,Men,GBV_services_access,10.89187613893569,%,Labour_Force_Survey,ok
2023,Armenia,Shirak,Ashot,Low,With disability,Men,Employment_rate,17.16267230465163,%,Administrative_Health_Reports,ok
2023,Armenia,Shirak,Ashot,Low,With disability,Men,Decision_making_participation,12.650594803626849,%,Administrative_Health_Reports,ok
2023,Armenia,Shirak,Ashot,Middle,No disability,Women,School_enrollment,,%,Community_GBV_Monitoring,missing_value
2023,Armenia,Shirak,Ashot,Middle,No disability,Women,Health_services_access,39.22846836590823,%,Administrative_Health_Reports,ok
2023,Armenia,Shirak,Ashot,Middle,No disability,Women,GBV_services_access,46.3113685390809,%,Labour_Force_Survey,ok
2023,Armenia,Shirak,Ashot,Middle,No disability,Women,Employment_rate,42.403285639102194,%,Community_GBV_Monitoring,ok
2023,Armenia,Shirak,Ashot,Middle,No disability,Women,Decision_making_participation,48.756326496503355,%,Administrative_Health_Reports,ok
2023,Armenia,Shirak,Ashot,Middle,No disability,Men,School_enrollment,48.58283169410455,%,Civic_Participation_Records,ok
2023,Armenia,Shirak,Ashot,Middle,No disability,Men,Health_services_access,45.847413315889334,%,Household_Survey,ok
2023,Armenia,Shirak,Ashot,Middle,No disability,Men,GBV_services_access,46.20765660915301,%,Administrative_Health_Reports,ok
2023,Armenia,Shirak,Ashot,Middle,No disability,Men,Employment_rate,48.69898238123458,%,Administrative_Health_Reports,ok
2023,Armenia,Shirak,Ashot,Middle,No disability,Men,Decision_making_participation,46.39403612090652,%,Household_Survey,ok
2023,Armenia,Shirak,Ashot,Middle,With disability,Women,School_enrollment,,%,Community_GBV_Monitoring,missing_value
2023,Armenia,Shirak,Ashot,Middle,With disability,Women,Health_services_access,,%,Labour_Force_Survey,missing_value
2023,Armenia,Shirak,Ashot,Middle,With disability,Women,GBV_services_access,19.415159366738433,%,Administrative_Health_Reports,ok
2023,Armenia,Shirak,Ashot,Middle,With disability,Women,Employment_rate,30.402825269399557,%,Community_GBV_Monitoring,ok
2023,Armenia,Shirak,Ashot,Middle,With disability,Women,Decision_making_participation,28.160432971829426,%,Household_Survey,ok
2023,Armenia,Shirak,Ashot,Middle,With disability,Men,School_enrollment,27.480591204453557,%,Community_GBV_Monitoring,ok
2023,Armenia,Shirak,Ashot,Middle,With disability,Men,Health_services_access,24.10013487027863,%,Labour_Force_Survey,ok
2023,Armenia,Shirak,Ashot,Middle,With disability,Men,GBV_services_access,,%,Community_GBV_Monitoring,missing_value
2023,Armenia,Shirak,Ashot,Middle,With disability,Men,Employment_rate,30.032766173159484,%,Civic_Participation_Records,ok
2023,Armenia,Shirak,Ashot,Middle,With disability,Men,Decision_making_participation,26.343136963858385,%,Labour_Force_Survey,ok
2023,Armenia,Shirak,Ashot,High,No disability,Women,School_enrollment,50.719831899709085,%,Household_Survey,ok
2023,Armenia,Shirak,Ashot,High,No disability,Women,Health_services_access,47.82514852083669,%,Household_Survey,ok
2023,Armenia,Shirak,Ashot,High,No disability,Women,GBV_services_access,52.65559411243636,%,Community_GBV_Monitoring,ok
2023,Armenia,Shirak,Ashot,High,No disability,Women,Employment_rate,44.370867508196085,%,Labour_Force_Survey,ok
2023,Armenia,Shirak,Ashot,High,No disability,Women,Decision_making_participation,54.741524993023525,%,Civic_Participation_Records,ok
2023,Armenia,Shirak,Ashot,High,No disability,Men,School_enrollment,54.381440718183036,%,Civic_Participation_Records,ok
2023,Armenia,Shirak,Ashot,High,No disability,Men,Health_services_access,55.20450867323857,%,Civic_Participation_Records,ok
2023,Armenia,Shirak,Ashot,High,No disability,Men,GBV_services_access,53.73260421470625,%,Labour_Force_Survey,ok
2023,Armenia,Shirak,Ashot,High,No disability,Men,Employment_rate,50.64904866868902,%,Administrative_Health_Reports,ok
2023,Armenia,Shirak,Ashot,High,No disability,Men,Decision_making_participation,52.34110949121325,%,Household_Survey,ok
2023,Armenia,Shirak,Ashot,High,With disability,Women,School_enrollment,34.076698703067024,%,Community_GBV_Monitoring,ok
2023,Armenia,Shirak,Ashot,High,With disability,Women,Health_services_access,25.291881002472504,%,Administrative_Health_Reports,ok
2023,Armenia,Shirak,Ashot,High,With disability,Women,GBV_services_access,,%,Community_GBV_Monitoring,missing_value
2023,Armenia,Shirak,Ashot,High,With disability,Women,Employment_rate,30.330644752481923,%,Community_GBV_Monitoring,ok
2023,Armenia,Shirak,Ashot,High,With disability,Women,Decision_making_participation,29.949797387142272,%,Civic_Participation_Records,ok
2023,Armenia,Shirak,Ashot,High,With disability,Men,School_enrollment,31.502227240168263,%,Civic_Participation_Records,ok
2023,Armenia,Shirak,Ashot,High,With disability,Men,Health_services_access,30.377038925735953,%,Administrative_Health_Reports,ok
2023,Armenia,Shirak,Ashot,High,With disability,Men,GBV_services_access,,%,Civic_Participation_Records,missing_value
2023,Armenia,Shirak,Ashot,High,With disability,Men,Employment_rate,34.726799822846175,%,Community_GBV_Monitoring,ok
2023,Armenia,Shirak,Ashot,High,With disability,Men,Decision_making_participation,,%,Civic_Participation_Records,missing_value
2024,Armenia,Shirak,Ashot,Low,No disability,Women,School_enrollment,31.160792306483337,%,Household_Survey,ok
2024,Armenia,Shirak,Ashot,Low,No disability,Women,Health_services_access,24.789266025301927,%,Civic_Participation_Records,ok
2024,Armenia,Shirak,Ashot,Low,No disability,Women,GBV_services_access,30.7162185394977,%,Household_Survey,ok
2024,Armenia,Shirak,Ashot,Low,No disability,Women,Employment_rate,23.753440522516375,%,Community_GBV_Monitoring,ok
2024,Armenia,Shirak,Ashot,Low,No disability,Women,Decision_making_participation,32.27645853269149,%,Household_Survey,ok
2024,Armenia,Shirak,Ashot,Low,No disability,Men,School_enrollment,35.021953240049065,%,Community_GBV_Monitoring,ok
2024,Armenia,Shirak,Ashot,Low,No disability,Men,Health_services_access,31.865346373428537,%,Community_GBV_Monitoring,ok
2024,Armenia,Shirak,Ashot,Low,No disability,Men,GBV_services_access,33.860174867145915,%,Household_Survey,ok
2024,Armenia,Shirak,Ashot,Low,No disability,Men,Employment_rate,30.398749695477292,%,Household_Survey,ok
2024,Armenia,Shirak,Ashot,Low,No disability,Men,Decision_making_participation,31.25635926956196,%,Labour_Force_Survey,ok
2024,Armenia,Shirak,Ashot,Low,With disability,Women,School_enrollment,12.595790823484412,%,Household_Survey,ok
2024,Armenia,Shirak,Ashot,Low,With disability,Women,Health_services_access,5.649542707066068,%,Community_GBV_Monitoring,ok
2024,Armenia,Shirak,Ashot,Low,With disability,Women,GBV_services_access,,%,Household_Survey,missing_value
2024,Armenia,Shirak,Ashot,Low,With disability,Women,Employment_rate,6.024268485168404,%,Community_GBV_Monitoring,ok
2024,Armenia,Shirak,Ashot,Low,With disability,Women,Decision_making_participation,12.216901586544271,%,Household_Survey,ok
2024,Armenia,Shirak,Ashot,Low,With disability,Men,School_enrollment,,%,Household_Survey,missing_value
2024,Armenia,Shirak,Ashot,Low,With disability,Men,Health_services_access,,%,Community_GBV_Monitoring,missing_value
2024,Armenia,Shirak,Ashot,Low,With disability,Men,GBV_services_access,8.044925788580956,%,Household_Survey,ok
2024,Armenia,Shirak,Ashot,Low,With disability,Men,Employment_rate,,%,Household_Survey,missing_value
2024,Armenia,Shirak,Ashot,Low,With disability,Men,Decision_making_participation,,%,Household_Survey,missing_value
2024,Armenia,Shirak,Ashot,Middle,No disability,Women,School_enrollment,41.00978147346217,%,Civic_Participation_Records,ok
2024,Armenia,Shirak,Ashot,Middle,No disability,Women,Health_services_access,45.19739103812479,%,Labour_Force_Survey,ok
2024,Armenia,Shirak,Ashot,Middle,No disability,Women,GBV_services_access,43.79220846411736,%,Community_GBV_Monitoring,ok
2024,Armenia,Shirak,Ashot,Middle,No disability,Women,Employment_rate,,%,Labour_Force_Survey,missing_value
2024,Armenia,Shirak,Ashot,Middle,No disability,Women,Decision_making_participation,40.46698100794055,%,Household_Survey,ok
2024,Armenia,Shirak,Ashot,Middle,No disability,Men,School_enrollment,47.5719765538791,%,Labour_Force_Survey,ok
2024,Armenia,Shirak,Ashot,Middle,No disability,Men,Health_services_access,48.760560224554695,%,Household_Survey,ok
2024,Armenia,Shirak,Ashot,Middle,No disability,Men,GBV_services_access,52.41235728877092,%,Community_GBV_Monitoring,ok
2024,Armenia,Shirak,Ashot,Middle,No disability,Men,Employment_rate,44.673827921479614,%,Household_Survey,ok
2024,Armenia,Shirak,Ashot,Middle,No disability,Men,Decision_making_participation,52.58107148252924,%,Household_Survey,ok
2024,Armenia,Shirak,Ashot,Middle,With disability,Women,School_enrollment,22.735044509409207,%,Labour_Force_Survey,ok
2024,Armenia,Shirak,Ashot,Middle,With disability,Women,Health_services_access,,%,Labour_Force_Survey,missing_value
2024,Armenia,Shirak,Ashot,Middle,With disability,Women,GBV_services_access,25.75137906180133,%,Civic_Participation_Records,ok
2024,Armenia,Shirak,Ashot,Middle,With disability,Women,Employment_rate,27.88823475996723,%,Community_GBV_Monitoring,ok
2024,Armenia,Shirak,Ashot,Middle,With disability,Women,Decision_making_participation,26.490122647152713,%,Administrative_Health_Reports,ok
2024,Armenia,Shirak,Ashot,Middle,With disability,Men,School_enrollment,27.19986788144835,%,Community_GBV_Monitoring,ok
2024,Armenia,Shirak,Ashot,Middle,With disability,Men,Health_services_access,27.7499504706216,%,Labour_Force_Survey,ok
2024,Armenia,Shirak,Ashot,Middle,With disability,Men,GBV_services_access,26.999503525277845,%,Labour_Force_Survey,ok
2024,Armenia,Shirak,Ashot,Middle,With disability,Men,Employment_rate,32.897643347914034,%,Household_Survey,ok
2024,Armenia,Shirak,Ashot,Middle,With disability,Men,Decision_making_participation,29.653925035628994,%,Community_GBV_Monitoring,ok
2024,Armenia,Shirak,Ashot,High,No disability,Women,School_enrollment,51.815272245288156,%,Labour_Force_Survey,ok
2024,Armenia,Shirak,Ashot,High,No disability,Women,Health_services_access,50.988945851477595,%,Labour_Force_Survey,ok
2024,Armenia,Shirak,Ashot,High,No disability,Women,GBV_services_access,50.19234436528457,%,Civic_Participation_Records,ok
2024,Armenia,Shirak,Ashot,High,No disability,Women,Employment_rate,47.95877021347929,%,Community_GBV_Monitoring,ok
2024,Armenia,Shirak,Ashot,High,No disability,Women,Decision_making_participation,47.9082131139983,%,Community_GBV_Monitoring,ok
2024,Armenia,Shirak,Ashot,High,No disability,Men,School_enrollment,53.812926888297056,%,Household_Survey,ok
2024,Armenia,Shirak,Ashot,High,No disability,Men,Health_services_access,57.225096232507276,%,Labour_Force_Survey,ok
2024,Armenia,Shirak,Ashot,High,No disability,Men,GBV_services_access,56.241219265554534,%,Administrative_Health_Reports,ok
2024,Armenia,Shirak,Ashot,High,No disability,Men,Employment_rate,55.12685084462189,%,Administrative_Health_Reports,ok
2024,Armenia,Shirak,Ashot,High,No disability,Men,Decision_making_participation,57.044547873537425,%,Administrative_Health_Reports,ok
2024,Armenia,Shirak,Ashot,High,With disability,Women,School_enrollment,27.358563931517843,%,Household_Survey,ok
2024,Armenia,Shirak,Ashot,High,With disability,Women,Health_services_access,,%,Labour_Force_Survey,missing_value
2024,Armenia,Shirak,Ashot,High,With disability,Women,GBV_services_access,27.977268689552073,%,Labour_Force_Survey,ok
2024,Armenia,Shirak,Ashot,High,With disability,Women,Employment_rate,,%,Community_GBV_Monitoring,missing_value
2024,Armenia,Shirak,Ashot,High,With disability,Women,Decision_making_participation,28.770735465182753,%,Administrative_Health_Reports,ok
2024,Armenia,Shirak,Ashot,High,With disability,Men,School_enrollment,27.738077214923724,%,Administrative_Health_Reports,ok
2024,Armenia,Shirak,Ashot,High,With disability,Men,Health_services_access,,%,Administrative_Health_Reports,missing_value
2024,Armenia,Shirak,Ashot,High,With disability,Men,GBV_services_access,29.420724605888285,%,Community_GBV_Monitoring,ok
2024,Armenia,Shirak,Ashot,High,With disability,Men,Employment_rate,32.43562071538828,%,Administrative_Health_Reports,ok
2024,Armenia,Shirak,Ashot,High,With disability,Men,Decision_making_participation,,%,Household_Survey,missing_value
2020,Colombia,Bogota,Teusaquillo,Low,No disability,Women,School_enrollment,31.754780951706852,%,Civic_Participation_Records,ok
2020,Colombia,Bogota,Teusaquillo,Low,No disability,Women,Health_services_access,29.68730667445688,%,Community_GBV_Monitoring,ok
2020,Colombia,Bogota,Teusaquillo,Low,No disability,Women,GBV_services_access,,%,Civic_Participation_Records,missing_value
2020,Colombia,Bogota,Teusaquillo,Low,No disability,Women,Employment_rate,24.127017186864308,%,Community_GBV_Monitoring,ok
2020,Colombia,Bogota,Teusaquillo,Low,No disability,Women,Decision_making_participation,30.175685550800697,%,Administrative_Health_Reports,ok
2020,Colombia,Bogota,Teusaquillo,Low,No disability,Men,School_enrollment,32.74420650800525,%,Community_GBV_Monitoring,ok
2020,Colombia,Bogota,Teusaquillo,Low,No disability,Men,Health_services_access,37.1768058359139,%,Community_GBV_Monitoring,ok
2020,Colombia,Bogota,Teusaquillo,Low,No disability,Men,GBV_services_access,37.6404591562365,%,Community_GBV_Monitoring,ok
2020,Colombia,Bogota,Teusaquillo,Low,No disability,Men,Employment_rate,30.22941419428479,%,Administrative_Health_Reports,ok
2020,Colombia,Bogota,Teusaquillo,Low,No disability,Men,Decision_making_participation,36.93571092377191,%,Labour_Force_Survey,ok
2020,Colombia,Bogota,Teusaquillo,Low,With disability,Women,School_enrollment,9.51968871502625,%,Household_Survey,ok
2020,Colombia,Bogota,Teusaquillo,Low,With disability,Women,Health_services_access,11.259150205870297,%,Labour_Force_Survey,ok
2020,Colombia,Bogota,Teusaquillo,Low,With disability,Women,GBV_services_access,9.696965417988993,%,Civic_Participation_Records,ok
2020,Colombia,Bogota,Teusaquillo,Low,With disability,Women,Employment_rate,,%,Civic_Participation_Records,missing_value
2020,Colombia,Bogota,Teusaquillo,Low,With disability,Women,Decision_making_participation,14.287698852972081,%,Civic_Participation_Records,ok
2020,Colombia,Bogota,Teusaquillo,Low,With disability,Men,School_enrollment,17.9934995335585,%,Labour_Force_Survey,ok
2020,Colombia,Bogota,Teusaquillo,Low,With disability,Men,Health_services_access,12.795798835999962,%,Community_GBV_Monitoring,ok
2020,Colombia,Bogota,Teusaquillo,Low,With disability,Men,GBV_services_access,12.662152954184439,%,Community_GBV_Monitoring,ok
2020,Colombia,Bogota,Teusaquillo,Low,With disability,Men,Employment_rate,14.596937206200085,%,Administrative_Health_Reports,ok
2020,Colombia,Bogota,Teusaquillo,Low,With disability,Men,Decision_making_participation,17.271912622335908,%,Labour_Force_Survey,ok
2020,Colombia,Bogota,Teusaquillo,Middle,No disability,Women,School_enrollment,51.12433442639247,%,Labour_Force_Survey,ok
2020,Colombia,Bogota,Teusaquillo,Middle,No disability,Women,Health_services_access,46.4856115690469,%,Administrative_Health_Reports,ok
2020,Colombia,Bogota,Teusaquillo,Middle,No disability,Women,GBV_services_access,47.48183088574101,%,Labour_Force_Survey,ok
2020,Colombia,Bogota,Teusaquillo,Middle,No disability,Women,Employment_rate,45.2956730475535,%,Civic_Participation_Records,ok
2020,Colombia,Bogota,Teusaquillo,Middle,No disability,Women,Decision_making_participation,44.04010038208167,%,Community_GBV_Monitoring,ok
2020,Colombia,Bogota,Teusaquillo,Middle,No disability,Men,School_enrollment,47.57388906977262,%,Community_GBV_Monitoring,ok
2020,Colombia,Bogota,Teusaquillo,Middle,No disability,Men,Health_services_access,52.7417675254054,%,Administrative_Health_Reports,ok
2020,Colombia,Bogota,Teusaquillo,Middle,No disability,Men,GBV_services_access,53.51443172791066,%,Administrative_Health_Reports,ok
2020,Colombia,Bogota,Teusaquillo,Middle,No disability,Men,Employment_rate,48.50934481911218,%,Household_Survey,ok
2020,Colombia,Bogota,Teusaquillo,Middle,No disability,Men,Decision_making_participation,48.67041492712324,%,Community_GBV_Monitoring,ok
2020,Colombia,Bogota,Teusaquillo,Middle,With disability,Women,School_enrollment,27.983588685042726,%,Civic_Participation_Records,ok
2020,Colombia,Bogota,Teusaquillo,Middle,With disability,Women,Health_services_access,29.50329763941603,%,Labour_Force_Survey,ok
2020,Colombia,Bogota,Teusaquillo,Middle,With disability,Women,GBV_services_access,23.496147361389443,%,Administrative_Health_Reports,ok
2020,Colombia,Bogota,Teusaquillo,Middle,With disability,Women,Employment_rate,28.056130861025334,%,Household_Survey,ok
2020,Colombia,Bogota,Teusaquillo,Middle,With disability,Women,Decision_making_participation,25.21476885531319,%,Household_Survey,ok
2020,Colombia,Bogota,Teusaquillo,Middle,With disability,Men,School_enrollment,,%,Labour_Force_Survey,missing_value
2020,Colombia,Bogota,Teusaquillo,Middle,With disability,Men,Health_services_access,27.235122421020673,%,Labour_Force_Survey,ok
2020,Colombia,Bogota,Teusaquillo,Middle,With disability,Men,GBV_services_access,27.62780057725355,%,Administrative_Health_Reports,ok
2020,Colombia,Bogota,Teusaquillo,Middle,With disability,Men,Employment_rate,34.192439697968716,%,Household_Survey,ok
2020,Colombia,Bogota,Teusaquillo,Middle,With disability,Men,Decision_making_participation,,%,Civic_Participation_Records,missing_value
2020,Colombia,Bogota,Teusaquillo,High,No disability,Women,School_enrollment,54.53836079452162,%,Community_GBV_Monitoring,ok
2020,Colombia,Bogota,Teusaquillo,High,No disability,Women,Health_services_access,54.14097669416358,%,Administrative_Health_Reports,ok
2020,Colombia,Bogota,Teusaquillo,High,No disability,Women,GBV_services_access,52.45947857373896,%,Community_GBV_Monitoring,ok
2020,Colombia,Bogota,Teusaquillo,High,No disability,Women,Employment_rate,54.79407654786441,%,Labour_Force_Survey,ok
2020,Colombia,Bogota,Teusaquillo,High,No disability,Women,Decision_making_participation,48.819583780372845,%,Administrative_Health_Reports,ok
2020,Colombia,Bogota,Teusaquillo,High,No disability,Men,School_enrollment,58.1115926776111,%,Labour_Force_Survey,ok
2020,Colombia,Bogota,Teusaquillo,High,No disability,Men,Health_services_access,62.65433414727063,%,Labour_Force_Survey,ok
2020,Colombia,Bogota,Teusaquillo,High,No disability,Men,GBV_services_access,56.58172333637123,%,Household_Survey,ok
2020,Colombia,Bogota,Teusaquillo,High,No disability,Men,Employment_rate,57.58478346704966,%,Labour_Force_Survey,ok
2020,Colombia,Bogota,Teusaquillo,High,No disability,Men,Decision_making_participation,58.904592928327844,%,Civic_Participation_Records,ok
2020,Colombia,Bogota,Teusaquillo,High,With disability,Women,School_enrollment,34.51745870426389,%,Administrative_Health_Reports,ok
2020,Colombia,Bogota,Teusaquillo,High,With disability,Women,Health_services_access,32.51172103905196,%,Community_GBV_Monitoring,ok
2020,Colombia,Bogota,Teusaquillo,High,With disability,Women,GBV_services_access,28.192105296909517,%,Administrative_Health_Reports,ok
2020,Colombia,Bogota,Teusaquillo,High,With disability,Women,Employment_rate,32.02531342952024,%,Household_Survey,ok
2020,Colombia,Bogota,Teusaquillo,High,With disability,Women,Decision_making_participation,30.457252928030783,%,Labour_Force_Survey,ok
2020,Colombia,Bogota,Teusaquillo,High,With disability,Men,School_enrollment,,%,Labour_Force_Survey,missing_value
2020,Colombia,Bogota,Teusaquillo,High,With disability,Men,Health_services_access,35.21692970011823,%,Household_Survey,ok
2020,Colombia,Bogota,Teusaquillo,High,With disability,Men,GBV_services_access,36.41299362390122,%,Civic_Participation_Records,ok
2020,Colombia,Bogota,Teusaquillo,High,With disability,Men,Employment_rate,,%,Labour_Force_Survey,missing_value
2020,Colombia,Bogota,Teusaquillo,High,With disability,Men,Decision_making_participation,36.123329976700376,%,Community_GBV_Monitoring,ok
2021,Colombia,Bogota,Teusaquillo,Low,No disability,Women,School_enrollment,31.998183692822234,%,Community_GBV_Monitoring,ok
2021,Colombia,Bogota,Teusaquillo,Low,No disability,Women,Health_services_access,,%,Community_GBV_Monitoring,missing_value
2021,Colombia,Bogota,Teusaquillo,Low,No disability,Women,GBV_services_access,32.094763841852355,%,Community_GBV_Monitoring,ok
2021,Colombia,Bogota,Teusaquillo,Low,No disability,Women,Employment_rate,28.72108561086557,%,Household_Survey,ok
2021,Colombia,Bogota,Teusaquillo,Low,No disability,Women,Decision_making_participation,,%,Community_GBV_Monitoring,missing_value
2021,Colombia,Bogota,Teusaquillo,Low,No disability,Men,School_enrollment,36.78919408488792,%,Community_GBV_Monitoring,ok
2021,Colombia,Bogota,Teusaquillo,Low,No disability,Men,Health_services_access,38.32314576362275,%,Civic_Participation_Records,ok
2021,Colombia,Bogota,Teusaquillo,Low,No disability,Men,GBV_services_access,35.798801159460936,%,Civic_Participation_Records,ok
2021,Colombia,Bogota,Teusaquillo,Low,No disability,Men,Employment_rate,31.132841492074782,%,Labour_Force_Survey,ok
2021,Colombia,Bogota,Teusaquillo,Low,No disability,Men,Decision_making_participation,33.48534217116111,%,Community_GBV_Monitoring,ok
2021,Colombia,Bogota,Teusaquillo,Low,With disability,Women,School_enrollment,11.865236127254846,%,Administrative_Health_Reports,ok
2021,Colombia,Bogota,Teusaquillo,Low,With disability,Women,Health_services_access,8.672298022563567,%,Community_GBV_Monitoring,ok
2021,Colombia,Bogota,Teusaquillo,Low,With disability,Women,GBV_services_access,5.389866415063109,%,Community_GBV_Monitoring,ok
2021,Colombia,Bogota,Teusaquillo,Low,With disability,Women,Employment_rate,11.025338324592605,%,Community_GBV_Monitoring,ok
2021,Colombia,Bogota,Teusaquillo,Low,With disability,Women,Decision_making_participation,15.08392953850071,%,Household_Survey,ok
2021,Colombia,Bogota,Teusaquillo,Low,With disability,Men,School_enrollment,17.42661602961681,%,Labour_Force_Survey,ok
2021,Colombia,Bogota,Teusaquillo,Low,With disability,Men,Health_services_access,14.825576994551174,%,Community_GBV_Monitoring,ok
2021,Colombia,Bogota,Teusaquillo,Low,With disability,Men,GBV_services_access,13.572661585602473,%,Community_GBV_Monitoring,ok
2021,Colombia,Bogota,Teusaquillo,Low,With disability,Men,Employment_rate,12.652947806341059,%,Civic_Participation_Records,ok
2021,Colombia,Bogota,Teusaquillo,Low,With disability,Men,Decision_making_participation,17.250003196470633,%,Household_Survey,ok
2021,Colombia,Bogota,Teusaquillo,Middle,No disability,Women,School_enrollment,46.385805512482776,%,Household_Survey,ok
2021,Colombia,Bogota,Teusaquillo,Middle,No disability,Women,Health_services_access,48.26325913432391,%,Labour_Force_Survey,ok
2021,Colombia,Bogota,Teusaquillo,Middle,No disability,Women,GBV_services_access,43.789646093607004,%,Labour_Force_Survey,ok
2021,Colombia,Bogota,Teusaquillo,Middle,No disability,Women,Employment_rate,48.82007035872145,%,Civic_Participation_Records,ok
2021,Colombia,Bogota,Teusaquillo,Middle,No disability,Women,Decision_making_participation,47.349652130725204,%,Administrative_Health_Reports,ok
2021,Colombia,Bogota,Teusaquillo,Middle,No disability,Men,School_enrollment,50.2009283949934,%,Administrative_Health_Reports,ok
2021,Colombia,Bogota,Teusaquillo,Middle,No disability,Men,Health_services_access,52.10737610827804,%,Household_Survey,ok
2021,Colombia,Bogota,Teusaquillo,Middle,No disability,Men,GBV_services_access,,%,Community_GBV_Monitoring,missing_value
2021,Colombia,Bogota,Teusaquillo,Middle,No disability,Men,Employment_rate,50.72886280210671,%,Labour_Force_Survey,ok
2021,Colombia,Bogota,Teusaquillo,Middle,No disability,Men,Decision_making_participation,49.48825510507809,%,Household_Survey,ok
2021,Colombia,Bogota,Teusaquillo,Middle,With disability,Women,School_enrollment,29.109445172800044,%,Labour_Force_Survey,ok
2021,Colombia,Bogota,Teusaquillo,Middle,With disability,Women,Health_services_access,23.620466258842857,%,Household_Survey,ok
2021,Colombia,Bogota,Teusaquillo,Middle,With disability,Women,GBV_services_access,24.827326571507218,%,Civic_Participation_Records,ok
2021,Colombia,Bogota,Teusaquillo,Middle,With disability,Women,Employment_rate,29.86279631694635,%,Community_GBV_Monitoring,ok
2021,Colombia,Bogota,Teusaquillo,Middle,With disability,Women,Decision_making_participation,,%,Community_GBV_Monitoring,missing_value
2021,Colombia,Bogota,Teusaquillo,Middle,With disability,Men,School_enrollment,33.12818872661319,%,Civic_Participation_Records,ok
2021,Colombia,Bogota,Teusaquillo,Middle,With disability,Men,Health_services_access,33.03876704064913,%,Community_GBV_Monitoring,ok
2021,Colombia,Bogota,Teusaquillo,Middle,With disability,Men,GBV_services_access,30.592168788469575,%,Labour_Force_Survey,ok
2021,Colombia,Bogota,Teusaquillo,Middle,With disability,Men,Employment_rate,36.69111589619166,%,Civic_Participation_Records,ok
2021,Colombia,Bogota,Teusaquillo,Middle,With disability,Men,Decision_making_participation,33.44088756103024,%,Labour_Force_Survey,ok
2021,Colombia,Bogota,Teusaquillo,High,No disability,Women,School_enrollment,47.88255166153229,%,Household_Survey,ok
2021,Colombia,Bogota,Teusaquillo,High,No disability,Women,Health_services_access,50.532832913793584,%,Community_GBV_Monitoring,ok
2021,Colombia,Bogota,Teusaquillo,High,No disability,Women,GBV_services_access,55.20868168450546,%,Civic_Participation_Records,ok
2021,Colombia,Bogota,Teusaquillo,High,No disability,Women,Employment_rate,48.230662142860076,%,Administrative_Health_Reports,ok
2021,Colombia,Bogota,Teusaquillo,High,No disability,Women,Decision_making_participation,50.15553512881493,%,Community_GBV_Monitoring,ok
2021,Colombia,Bogota,Teusaquillo,High,No disability,Men,School_enrollment,54.244867483652975,%,Civic_Participation_Records,ok
2021,Colombia,Bogota,Teusaquillo,High,No disability,Men,Health_services_access,54.049482659670666,%,Administrative_Health_Reports,ok
2021,Colombia,Bogota,Teusaquillo,High,No disability,Men,GBV_services_access,60.30564817950745,%,Community_GBV_Monitoring,ok
2021,Colombia,Bogota,Teusaquillo,High,No disability,Men,Employment_rate,54.74142679719118,%,Community_GBV_Monitoring,ok
2021,Colombia,Bogota,Teusaquillo,High,No disability,Men,Decision_making_participation,57.22864514705152,%,Administrative_Health_Reports,ok
2021,Colombia,Bogota,Teusaquillo,High,With disability,Women,School_enrollment,30.1718262806138,%,Labour_Force_Survey,ok
2021,Colombia,Bogota,Teusaquillo,High,With disability,Women,Health_services_access,30.285702658939158,%,Civic_Participation_Records,ok
2021,Colombia,Bogota,Teusaquillo,High,With disability,Women,GBV_services_access,28.57159297373116,%,Civic_Participation_Records,ok
2021,Colombia,Bogota,Teusaquillo,High,With disability,Women,Employment_rate,31.871181255758355,%,Community_GBV_Monitoring,ok
2021,Colombia,Bogota,Teusaquillo,High,With disability,Women,Decision_making_participation,31.052413149710002,%,Civic_Participation_Records,ok
2021,Colombia,Bogota,Teusaquillo,High,With disability,Men,School_enrollment,,%,Civic_Participation_Records,missing_value
2021,Colombia,Bogota,Teusaquillo,High,With disability,Men,Health_services_access,32.04651560776563,%,Administrative_Health_Reports,ok
2021,Colombia,Bogota,Teusaquillo,High,With disability,Men,GBV_services_access,31.229636851798535,%,Community_GBV_Monitoring,ok
2021,Colombia,Bogota,Teusaquillo,High,With disability,Men,Employment_rate,35.54766516506408,%,Household_Survey,ok
2021,Colombia,Bogota,Teusaquillo,High,With disability,Men,Decision_making_participation,40.949434002917464,%,Household_Survey,ok
2022,Colombia,Bogota,Teusaquillo,Low,No disability,Women,School_enrollment,,%,Civic_Participation_Records,missing_value
2022,Colombia,Bogota,Teusaquillo,Low,No disability,Women,Health_services_access,,%,Civic_Participation_Records,missing_value
2022,Colombia,Bogota,Teusaquillo,Low,No disability,Women,GBV_services_access,28.84650922806633,%,Household_Survey,ok
2022,Colombia,Bogota,Teusaquillo,Low,No disability,Women,Employment_rate,28.28369792431514,%,Household_Survey,ok
2022,Colombia,Bogota,Teusaquillo,Low,No disability,Women,Decision_making_participation,29.90452455193007,%,Civic_Participation_Records,ok
2022,Colombia,Bogota,Teusaquillo,Low,No disability,Men,School_enrollment,41.13759529764698,%,Community_GBV_Monitoring,ok
2022,Colombia,Bogota,Teusaquillo,Low,No disability,Men,Health_services_access,27.835363459159733,%,Household_Survey,ok
2022,Colombia,Bogota,Teusaquillo,Low,No disability,Men,GBV_services_access,32.717872367429294,%,Household_Survey,ok
2022,Colombia,Bogota,Teusaquillo,Low,No disability,Men,Employment_rate,33.056556023553014,%,Administrative_Health_Reports,ok
2022,Colombia,Bogota,Teusaquillo,Low,No disability,Men,Decision_making_participation,35.51796401313611,%,Labour_Force_Survey,ok
2022,Colombia,Bogota,Teusaquillo,Low,With disability,Women,School_enrollment,10.674087429473731,%,Civic_Participation_Records,ok
2022,Colombia,Bogota,Teusaquillo,Low,With disability,Women,Health_services_access,8.779038845784468,%,Administrative_Health_Reports,ok
2022,Colombia,Bogota,Teusaquillo,Low,With disability,Women,GBV_services_access,11.749771602699427,%,Administrative_Health_Reports,ok
2022,Colombia,Bogota,Teusaquillo,Low,With disability,Women,Employment_rate,9.11853802172379,%,Labour_Force_Survey,ok
2022,Colombia,Bogota,Teusaquillo,Low,With disability,Women,Decision_making_participation,16.883014810325168,%,Community_GBV_Monitoring,ok
2022,Colombia,Bogota,Teusaquillo,Low,With disability,Men,School_enrollment,,%,Civic_Participation_Records,missing_value
2022,Colombia,Bogota,Teusaquillo,Low,With disability,Men,Health_services_access,14.487721788020574,%,Labour_Force_Survey,ok
2022,Colombia,Bogota,Teusaquillo,Low,With disability,Men,GBV_services_access,14.827930972015508,%,Administrative_Health_Reports,ok
2022,Colombia,Bogota,Teusaquillo,Low,With disability,Men,Employment_rate,15.708527147975982,%,Civic_Participation_Records,ok
2022,Colombia,Bogota,Teusaquillo,Low,With disability,Men,Decision_making_participation,,%,Community_GBV_Monitoring,missing_value
2022,Colombia,Bogota,Teusaquillo,Middle,No disability,Women,School_enrollment,46.263331904701225,%,Labour_Force_Survey,ok
2022,Colombia,Bogota,Teusaquillo,Middle,No disability,Women,Health_services_access,52.07348671350957,%,Civic_Participation_Records,ok
2022,Colombia,Bogota,Teusaquillo,Middle,No disability,Women,GBV_services_access,53.60066665718862,%,Administrative_Health_Reports,ok
2022,Colombia,Bogota,Teusaquillo,Middle,No disability,Women,Employment_rate,46.35401827475168,%,Community_GBV_Monitoring,ok
2022,Colombia,Bogota,Teusaquillo,Middle,No disability,Women,Decision_making_participation,40.274858165450944,%,Labour_Force_Survey,ok
2022,Colombia,Bogota,Teusaquillo,Middle,No disability,Men,School_enrollment,42.044337103303675,%,Labour_Force_Survey,ok
2022,Colombia,Bogota,Teusaquillo,Middle,No disability,Men,Health_services_access,,%,Household_Survey,missing_value
2022,Colombia,Bogota,Teusaquillo,Middle,No disability,Men,GBV_services_access,50.123073216116595,%,Labour_Force_Survey,ok
2022,Colombia,Bogota,Teusaquillo,Middle,No disability,Men,Employment_rate,51.15073371630364,%,Community_GBV_Monitoring,ok
2022,Colombia,Bogota,Teusaquillo,Middle,No disability,Men,Decision_making_participation,54.07811763487391,%,Household_Survey,ok
2022,Colombia,Bogota,Teusaquillo,Middle,With disability,Women,School_enrollment,27.04121196849391,%,Labour_Force_Survey,ok
2022,Colombia,Bogota,Teusaquillo,Middle,With disability,Women,Health_services_access,27.07571838825347,%,Administrative_Health_Reports,ok
2022,Colombia,Bogota,Teusaquillo,Middle,With disability,Women,GBV_services_access,,%,Civic_Participation_Records,missing_value
2022,Colombia,Bogota,Teusaquillo,Middle,With disability,Women,Employment_rate,28.581172445167393,%,Administrative_Health_Reports,ok
2022,Colombia,Bogota,Teusaquillo,Middle,With disability,Women,Decision_making_participation,27.784478580754634,%,Administrative_Health_Reports,ok
2022,Colombia,Bogota,Teusaquillo,Middle,With disability,Men,School_enrollment,31.777650647524748,%,Community_GBV_Monitoring,ok
2022,Colombia,Bogota,Teusaquillo,Middle,With disability,Men,Health_services_access,26.34194135675827,%,Civic_Participation_Records,ok
2022,Colombia,Bogota,Teusaquillo,Middle,With disability,Men,GBV_services_access,,%,Household_Survey,missing_value
2022,Colombia,Bogota,Teusaquillo,Middle,With disability,Men,Employment_rate,32.09805056541262,%,Household_Survey,ok
2022,Colombia,Bogota,Teusaquillo,Middle,With disability,Men,Decision_making_participation,32.057302080110354,%,Community_GBV_Monitoring,ok
2022,Colombia,Bogota,Teusaquillo,High,No disability,Women,School_enrollment,48.940666815699736,%,Community_GBV_Monitoring,ok
2022,Colombia,Bogota,Teusaquillo,High,No disability,Women,Health_services_access,49.21169940179446,%,Community_GBV_Monitoring,ok
2022,Colombia,Bogota,Teusaquillo,High,No disability,Women,GBV_services_access,55.99649489641223,%,Civic_Participation_Records,ok
2022,Colombia,Bogota,Teusaquillo,High,No disability,Women,Employment_rate,52.06854330732021,%,Community_GBV_Monitoring,ok
2022,Colombia,Bogota,Teusaquillo,High,No disability,Women,Decision_making_participation,47.16210062460161,%,Administrative_Health_Reports,ok
2022,Colombia,Bogota,Teusaquillo,High,No disability,Men,School_enrollment,61.108591602782504,%,Administrative_Health_Reports,ok
2022,Colombia,Bogota,Teusaquillo,High,No disability,Men,Health_services_access,58.16081956779311,%,Civic_Participation_Records,ok
2022,Colombia,Bogota,Teusaquillo,High,No disability,Men,GBV_services_access,56.008624653769616,%,Labour_Force_Survey,ok
2022,Colombia,Bogota,Teusaquillo,High,No disability,Men,Employment_rate,52.40477454565834,%,Administrative_Health_Reports,ok
2022,Colombia,Bogota,Teusaquillo,High,No disability,Men,Decision_making_participation,56.06776661201965,%,Administrative_Health_Reports,ok
2022,Colombia,Bogota,Teusaquillo,High,With disability,Women,School_enrollment,28.475359770843347,%,Community_GBV_Monitoring,ok
2022,Colombia,Bogota,Teusaquillo,High,With disability,Women,Health_services_access,27.80391132069169,%,Community_GBV_Monitoring,ok
2022,Colombia,Bogota,Teusaquillo,High,With disability,Women,GBV_services_access,31.747839016769046,%,Civic_Participation_Records,ok
2022,Colombia,Bogota,Teusaquillo,High,With disability,Women,Employment_rate,37.59438234926543,%,Civic_Participation_Records,ok
2022,Colombia,Bogota,Teusaquillo,High,With disability,Women,Decision_making_participation,33.040118396689394,%,Household_Survey,ok
2022,Colombia,Bogota,Teusaquillo,High,With disability,Men,School_enrollment,36.157038812612655,%,Administrative_Health_Reports,ok
2022,Colombia,Bogota,Teusaquillo,High,With disability,Men,Health_services_access,39.34211664561243,%,Household_Survey,ok
2022,Colombia,Bogota,Teusaquillo,High,With disability,Men,GBV_services_access,26.536526311981948,%,Community_GBV_Monitoring,ok
2022,Colombia,Bogota,Teusaquillo,High,With disability,Men,Employment_rate,39.5886851423336,%,Civic_Participation_Records,ok
2022,Colombia,Bogota,Teusaquillo,High,With disability,Men,Decision_making_participation,40.64630836340302,%,Labour_Force_Survey,ok
2023,Colombia,Bogota,Teusaquillo,Low,No disability,Women,School_enrollment,,%,Administrative_Health_Reports,missing_value
2023,Colombia,Bogota,Teusaquillo,Low,No disability,Women,Health_services_access,32.82863399191301,%,Household_Survey,ok
2023,Colombia,Bogota,Teusaquillo,Low,No disability,Women,GBV_services_access,30.159440144136187,%,Labour_Force_Survey,ok
2023,Colombia,Bogota,Teusaquillo,Low,No disability,Women,Employment_rate,24.28804664129878,%,Administrative_Health_Reports,ok
2023,Colombia,Bogota,Teusaquillo,Low,No disability,Women,Decision_making_participation,29.370011647570287,%,Labour_Force_Survey,ok
2023,Colombia,Bogota,Teusaquillo,Low,No disability,Men,School_enrollment,38.80340296340619,%,Household_Survey,ok
2023,Colombia,Bogota,Teusaquillo,Low,No disability,Men,Health_services_access,36.91031911075184,%,Administrative_Health_Reports,ok
2023,Colombia,Bogota,Teusaquillo,Low,No disability,Men,GBV_services_access,34.32017816083351,%,Community_GBV_Monitoring,ok
2023,Colombia,Bogota,Teusaquillo,Low,No disability,Men,Employment_rate,31.929518482050465,%,Administrative_Health_Reports,ok
2023,Colombia,Bogota,Teusaquillo,Low,No disability,Men,Decision_making_participation,38.136017098402206,%,Community_GBV_Monitoring,ok
2023,Colombia,Bogota,Teusaquillo,Low,With disability,Women,School_enrollment,,%,Civic_Participation_Records,missing_value
2023,Colombia,Bogota,Teusaquillo,Low,With disability,Women,Health_services_access,,%,Community_GBV_Monitoring,missing_value
2023,Colombia,Bogota,Teusaquillo,Low,With disability,Women,GBV_services_access,11.225016418445103,%,Civic_Participation_Records,ok
2023,Colombia,Bogota,Teusaquillo,Low,With disability,Women,Employment_rate,,%,Community_GBV_Monitoring,missing_value
2023,Colombia,Bogota,Teusaquillo,Low,With disability,Women,Decision_making_participation,13.634356887913782,%,Civic_Participation_Records,ok
2023,Colombia,Bogota,Teusaquillo,Low,With disability,Men,School_enrollment,,%,Civic_Participation_Records,missing_value
2023,Colombia,Bogota,Teusaquillo,Low,With disability,Men,Health_services_access,15.660268473437608,%,Household_Survey,ok
2023,Colombia,Bogota,Teusaquillo,Low,With disability,Men,GBV_services_access,13.50523250207647,%,Civic_Participation_Records,ok
2023,Colombia,Bogota,Teusaquillo,Low,With disability,Men,Employment_rate,14.702893100947,%,Community_GBV_Monitoring,ok
2023,Colombia,Bogota,Teusaquillo,Low,With disability,Men,Decision_making_participation,14.818697105396582,%,Administrative_Health_Reports,ok
2023,Colombia,Bogota,Teusaquillo,Middle,No disability,Women,School_enrollment,49.75246607768945,%,Administrative_Health_Reports,ok
2023,Colombia,Bogota,Teusaquillo,Middle,No disability,Women,Health_services_access,44.83594784195126,%,Administrative_Health_Reports,ok
2023,Colombia,Bogota,Teusaquillo,Middle,No disability,Women,GBV_services_access,44.642049017308736,%,Administrative_Health_Reports,ok
2023,Colombia,Bogota,Teusaquillo,Middle,No disability,Women,Employment_rate,49.55932274844185,%,Community_GBV_Monitoring,ok
2023,Colombia,Bogota,Teusaquillo,Middle,No disability,Women,Decision_making_participation,52.30100221751654,%,Community_GBV_Monitoring,ok
2023,Colombia,Bogota,Teusaquillo,Middle,No disability,Men,School_enrollment,54.66163129821038,%,Household_Survey,ok
2023,Colombia,Bogota,Teusaquillo,Middle,No disability,Men,Health_services_access,50.17628736514086,%,Administrative_Health_Reports,ok
2023,Colombia,Bogota,Teusaquillo,Middle,No disability,Men,GBV_services_access,51.3858014035174,%,Labour_Force_Survey,ok
2023,Colombia,Bogota,Teusaquillo,Middle,No disability,Men,Employment_rate,57.30336042109698,%,Household_Survey,ok
2023,Colombia,Bogota,Teusaquillo,Middle,No disability,Men,Decision_making_participation,55.12805268666531,%,Civic_Participation_Records,ok
2023,Colombia,Bogota,Teusaquillo,Middle,With disability,Women,School_enrollment,,%,Administrative_Health_Reports,missing_value
2023,Colombia,Bogota,Teusaquillo,Middle,With disability,Women,Health_services_access,,%,Community_GBV_Monitoring,missing_value
2023,Colombia,Bogota,Teusaquillo,Middle,With disability,Women,GBV_services_access,24.56825577618742,%,Administrative_Health_Reports,ok
2023,Colombia,Bogota,Teusaquillo,Middle,With disability,Women,Employment_rate,,%,Household_Survey,missing_value
2023,Colombia,Bogota,Teusaquillo,Middle,With disability,Women,Decision_making_participation,31.238351010416427,%,Household_Survey,ok
2023,Colombia,Bogota,Teusaquillo,Middle,With disability,Men,School_enrollment,32.63753690701871,%,Household_Survey,ok
2023,Colombia,Bogota,Teusaquillo,Middle,With disability,Men,Health_services_access,27.049441405584467,%,Household_Survey,ok
2023,Colombia,Bogota,Teusaquillo,Middle,With disability,Men,GBV_services_access,29.123727605419774,%,Community_GBV_Monitoring,ok
2023,Colombia,Bogota,Teusaquillo,Middle,With disability,Men,Employment_rate,36.129811518726605,%,Administrative_Health_Reports,ok
2023,Colombia,Bogota,Teusaquillo,Middle,With disability,Men,Decision_making_participation,32.518581619987934,%,Administrative_Health_Reports,ok
2023,Colombia,Bogota,Teusaquillo,High,No disability,Women,School_enrollment,54.2346459800584,%,Household_Survey,ok
2023,Colombia,Bogota,Teusaquillo,High,No disability,Women,Health_services_access,50.01016369006715,%,Household_Survey,ok
2023,Colombia,Bogota,Teusaquillo,High,No disability,Women,GBV_services_access,,%,Administrative_Health_Reports,missing_value
2023,Colombia,Bogota,Teusaquillo,High,No disability,Women,Employment_rate,51.407541526739514,%,Civic_Participation_Records,ok
2023,Colombia,Bogota,Teusaquillo,High,No disability,Women,Decision_making_participation,49.3851919606069,%,Household_Survey,ok
2023,Colombia,Bogota,Teusaquillo,High,No disability,Men,School_enrollment,61.591495363425715,%,Household_Survey,ok
2023,Colombia,Bogota,Teusaquillo,High,No disability,Men,Health_services_access,57.15319318644969,%,Administrative_Health_Reports,ok
2023,Colombia,Bogota,Teusaquillo,High,No disability,Men,GBV_services_access,59.16578024870062,%,Labour_Force_Survey,ok
2023,Colombia,Bogota,Teusaquillo,High,No disability,Men,Employment_rate,60.37830097646166,%,Household_Survey,ok
2023,Colombia,Bogota,Teusaquillo,High,No disability,Men,Decision_making_participation,57.458827061496585,%,Administrative_Health_Reports,ok
2023,Colombia,Bogota,Teusaquillo,High,With disability,Women,School_enrollment,,%,Community_GBV_Monitoring,missing_value
2023,Colombia,Bogota,Teusaquillo,High,With disability,Women,Health_services_access,27.777690077538164,%,Community_GBV_Monitoring,ok
2023,Colombia,Bogota,Teusaquillo,High,With disability,Women,GBV_services_access,30.098538190783565,%,Household_Survey,ok
2023,Colombia,Bogota,Teusaquillo,High,With disability,Women,Employment_rate,28.92080477650625,%,Labour_Force_Survey,ok
2023,Colombia,Bogota,Teusaquillo,High,With disability,Women,Decision_making_participation,,%,Community_GBV_Monitoring,missing_value
2023,Colombia,Bogota,Teusaquillo,High,With disability,Men,School_enrollment,34.217717874270505,%,Civic_Participation_Records,ok
2023,Colombia,Bogota,Teusaquillo,High,With disability,Men,Health_services_access,37.55213354818482,%,Community_GBV_Monitoring,ok
2023,Colombia,Bogota,Teusaquillo,High,With disability,Men,GBV_services_access,33.045760238515186,%,Community_GBV_Monitoring,ok
2023,Colombia,Bogota,Teusaquillo,High,With disability,Men,Employment_rate,36.26202060174093,%,Administrative_Health_Reports,ok
2023,Colombia,Bogota,Teusaquillo,High,With disability,Men,Decision_making_participation,35.55370370708554,%,Community_GBV_Monitoring,ok
2024,Colombia,Bogota,Teusaquillo,Low,No disability,Women,School_enrollment,32.97937373340712,%,Civic_Participation_Records,ok
2024,Colombia,Bogota,Teusaquillo,Low,No disability,Women,Health_services_access,28.52286823592587,%,Labour_Force_Survey,ok
2024,Colombia,Bogota,Teusaquillo,Low,No disability,Women,GBV_services_access,31.75445946840846,%,Labour_Force_Survey,ok
2024,Colombia,Bogota,Teusaquillo,Low,No disability,Women,Employment_rate,,%,Labour_Force_Survey,missing_value
2024,Colombia,Bogota,Teusaquillo,Low,No disability,Women,Decision_making_participation,30.112914705943822,%,Labour_Force_Survey,ok
2024,Colombia,Bogota,Teusaquillo,Low,No disability,Men,School_enrollment,34.75754798286636,%,Civic_Participation_Records,ok
2024,Colombia,Bogota,Teusaquillo,Low,No disability,Men,Health_services_access,35.000047974463776,%,Civic_Participation_Records,ok
2024,Colombia,Bogota,Teusaquillo,Low,No disability,Men,GBV_services_access,29.075343357943463,%,Household_Survey,ok
2024,Colombia,Bogota,Teusaquillo,Low,No disability,Men,Employment_rate,31.760918898179295,%,Household_Survey,ok
2024,Colombia,Bogota,Teusaquillo,Low,No disability,Men,Decision_making_participation,31.537460866565116,%,Household_Survey,ok
2024,Colombia,Bogota,Teusaquillo,Low,With disability,Women,School_enrollment,12.499856032816686,%,Civic_Participation_Records,ok
2024,Colombia,Bogota,Teusaquillo,Low,With disability,Women,Health_services_access,11.333981956686406,%,Labour_Force_Survey,ok
2024,Colombia,Bogota,Teusaquillo,Low,With disability,Women,GBV_services_access,,%,Administrative_Health_Reports,missing_value
2024,Colombia,Bogota,Teusaquillo,Low,With disability,Women,Employment_rate,15.37872677770812,%,Household_Survey,ok
2024,Colombia,Bogota,Teusaquillo,Low,With disability,Women,Decision_making_participation,13.355231504286687,%,Civic_Participation_Records,ok
2024,Colombia,Bogota,Teusaquillo,Low,With disability,Men,School_enrollment,16.292135691628616,%,Household_Survey,ok
2024,Colombia,Bogota,Teusaquillo,Low,With disability,Men,Health_services_access,7.5962708882033425,%,Civic_Participation_Records,ok
2024,Colombia,Bogota,Teusaquillo,Low,With disability,Men,GBV_services_access,10.797615902775014,%,Administrative_Health_Reports,ok
2024,Colombia,Bogota,Teusaquillo,Low,With disability,Men,Employment_rate,,%,Community_GBV_Monitoring,missing_value
2024,Colombia,Bogota,Teusaquillo,Low,With disability,Men,Decision_making_participation,,%,Administrative_Health_Reports,missing_value
2024,Colombia,Bogota,Teusaquillo,Middle,No disability,Women,School_enrollment,47.29144314210849,%,Civic_Participation_Records,ok
2024,Colombia,Bogota,Teusaquillo,Middle,No disability,Women,Health_services_access,45.24478797493504,%,Community_GBV_Monitoring,ok
2024,Colombia,Bogota,Teusaquillo,Middle,No disability,Women,GBV_services_access,50.07360942781894,%,Household_Survey,ok
2024,Colombia,Bogota,Teusaquillo,Middle,No disability,Women,Employment_rate,51.165659592079905,%,Community_GBV_Monitoring,ok
2024,Colombia,Bogota,Teusaquillo,Middle,No disability,Women,Decision_making_participation,47.45090262424706,%,Community_GBV_Monitoring,ok
2024,Colombia,Bogota,Teusaquillo,Middle,No disability,Men,School_enrollment,48.10903225639984,%,Community_GBV_Monitoring,ok
2024,Colombia,Bogota,Teusaquillo,Middle,No disability,Men,Health_services_access,53.54441410199366,%,Community_GBV_Monitoring,ok
2024,Colombia,Bogota,Teusaquillo,Middle,No disability,Men,GBV_services_access,49.144981899479966,%,Administrative_Health_Reports,ok
2024,Colombia,Bogota,Teusaquillo,Middle,No disability,Men,Employment_rate,47.03562096622839,%,Community_GBV_Monitoring,ok
2024,Colombia,Bogota,Teusaquillo,Middle,No disability,Men,Decision_making_participation,55.406947762670285,%,Household_Survey,ok
2024,Colombia,Bogota,Teusaquillo,Middle,With disability,Women,School_enrollment,23.69280360798136,%,Community_GBV_Monitoring,ok
2024,Colombia,Bogota,Teusaquillo,Middle,With disability,Women,Health_services_access,26.05272496307434,%,Civic_Participation_Records,ok
2024,Colombia,Bogota,Teusaquillo,Middle,With disability,Women,GBV_services_access,25.439306799820265,%,Household_Survey,ok
2024,Colombia,Bogota,Teusaquillo,Middle,With disability,Women,Employment_rate,26.899169752951167,%,Household_Survey,ok
2024,Colombia,Bogota,Teusaquillo,Middle,With disability,Women,Decision_making_participation,28.016738630378015,%,Administrative_Health_Reports,ok
2024,Colombia,Bogota,Teusaquillo,Middle,With disability,Men,School_enrollment,33.53772118045604,%,Household_Survey,ok
2024,Colombia,Bogota,Teusaquillo,Middle,With disability,Men,Health_services_access,31.01018587329706,%,Community_GBV_Monitoring,ok
2024,Colombia,Bogota,Teusaquillo,Middle,With disability,Men,GBV_services_access,27.76046769340618,%,Community_GBV_Monitoring,ok
2024,Colombia,Bogota,Teusaquillo,Middle,With disability,Men,Employment_rate,29.3451772121187,%,Administrative_Health_Reports,ok
2024,Colombia,Bogota,Teusaquillo,Middle,With disability,Men,Decision_making_participation,,%,Community_GBV_Monitoring,missing_value
2024,Colombia,Bogota,Teusaquillo,High,No disability,Women,School_enrollment,49.367069057625464,%,Labour_Force_Survey,ok
2024,Colombia,Bogota,Teusaquillo,High,No disability,Women,Health_services_access,53.875286855440976,%,Administrative_Health_Reports,ok
2024,Colombia,Bogota,Teusaquillo,High,No disability,Women,GBV_services_access,57.53711319903737,%,Labour_Force_Survey,ok
2024,Colombia,Bogota,Teusaquillo,High,No disability,Women,Employment_rate,46.655944423214926,%,Household_Survey,ok
2024,Colombia,Bogota,Teusaquillo,High,No disability,Women,Decision_making_participation,56.180696379162754,%,Household_Survey,ok
2024,Colombia,Bogota,Teusaquillo,High,No disability,Men,School_enrollment,57.705642180889626,%,Administrative_Health_Reports,ok
2024,Colombia,Bogota,Teusaquillo,High,No disability,Men,Health_services_access,,%,Civic_Participation_Records,missing_value
2024,Colombia,Bogota,Teusaquillo,High,No disability,Men,GBV_services_access,54.60049423404127,%,Labour_Force_Survey,ok
2024,Colombia,Bogota,Teusaquillo,High,No disability,Men,Employment_rate,57.047404718172736,%,Civic_Participation_Records,ok
2024,Colombia,Bogota,Teusaquillo,High,No disability,Men,Decision_making_participation,52.438178600109175,%,Civic_Participation_Records,ok
2024,Colombia,Bogota,Teusaquillo,High,With disability,Women,School_enrollment,36.51964992216885,%,Community_GBV_Monitoring,ok
2024,Colombia,Bogota,Teusaquillo,High,With disability,Women,Health_services_access,29.60712478233579,%,Household_Survey,ok
2024,Colombia,Bogota,Teusaquillo,High,With disability,Women,GBV_services_access,26.72187205747273,%,Household_Survey,ok
2024,Colombia,Bogota,Teusaquillo,High,With disability,Women,Employment_rate,,%,Community_GBV_Monitoring,missing_value
2024,Colombia,Bogota,Teusaquillo,High,With disability,Women,Decision_making_participation,36.19805446032875,%,Labour_Force_Survey,ok
2024,Colombia,Bogota,Teusaquillo,High,With disability,Men,School_enrollment,35.058501430501316,%,Community_GBV_Monitoring,ok
2024,Colombia,Bogota,Teusaquillo,High,With disability,Men,Health_services_access,36.60430044685546,%,Community_GBV_Monitoring,ok
2024,Colombia,Bogota,Teusaquillo,High,With disability,Men,GBV_services_access,,%,Civic_Participation_Records,missing_value
2024,Colombia,Bogota,Teusaquillo,High,With disability,Men,Employment_rate,37.73331490281418,%,Civic_Participation_Records,ok
2024,Colombia,Bogota,Teusaquillo,High,With disability,Men,Decision_making_participation,40.701220532784134,%,Household_Survey,ok
2020,Colombia,Bogota,Bosa,Low,No disability,Women,School_enrollment,30.44369836400206,%,Administrative_Health_Reports,ok
2020,Colombia,Bogota,Bosa,Low,No disability,Women,Health_services_access,29.622003673556772,%,Community_GBV_Monitoring,ok
2020,Colombia,Bogota,Bosa,Low,No disability,Women,GBV_services_access,27.978674366437716,%,Household_Survey,ok
2020,Colombia,Bogota,Bosa,Low,No disability,Women,Employment_rate,29.208393640019374,%,Civic_Participation_Records,ok
2020,Colombia,Bogota,Bosa,Low,No disability,Women,Decision_making_participation,33.960707813274865,%,Community_GBV_Monitoring,ok
2020,Colombia,Bogota,Bosa,Low,No disability,Men,School_enrollment,,%,Community_GBV_Monitoring,missing_value
2020,Colombia,Bogota,Bosa,Low,No disability,Men,Health_services_access,33.144415682992765,%,Civic_Participation_Records,ok
2020,Colombia,Bogota,Bosa,Low,No disability,Men,GBV_services_access,30.333799490781402,%,Civic_Participation_Records,ok
2020,Colombia,Bogota,Bosa,Low,No disability,Men,Employment_rate,32.227155667680165,%,Household_Survey,ok
2020,Colombia,Bogota,Bosa,Low,No disability,Men,Decision_making_participation,35.12902299321535,%,Civic_Participation_Records,ok
2020,Colombia,Bogota,Bosa,Low,With disability,Women,School_enrollment,11.263865100038766,%,Civic_Participation_Records,ok
2020,Colombia,Bogota,Bosa,Low,With disability,Women,Health_services_access,11.673705561469507,%,Household_Survey,ok
2020,Colombia,Bogota,Bosa,Low,With disability,Women,GBV_services_access,4.671943682521853,%,Administrative_Health_Reports,ok
2020,Colombia,Bogota,Bosa,Low,With disability,Women,Employment_rate,12.306445053257338,%,Civic_Participation_Records,ok
2020,Colombia,Bogota,Bosa,Low,With disability,Women,Decision_making_participation,12.702932261470366,%,Household_Survey,ok
2020,Colombia,Bogota,Bosa,Low,With disability,Men,School_enrollment,14.107538726636111,%,Community_GBV_Monitoring,ok
2020,Colombia,Bogota,Bosa,Low,With disability,Men,Health_services_access,15.041060851281362,%,Community_GBV_Monitoring,ok
2020,Colombia,Bogota,Bosa,Low,With disability,Men,GBV_services_access,,%,Civic_Participation_Records,missing_value
2020,Colombia,Bogota,Bosa,Low,With disability,Men,Employment_rate,18.586293697710232,%,Labour_Force_Survey,ok
2020,Colombia,Bogota,Bosa,Low,With disability,Men,Decision_making_participation,,%,Household_Survey,missing_value
2020,Colombia,Bogota,Bosa,Middle,No disability,Women,School_enrollment,45.490516447440825,%,Household_Survey,ok
2020,Colombia,Bogota,Bosa,Middle,No disability,Women,Health_services_access,47.835948383642084,%,Civic_Participation_Records,ok
2020,Colombia,Bogota,Bosa,Middle,No disability,Women,GBV_services_access,50.72683644226189,%,Household_Survey,ok
2020,Colombia,Bogota,Bosa,Middle,No disability,Women,Employment_rate,42.71780938650109,%,Household_Survey,ok
2020,Colombia,Bogota,Bosa,Middle,No disability,Women,Decision_making_participation,44.999080210041065,%,Household_Survey,ok
2020,Colombia,Bogota,Bosa,Middle,No disability,Men,School_enrollment,48.85171537116951,%,Civic_Participation_Records,ok
2020,Colombia,Bogota,Bosa,Middle,No disability,Men,Health_services_access,52.838226953938026,%,Civic_Participation_Records,ok
2020,Colombia,Bogota,Bosa,Middle,No disability,Men,GBV_services_access,53.065079198802835,%,Civic_Participation_Records,ok
2020,Colombia,Bogota,Bosa,Middle,No disability,Men,Employment_rate,52.53823870650381,%,Labour_Force_Survey,ok
2020,Colombia,Bogota,Bosa,Middle,No disability,Men,Decision_making_participation,53.469065549760515,%,Household_Survey,ok
2020,Colombia,Bogota,Bosa,Middle,With disability,Women,School_enrollment,,%,Administrative_Health_Reports,missing_value
2020,Colombia,Bogota,Bosa,Middle,With disability,Women,Health_services_access,28.38530605520728,%,Civic_Participation_Records,ok
2020,Colombia,Bogota,Bosa,Middle,With disability,Women,GBV_services_access,21.785510923541402,%,Civic_Participation_Records,ok
2020,Colombia,Bogota,Bosa,Middle,With disability,Women,Employment_rate,,%,Administrative_Health_Reports,missing_value
2020,Colombia,Bogota,Bosa,Middle,With disability,Women,Decision_making_participation,28.15219552168883,%,Labour_Force_Survey,ok
2020,Colombia,Bogota,Bosa,Middle,With disability,Men,School_enrollment,32.7749967554923,%,Civic_Participation_Records,ok
2020,Colombia,Bogota,Bosa,Middle,With disability,Men,Health_services_access,28.511837355657466,%,Community_GBV_Monitoring,ok
2020,Colombia,Bogota,Bosa,Middle,With disability,Men,GBV_services_access,27.640501484914935,%,Civic_Participation_Records,ok
2020,Colombia,Bogota,Bosa,Middle,With disability,Men,Employment_rate,32.419114653189006,%,Labour_Force_Survey,ok
2020,Colombia,Bogota,Bosa,Middle,With disability,Men,Decision_making_participation,34.260811132390174,%,Community_GBV_Monitoring,ok
2020,Colombia,Bogota,Bosa,High,No disability,Women,School_enrollment,52.92246929711752,%,Household_Survey,ok
2020,Colombia,Bogota,Bosa,High,No disability,Women,Health_services_access,52.04760238133454,%,Community_GBV_Monitoring,ok
2020,Colombia,Bogota,Bosa,High,No disability,Women,GBV_services_access,51.69483183126439,%,Civic_Participation_Records,ok
2020,Colombia,Bogota,Bosa,High,No disability,Women,Employment_rate,55.29057070328251,%,Civic_Participation_Records,ok
2020,Colombia,Bogota,Bosa,High,No disability,Women,Decision_making_participation,56.6136635215781,%,Household_Survey,ok
2020,Colombia,Bogota,Bosa,High,No disability,Men,School_enrollment,62.329591227023826,%,Household_Survey,ok
2020,Colombia,Bogota,Bosa,High,No disability,Men,Health_services_access,60.987806846105414,%,Civic_Participation_Records,ok
2020,Colombia,Bogota,Bosa,High,No disability,Men,GBV_services_access,54.80028817636398,%,Household_Survey,ok
2020,Colombia,Bogota,Bosa,High,No disability,Men,Employment_rate,57.76277468640542,%,Civic_Participation_Records,ok
2020,Colombia,Bogota,Bosa,High,No disability,Men,Decision_making_participation,58.67360426534567,%,Household_Survey,ok
2020,Colombia,Bogota,Bosa,High,With disability,Women,School_enrollment,30.258302673850125,%,Community_GBV_Monitoring,ok
2020,Colombia,Bogota,Bosa,High,With disability,Women,Health_services_access,29.747010095342883,%,Community_GBV_Monitoring,ok
2020,Colombia,Bogota,Bosa,High,With disability,Women,GBV_services_access,28.033960116452427,%,Household_Survey,ok
2020,Colombia,Bogota,Bosa,High,With disability,Women,Employment_rate,30.857283077072708,%,Community_GBV_Monitoring,ok
2020,Colombia,Bogota,Bosa,High,With disability,Women,Decision_making_participation,35.775262816361206,%,Administrative_Health_Reports,ok
2020,Colombia,Bogota,Bosa,High,With disability,Men,School_enrollment,,%,Labour_Force_Survey,missing_value
2020,Colombia,Bogota,Bosa,High,With disability,Men,Health_services_access,33.99252064468393,%,Household_Survey,ok
2020,Colombia,Bogota,Bosa,High,With disability,Men,GBV_services_access,33.94092546503091,%,Civic_Participation_Records,ok
2020,Colombia,Bogota,Bosa,High,With disability,Men,Employment_rate,,%,Household_Survey,missing_value
2020,Colombia,Bogota,Bosa,High,With disability,Men,Decision_making_participation,,%,Labour_Force_Survey,missing_value
2021,Colombia,Bogota,Bosa,Low,No disability,Women,School_enrollment,32.36375258620683,%,Administrative_Health_Reports,ok
2021,Colombia,Bogota,Bosa,Low,No disability,Women,Health_services_access,,%,Community_GBV_Monitoring,missing_value
2021,Colombia,Bogota,Bosa,Low,No disability,Women,GBV_services_access,34.282567266579875,%,Labour_Force_Survey,ok
2021,Colombia,Bogota,Bosa,Low,No disability,Women,Employment_rate,28.798656335500095,%,Administrative_Health_Reports,ok
2021,Colombia,Bogota,Bosa,Low,No disability,Women,Decision_making_participation,33.75740745548911,%,Civic_Participation_Records,ok
2021,Colombia,Bogota,Bosa,Low,No disability,Men,School_enrollment,34.79139206960697,%,Labour_Force_Survey,ok
2021,Colombia,Bogota,Bosa,Low,No disability,Men,Health_services_access,35.201708053810535,%,Household_Survey,ok
2021,Colombia,Bogota,Bosa,Low,No disability,Men,GBV_services_access,33.12541012347162,%,Community_GBV_Monitoring,ok
2021,Colombia,Bogota,Bosa,Low,No disability,Men,Employment_rate,31.4979048670089,%,Household_Survey,ok
2021,Colombia,Bogota,Bosa,Low,No disability,Men,Decision_making_participation,31.599344058483076,%,Labour_Force_Survey,ok
2021,Colombia,Bogota,Bosa,Low,With disability,Women,School_enrollment,13.362078903770197,%,Labour_Force_Survey,ok
2021,Colombia,Bogota,Bosa,Low,With disability,Women,Health_services_access,11.286886117543284,%,Labour_Force_Survey,ok
2021,Colombia,Bogota,Bosa,Low,With disability,Women,GBV_services_access,8.204978420906269,%,Administrative_Health_Reports,ok
2021,Colombia,Bogota,Bosa,Low,With disability,Women,Employment_rate,,%,Administrative_Health_Reports,missing_value
2021,Colombia,Bogota,Bosa,Low,With disability,Women,Decision_making_participation,11.53240899782302,%,Civic_Participation_Records,ok
2021,Colombia,Bogota,Bosa,Low,With disability,Men,School_enrollment,16.770866731171722,%,Civic_Participation_Records,ok
2021,Colombia,Bogota,Bosa,Low,With disability,Men,Health_services_access,14.014177614672237,%,Labour_Force_Survey,ok
2021,Colombia,Bogota,Bosa,Low,With disability,Men,GBV_services_access,12.382948686366479,%,Labour_Force_Survey,ok
2021,Colombia,Bogota,Bosa,Low,With disability,Men,Employment_rate,,%,Labour_Force_Survey,missing_value
2021,Colombia,Bogota,Bosa,Low,With disability,Men,Decision_making_participation,13.999162188314537,%,Community_GBV_Monitoring,ok
2021,Colombia,Bogota,Bosa,Middle,No disability,Women,School_enrollment,48.52754916544821,%,Household_Survey,ok
2021,Colombia,Bogota,Bosa,Middle,No disability,Women,Health_services_access,48.84074286605939,%,Community_GBV_Monitoring,ok
2021,Colombia,Bogota,Bosa,Middle,No disability,Women,GBV_services_access,47.711785954628915,%,Community_GBV_Monitoring,ok
2021,Colombia,Bogota,Bosa,Middle,No disability,Women,Employment_rate,49.67829324028144,%,Civic_Participation_Records,ok
2021,Colombia,Bogota,Bosa,Middle,No disability,Women,Decision_making_participation,48.64869894410108,%,Household_Survey,ok
2021,Colombia,Bogota,Bosa,Middle,No disability,Men,School_enrollment,51.28575326241425,%,Civic_Participation_Records,ok
2021,Colombia,Bogota,Bosa,Middle,No disability,Men,Health_services_access,54.02276024605475,%,Community_GBV_Monitoring,ok
2021,Colombia,Bogota,Bosa,Middle,No disability,Men,GBV_services_access,48.759471786173144,%,Civic_Participation_Records,ok
2021,Colombia,Bogota,Bosa,Middle,No disability,Men,Employment_rate,51.13544705784147,%,Household_Survey,ok
2021,Colombia,Bogota,Bosa,Middle,No disability,Men,Decision_making_participation,48.77824509878642,%,Labour_Force_Survey,ok
2021,Colombia,Bogota,Bosa,Middle,With disability,Women,School_enrollment,26.19024224019949,%,Civic_Participation_Records,ok
2021,Colombia,Bogota,Bosa,Middle,With disability,Women,Health_services_access,24.146845514130845,%,Civic_Participation_Records,ok
2021,Colombia,Bogota,Bosa,Middle,With disability,Women,GBV_services_access,28.020890759000462,%,Civic_Participation_Records,ok
2021,Colombia,Bogota,Bosa,Middle,With disability,Women,Employment_rate,31.712663466232772,%,Household_Survey,ok
2021,Colombia,Bogota,Bosa,Middle,With disability,Women,Decision_making_participation,,%,Labour_Force_Survey,missing_value
2021,Colombia,Bogota,Bosa,Middle,With disability,Men,School_enrollment,34.02868040386269,%,Administrative_Health_Reports,ok
2021,Colombia,Bogota,Bosa,Middle,With disability,Men,Health_services_access,28.652102904170892,%,Community_GBV_Monitoring,ok
2021,Colombia,Bogota,Bosa,Middle,With disability,Men,GBV_services_access,28.113450740535573,%,Labour_Force_Survey,ok
2021,Colombia,Bogota,Bosa,Middle,With disability,Men,Employment_rate,34.906270643143515,%,Administrative_Health_Reports,ok
2021,Colombia,Bogota,Bosa,Middle,With disability,Men,Decision_making_participation,31.554825059846454,%,Civic_Participation_Records,ok
2021,Colombia,Bogota,Bosa,High,No disability,Women,School_enrollment,50.53869922290382,%,Labour_Force_Survey,ok
2021,Colombia,Bogota,Bosa,High,No disability,Women,Health_services_access,48.238332647407994,%,Civic_Participation_Records,ok
2021,Colombia,Bogota,Bosa,High,No disability,Women,GBV_services_access,50.71685733283414,%,Administrative_Health_Reports,ok
2021,Colombia,Bogota,Bosa,High,No disability,Women,Employment_rate,55.58439437203423,%,Household_Survey,ok
2021,Colombia,Bogota,Bosa,High,No disability,Women,Decision_making_participation,49.15300451197132,%,Household_Survey,ok
2021,Colombia,Bogota,Bosa,High,No disability,Men,School_enrollment,54.854303655273746,%,Civic_Participation_Records,ok
2021,Colombia,Bogota,Bosa,High,No disability,Men,Health_services_access,55.58258660466807,%,Administrative_Health_Reports,ok
2021,Colombia,Bogota,Bosa,High,No disability,Men,GBV_services_access,54.05934887616824,%,Labour_Force_Survey,ok
2021,Colombia,Bogota,Bosa,High,No disability,Men,Employment_rate,58.87309566628255,%,Labour_Force_Survey,ok
2021,Colombia,Bogota,Bosa,High,No disability,Men,Decision_making_participation,59.14608977148185,%,Community_GBV_Monitoring,ok
2021,Colombia,Bogota,Bosa,High,With disability,Women,School_enrollment,,%,Labour_Force_Survey,missing_value
2021,Colombia,Bogota,Bosa,High,With disability,Women,Health_services_access,29.234007023000096,%,Community_GBV_Monitoring,ok
2021,Colombia,Bogota,Bosa,High,With disability,Women,GBV_services_access,31.6626783105884,%,Administrative_Health_Reports,ok
2021,Colombia,Bogota,Bosa,High,With disability,Women,Employment_rate,31.00503607375105,%,Administrative_Health_Reports,ok
2021,Colombia,Bogota,Bosa,High,With disability,Women,Decision_making_participation,31.48195764141923,%,Labour_Force_Survey,ok
2021,Colombia,Bogota,Bosa,High,With disability,Men,School_enrollment,34.79254872416997,%,Community_GBV_Monitoring,ok
2021,Colombia,Bogota,Bosa,High,With disability,Men,Health_services_access,34.18612917655198,%,Administrative_Health_Reports,ok
2021,Colombia,Bogota,Bosa,High,With disability,Men,GBV_services_access,,%,Community_GBV_Monitoring,missing_value
2021,Colombia,Bogota,Bosa,High,With disability,Men,Employment_rate,40.888366284059416,%,Household_Survey,ok
2021,Colombia,Bogota,Bosa,High,With disability,Men,Decision_making_participation,36.86248151490232,%,Administrative_Health_Reports,ok
2022,Colombia,Bogota,Bosa,Low,No disability,Women,School_enrollment,32.22496380038899,%,Community_GBV_Monitoring,ok
2022,Colombia,Bogota,Bosa,Low,No disability,Women,Health_services_access,34.93403806646639,%,Administrative_Health_Reports,ok
2022,Colombia,Bogota,Bosa,Low,No disability,Women,GBV_services_access,,%,Civic_Participation_Records,missing_value
2022,Colombia,Bogota,Bosa,Low,No disability,Women,Employment_rate,27.93958130116672,%,Civic_Participation_Records,ok
2022,Colombia,Bogota,Bosa,Low,No disability,Women,Decision_making_participation,30.93752964672317,%,Community_GBV_Monitoring,ok
2022,Colombia,Bogota,Bosa,Low,No disability,Men,School_enrollment,32.894280428505866,%,Administrative_Health_Reports,ok
2022,Colombia,Bogota,Bosa,Low,No disability,Men,Health_services_access,32.96281988264575,%,Household_Survey,ok
2022,Colombia,Bogota,Bosa,Low,No disability,Men,GBV_services_access,38.404360747898224,%,Civic_Participation_Records,ok
2022,Colombia,Bogota,Bosa,Low,No disability,Men,Employment_rate,27.10419138613982,%,Labour_Force_Survey,ok
2022,Colombia,Bogota,Bosa,Low,No disability,Men,Decision_making_participation,34.413768600090826,%,Labour_Force_Survey,ok
2022,Colombia,Bogota,Bosa,Low,With disability,Women,School_enrollment,10.621703115101381,%,Household_Survey,ok
2022,Colombia,Bogota,Bosa,Low,With disability,Women,Health_services_access,,%,Labour_Force_Survey,missing_value
2022,Colombia,Bogota,Bosa,Low,With disability,Women,GBV_services_access,10.476138714602893,%,Household_Survey,ok
2022,Colombia,Bogota,Bosa,Low,With disability,Women,Employment_rate,14.04980482884336,%,Labour_Force_Survey,ok
2022,Colombia,Bogota,Bosa,Low,With disability,Women,Decision_making_participation,20.906998773391116,%,Labour_Force_Survey,ok
2022,Colombia,Bogota,Bosa,Low,With disability,Men,School_enrollment,19.832447906536114,%,Administrative_Health_Reports,ok
2022,Colombia,Bogota,Bosa,Low,With disability,Men,Health_services_access,13.23956767776226,%,Labour_Force_Survey,ok
2022,Colombia,Bogota,Bosa,Low,With disability,Men,GBV_services_access,11.93802849215709,%,Civic_Participation_Records,ok
2022,Colombia,Bogota,Bosa,Low,With disability,Men,Employment_rate,11.323889705599637,%,Civic_Participation_Records,ok
2022,Colombia,Bogota,Bosa,Low,With disability,Men,Decision_making_participation,15.41900049857024,%,Community_GBV_Monitoring,ok
2022,Colombia,Bogota,Bosa,Middle,No disability,Women,School_enrollment,47.795000697573805,%,Civic_Participation_Records,ok
2022,Colombia,Bogota,Bosa,Middle,No disability,Women,Health_services_access,46.539749513502365,%,Civic_Participation_Records,ok
2022,Colombia,Bogota,Bosa,Middle,No disability,Women,GBV_services_access,49.11753026130767,%,Household_Survey,ok
2022,Colombia,Bogota,Bosa,Middle,No disability,Women,Employment_rate,47.550981252708674,%,Labour_Force_Survey,ok
2022,Colombia,Bogota,Bosa,Middle,No disability,Women,Decision_making_participation,48.36915629144525,%,Community_GBV_Monitoring,ok
2022,Colombia,Bogota,Bosa,Middle,No disability,Men,School_enrollment,48.295136523663665,%,Community_GBV_Monitoring,ok
2022,Colombia,Bogota,Bosa,Middle,No disability,Men,Health_services_access,49.7322742855881,%,Labour_Force_Survey,ok
2022,Colombia,Bogota,Bosa,Middle,No disability,Men,GBV_services_access,48.844014594118185,%,Labour_Force_Survey,ok
2022,Colombia,Bogota,Bosa,Middle,No disability,Men,Employment_rate,53.5078433797633,%,Civic_Participation_Records,ok
2022,Colombia,Bogota,Bosa,Middle,No disability,Men,Decision_making_participation,50.933244580554096,%,Civic_Participation_Records,ok
2022,Colombia,Bogota,Bosa,Middle,With disability,Women,School_enrollment,24.86428269214397,%,Civic_Participation_Records,ok
2022,Colombia,Bogota,Bosa,Middle,With disability,Women,Health_services_access,26.490600466593417,%,Community_GBV_Monitoring,ok
2022,Colombia,Bogota,Bosa,Middle,With disability,Women,GBV_services_access,22.184587073501106,%,Labour_Force_Survey,ok
2022,Colombia,Bogota,Bosa,Middle,With disability,Women,Employment_rate,25.62399435185045,%,Civic_Participation_Records,ok
2022,Colombia,Bogota,Bosa,Middle,With disability,Women,Decision_making_participation,30.503176536510612,%,Labour_Force_Survey,ok
2022,Colombia,Bogota,Bosa,Middle,With disability,Men,School_enrollment,34.63776360896616,%,Administrative_Health_Reports,ok
2022,Colombia,Bogota,Bosa,Middle,With disability,Men,Health_services_access,29.705551587781798,%,Household_Survey,ok
2022,Colombia,Bogota,Bosa,Middle,With disability,Men,GBV_services_access,28.592803652466486,%,Household_Survey,ok
2022,Colombia,Bogota,Bosa,Middle,With disability,Men,Employment_rate,29.676526125883893,%,Civic_Participation_Records,ok
2022,Colombia,Bogota,Bosa,Middle,With disability,Men,Decision_making_participation,33.85243463493201,%,Community_GBV_Monitoring,ok
2022,Colombia,Bogota,Bosa,High,No disability,Women,School_enrollment,47.36256852417554,%,Labour_Force_Survey,ok
2022,Colombia,Bogota,Bosa,High,No disability,Women,Health_services_access,52.311796944694,%,Civic_Participation_Records,ok
2022,Colombia,Bogota,Bosa,High,No disability,Women,GBV_services_access,58.028203410965,%,Administrative_Health_Reports,ok
2022,Colombia,Bogota,Bosa,High,No disability,Women,Employment_rate,52.148765470861555,%,Household_Survey,ok
2022,Colombia,Bogota,Bosa,High,No disability,Women,Decision_making_participation,55.29058281717767,%,Household_Survey,ok
2022,Colombia,Bogota,Bosa,High,No disability,Men,School_enrollment,54.727616298542415,%,Civic_Participation_Records,ok
2022,Colombia,Bogota,Bosa,High,No disability,Men,Health_services_access,59.651421841659214,%,Household_Survey,ok
2022,Colombia,Bogota,Bosa,High,No disability,Men,GBV_services_access,54.64615959453914,%,Civic_Participation_Records,ok
2022,Colombia,Bogota,Bosa,High,No disability,Men,Employment_rate,57.93070585231857,%,Labour_Force_Survey,ok
2022,Colombia,Bogota,Bosa,High,No disability,Men,Decision_making_participation,55.603321528117156,%,Administrative_Health_Reports,ok
2022,Colombia,Bogota,Bosa,High,With disability,Women,School_enrollment,31.29157562521299,%,Community_GBV_Monitoring,ok
2022,Colombia,Bogota,Bosa,High,With disability,Women,Health_services_access,28.97580680578827,%,Community_GBV_Monitoring,ok
2022,Colombia,Bogota,Bosa,High,With disability,Women,GBV_services_access,28.02827910999594,%,Community_GBV_Monitoring,ok
2022,Colombia,Bogota,Bosa,High,With disability,Women,Employment_rate,36.728737336039174,%,Community_GBV_Monitoring,ok
2022,Colombia,Bogota,Bosa,High,With disability,Women,Decision_making_participation,29.94473907351401,%,Administrative_Health_Reports,ok
2022,Colombia,Bogota,Bosa,High,With disability,Men,School_enrollment,34.73641566131405,%,Community_GBV_Monitoring,ok
2022,Colombia,Bogota,Bosa,High,With disability,Men,Health_services_access,31.02478469094911,%,Labour_Force_Survey,ok
2022,Colombia,Bogota,Bosa,High,With disability,Men,GBV_services_access,35.85840018393086,%,Civic_Participation_Records,ok
2022,Colombia,Bogota,Bosa,High,With disability,Men,Employment_rate,32.72791923839403,%,Labour_Force_Survey,ok
2022,Colombia,Bogota,Bosa,High,With disability,Men,Decision_making_participation,37.69422657476652,%,Labour_Force_Survey,ok
2023,Colombia,Bogota,Bosa,Low,No disability,Women,School_enrollment,33.12327409955113,%,Administrative_Health_Reports,ok
2023,Colombia,Bogota,Bosa,Low,No disability,Women,Health_services_access,33.939575505013146,%,Household_Survey,ok
2023,Colombia,Bogota,Bosa,Low,No disability,Women,GBV_services_access,28.870172527249174,%,Community_GBV_Monitoring,ok
2023,Colombia,Bogota,Bosa,Low,No disability,Women,Employment_rate,27.051877553617192,%,Civic_Participation_Records,ok
2023,Colombia,Bogota,Bosa,Low,No disability,Women,Decision_making_participation,30.857840121787547,%,Community_GBV_Monitoring,ok
2023,Colombia,Bogota,Bosa,Low,No disability,Men,School_enrollment,39.16803143075145,%,Community_GBV_Monitoring,ok
2023,Colombia,Bogota,Bosa,Low,No disability,Men,Health_services_access,34.403452112002256,%,Labour_Force_Survey,ok
2023,Colombia,Bogota,Bosa,Low,No disability,Men,GBV_services_access,,%,Community_GBV_Monitoring,missing_value
2023,Colombia,Bogota,Bosa,Low,No disability,Men,Employment_rate,,%,Civic_Participation_Records,missing_value
2023,Colombia,Bogota,Bosa,Low,No disability,Men,Decision_making_participation,36.86730254012352,%,Administrative_Health_Reports,ok
2023,Colombia,Bogota,Bosa,Low,With disability,Women,School_enrollment,,%,Household_Survey,missing_value
2023,Colombia,Bogota,Bosa,Low,With disability,Women,Health_services_access,7.389522903177776,%,Administrative_Health_Reports,ok
2023,Colombia,Bogota,Bosa,Low,With disability,Women,GBV_services_access,5.707893630567311,%,Administrative_Health_Reports,ok
2023,Colombia,Bogota,Bosa,Low,With disability,Women,Employment_rate,11.074233823357881,%,Labour_Force_Survey,ok
2023,Colombia,Bogota,Bosa,Low,With disability,Women,Decision_making_participation,,%,Household_Survey,missing_value
2023,Colombia,Bogota,Bosa,Low,With disability,Men,School_enrollment,19.710953137301576,%,Community_GBV_Monitoring,ok
2023,Colombia,Bogota,Bosa,Low,With disability,Men,Health_services_access,8.376887052665309,%,Labour_Force_Survey,ok
2023,Colombia,Bogota,Bosa,Low,With disability,Men,GBV_services_access,13.29936503721776,%,Administrative_Health_Reports,ok
2023,Colombia,Bogota,Bosa,Low,With disability,Men,Employment_rate,18.116583588253288,%,Civic_Participation_Records,ok
2023,Colombia,Bogota,Bosa,Low,With disability,Men,Decision_making_participation,18.204735706824042,%,Community_GBV_Monitoring,ok
2023,Colombia,Bogota,Bosa,Middle,No disability,Women,School_enrollment,50.360064707402756,%,Labour_Force_Survey,ok
2023,Colombia,Bogota,Bosa,Middle,No disability,Women,Health_services_access,44.811881241727164,%,Household_Survey,ok
2023,Colombia,Bogota,Bosa,Middle,No disability,Women,GBV_services_access,49.19709012297488,%,Household_Survey,ok
2023,Colombia,Bogota,Bosa,Middle,No disability,Women,Employment_rate,46.496336469525254,%,Labour_Force_Survey,ok
2023,Colombia,Bogota,Bosa,Middle,No disability,Women,Decision_making_participation,45.059330069835895,%,Community_GBV_Monitoring,ok
2023,Colombia,Bogota,Bosa,Middle,No disability,Men,School_enrollment,48.60785539634165,%,Labour_Force_Survey,ok
2023,Colombia,Bogota,Bosa,Middle,No disability,Men,Health_services_access,51.67984019269336,%,Community_GBV_Monitoring,ok
2023,Colombia,Bogota,Bosa,Middle,No disability,Men,GBV_services_access,49.27192767369855,%,Labour_Force_Survey,ok
2023,Colombia,Bogota,Bosa,Middle,No disability,Men,Employment_rate,52.735306654702455,%,Community_GBV_Monitoring,ok
2023,Colombia,Bogota,Bosa,Middle,No disability,Men,Decision_making_participation,49.74280548894553,%,Civic_Participation_Records,ok
2023,Colombia,Bogota,Bosa,Middle,With disability,Women,School_enrollment,33.32302019075475,%,Community_GBV_Monitoring,ok
2023,Colombia,Bogota,Bosa,Middle,With disability,Women,Health_services_access,28.575203599815858,%,Civic_Participation_Records,ok
2023,Colombia,Bogota,Bosa,Middle,With disability,Women,GBV_services_access,25.298217676478526,%,Administrative_Health_Reports,ok
2023,Colombia,Bogota,Bosa,Middle,With disability,Women,Employment_rate,27.028042400383708,%,Community_GBV_Monitoring,ok
2023,Colombia,Bogota,Bosa,Middle,With disability,Women,Decision_making_participation,,%,Civic_Participation_Records,missing_value
2023,Colombia,Bogota,Bosa,Middle,With disability,Men,School_enrollment,32.20007427324472,%,Administrative_Health_Reports,ok
2023,Colombia,Bogota,Bosa,Middle,With disability,Men,Health_services_access,32.744795766591324,%,Household_Survey,ok
2023,Colombia,Bogota,Bosa,Middle,With disability,Men,GBV_services_access,29.92690785197191,%,Administrative_Health_Reports,ok
2023,Colombia,Bogota,Bosa,Middle,With disability,Men,Employment_rate,36.20965170516366,%,Labour_Force_Survey,ok
2023,Colombia,Bogota,Bosa,Middle,With disability,Men,Decision_making_participation,31.514060789134042,%,Administrative_Health_Reports,ok
2023,Colombia,Bogota,Bosa,High,No disability,Women,School_enrollment,55.60750278531035,%,Labour_Force_Survey,ok
2023,Colombia,Bogota,Bosa,High,No disability,Women,Health_services_access,48.995163309272385,%,Community_GBV_Monitoring,ok
2023,Colombia,Bogota,Bosa,High,No disability,Women,GBV_services_access,54.46544474736018,%,Community_GBV_Monitoring,ok
2023,Colombia,Bogota,Bosa,High,No disability,Women,Employment_rate,50.5446975914918,%,Civic_Participation_Records,ok
2023,Colombia,Bogota,Bosa,High,No disability,Women,Decision_making_participation,57.214803663298085,%,Civic_Participation_Records,ok
2023,Colombia,Bogota,Bosa,High,No disability,Men,School_enrollment,61.33396950347212,%,Household_Survey,ok
2023,Colombia,Bogota,Bosa,High,No disability,Men,Health_services_access,57.878607257168404,%,Civic_Participation_Records,ok
2023,Colombia,Bogota,Bosa,High,No disability,Men,GBV_services_access,57.88875876737405,%,Civic_Participation_Records,ok
2023,Colombia,Bogota,Bosa,High,No disability,Men,Employment_rate,52.53492631394953,%,Labour_Force_Survey,ok
2023,Colombia,Bogota,Bosa,High,No disability,Men,Decision_making_participation,60.922437984964866,%,Community_GBV_Monitoring,ok
2023,Colombia,Bogota,Bosa,High,With disability,Women,School_enrollment,33.46480668345107,%,Community_GBV_Monitoring,ok
2023,Colombia,Bogota,Bosa,High,With disability,Women,Health_services_access,28.33001647037797,%,Labour_Force_Survey,ok
2023,Colombia,Bogota,Bosa,High,With disability,Women,GBV_services_access,30.240990830950487,%,Administrative_Health_Reports,ok
2023,Colombia,Bogota,Bosa,High,With disability,Women,Employment_rate,34.881484909296645,%,Civic_Participation_Records,ok
2023,Colombia,Bogota,Bosa,High,With disability,Women,Decision_making_participation,28.04627095581981,%,Household_Survey,ok
2023,Colombia,Bogota,Bosa,High,With disability,Men,School_enrollment,37.114906511189,%,Labour_Force_Survey,ok
2023,Colombia,Bogota,Bosa,High,With disability,Men,Health_services_access,33.226951024599664,%,Civic_Participation_Records,ok
2023,Colombia,Bogota,Bosa,High,With disability,Men,GBV_services_access,35.87236459135313,%,Community_GBV_Monitoring,ok
2023,Colombia,Bogota,Bosa,High,With disability,Men,Employment_rate,40.1351279980246,%,Community_GBV_Monitoring,ok
2023,Colombia,Bogota,Bosa,High,With disability,Men,Decision_making_participation,37.384290949413945,%,Labour_Force_Survey,ok
2024,Colombia,Bogota,Bosa,Low,No disability,Women,School_enrollment,28.384966160800744,%,Civic_Participation_Records,ok
2024,Colombia,Bogota,Bosa,Low,No disability,Women,Health_services_access,32.215299569699674,%,Household_Survey,ok
2024,Colombia,Bogota,Bosa,Low,No disability,Women,GBV_services_access,28.827918566143797,%,Administrative_Health_Reports,ok
2024,Colombia,Bogota,Bosa,Low,No disability,Women,Employment_rate,,%,Civic_Participation_Records,missing_value
2024,Colombia,Bogota,Bosa,Low,No disability,Women,Decision_making_participation,31.23366080122766,%,Civic_Participation_Records,ok
2024,Colombia,Bogota,Bosa,Low,No disability,Men,School_enrollment,,%,Labour_Force_Survey,missing_value
2024,Colombia,Bogota,Bosa,Low,No disability,Men,Health_services_access,34.19357305352355,%,Administrative_Health_Reports,ok
2024,Colombia,Bogota,Bosa,Low,No disability,Men,GBV_services_access,30.236819889412235,%,Civic_Participation_Records,ok
2024,Colombia,Bogota,Bosa,Low,No disability,Men,Employment_rate,29.040022791974017,%,Labour_Force_Survey,ok
2024,Colombia,Bogota,Bosa,Low,No disability,Men,Decision_making_participation,35.3182479983919,%,Household_Survey,ok
2024,Colombia,Bogota,Bosa,Low,With disability,Women,School_enrollment,12.115149845617317,%,Administrative_Health_Reports,ok
2024,Colombia,Bogota,Bosa,Low,With disability,Women,Health_services_access,13.851798594316376,%,Community_GBV_Monitoring,ok
2024,Colombia,Bogota,Bosa,Low,With disability,Women,GBV_services_access,12.145487321917493,%,Civic_Participation_Records,ok
2024,Colombia,Bogota,Bosa,Low,With disability,Women,Employment_rate,10.426893071537249,%,Civic_Participation_Records,ok
2024,Colombia,Bogota,Bosa,Low,With disability,Women,Decision_making_participation,17.315790880565373,%,Administrative_Health_Reports,ok
2024,Colombia,Bogota,Bosa,Low,With disability,Men,School_enrollment,18.583068603843717,%,Civic_Participation_Records,ok
2024,Colombia,Bogota,Bosa,Low,With disability,Men,Health_services_access,17.14083129688629,%,Community_GBV_Monitoring,ok
2024,Colombia,Bogota,Bosa,Low,With disability,Men,GBV_services_access,10.356172321914269,%,Household_Survey,ok
2024,Colombia,Bogota,Bosa,Low,With disability,Men,Employment_rate,12.775125884463844,%,Administrative_Health_Reports,ok
2024,Colombia,Bogota,Bosa,Low,With disability,Men,Decision_making_participation,19.84393266885057,%,Administrative_Health_Reports,ok
2024,Colombia,Bogota,Bosa,Middle,No disability,Women,School_enrollment,,%,Administrative_Health_Reports,missing_value
2024,Colombia,Bogota,Bosa,Middle,No disability,Women,Health_services_access,46.43947777106207,%,Administrative_Health_Reports,ok
2024,Colombia,Bogota,Bosa,Middle,No disability,Women,GBV_services_access,51.48416604654439,%,Community_GBV_Monitoring,ok
2024,Colombia,Bogota,Bosa,Middle,No disability,Women,Employment_rate,44.59628429310408,%,Labour_Force_Survey,ok
2024,Colombia,Bogota,Bosa,Middle,No disability,Women,Decision_making_participation,45.7870167963134,%,Civic_Participation_Records,ok
2024,Colombia,Bogota,Bosa,Middle,No disability,Men,School_enrollment,50.31628530359234,%,Labour_Force_Survey,ok
2024,Colombia,Bogota,Bosa,Middle,No disability,Men,Health_services_access,55.72136600803532,%,Administrative_Health_Reports,ok
2024,Colombia,Bogota,Bosa,Middle,No disability,Men,GBV_services_access,53.041723224267315,%,Civic_Participation_Records,ok
2024,Colombia,Bogota,Bosa,Middle,No disability,Men,Employment_rate,47.73881396094994,%,Household_Survey,ok
2024,Colombia,Bogota,Bosa,Middle,No disability,Men,Decision_making_participation,52.2201939687107,%,Household_Survey,ok
2024,Colombia,Bogota,Bosa,Middle,With disability,Women,School_enrollment,22.030128085875074,%,Administrative_Health_Reports,ok
2024,Colombia,Bogota,Bosa,Middle,With disability,Women,Health_services_access,27.604552477427106,%,Administrative_Health_Reports,ok
2024,Colombia,Bogota,Bosa,Middle,With disability,Women,GBV_services_access,23.83625070818868,%,Community_GBV_Monitoring,ok
2024,Colombia,Bogota,Bosa,Middle,With disability,Women,Employment_rate,27.667113599928943,%,Household_Survey,ok
2024,Colombia,Bogota,Bosa,Middle,With disability,Women,Decision_making_participation,30.46326333722548,%,Community_GBV_Monitoring,ok
2024,Colombia,Bogota,Bosa,Middle,With disability,Men,School_enrollment,28.732291014066547,%,Labour_Force_Survey,ok
2024,Colombia,Bogota,Bosa,Middle,With disability,Men,Health_services_access,,%,Administrative_Health_Reports,missing_value
2024,Colombia,Bogota,Bosa,Middle,With disability,Men,GBV_services_access,27.895028006795396,%,Civic_Participation_Records,ok
2024,Colombia,Bogota,Bosa,Middle,With disability,Men,Employment_rate,,%,Household_Survey,missing_value
2024,Colombia,Bogota,Bosa,Middle,With disability,Men,Decision_making_participation,28.632065657424214,%,Labour_Force_Survey,ok
2024,Colombia,Bogota,Bosa,High,No disability,Women,School_enrollment,54.67815106409494,%,Civic_Participation_Records,ok
2024,Colombia,Bogota,Bosa,High,No disability,Women,Health_services_access,49.99063667535855,%,Community_GBV_Monitoring,ok
2024,Colombia,Bogota,Bosa,High,No disability,Women,GBV_services_access,56.99042607651743,%,Administrative_Health_Reports,ok
2024,Colombia,Bogota,Bosa,High,No disability,Women,Employment_rate,,%,Community_GBV_Monitoring,missing_value
2024,Colombia,Bogota,Bosa,High,No disability,Women,Decision_making_participation,52.849464696527214,%,Labour_Force_Survey,ok
2024,Colombia,Bogota,Bosa,High,No disability,Men,School_enrollment,54.93874711259006,%,Labour_Force_Survey,ok
2024,Colombia,Bogota,Bosa,High,No disability,Men,Health_services_access,56.717695191234135,%,Civic_Participation_Records,ok
2024,Colombia,Bogota,Bosa,High,No disability,Men,GBV_services_access,58.035323752622595,%,Administrative_Health_Reports,ok
2024,Colombia,Bogota,Bosa,High,No disability,Men,Employment_rate,52.73670001943388,%,Household_Survey,ok
2024,Colombia,Bogota,Bosa,High,No disability,Men,Decision_making_participation,55.56891823252943,%,Labour_Force_Survey,ok
2024,Colombia,Bogota,Bosa,High,With disability,Women,School_enrollment,,%,Labour_Force_Survey,missing_value
2024,Colombia,Bogota,Bosa,High,With disability,Women,Health_services_access,30.91495386471217,%,Labour_Force_Survey,ok
2024,Colombia,Bogota,Bosa,High,With disability,Women,GBV_services_access,30.117063855879717,%,Household_Survey,ok
2024,Colombia,Bogota,Bosa,High,With disability,Women,Employment_rate,27.44042867919882,%,Labour_Force_Survey,ok
2024,Colombia,Bogota,Bosa,High,With disability,Women,Decision_making_participation,27.317481517366378,%,Household_Survey,ok
2024,Colombia,Bogota,Bosa,High,With disability,Men,School_enrollment,33.568200631656296,%,Household_Survey,ok
2024,Colombia,Bogota,Bosa,High,With disability,Men,Health_services_access,36.035447479034204,%,Civic_Participation_Records,ok
2024,Colombia,Bogota,Bosa,High,With disability,Men,GBV_services_access,33.047798296486874,%,Labour_Force_Survey,ok
2024,Colombia,Bogota,Bosa,High,With disability,Men,Employment_rate,38.22477801971852,%,Administrative_Health_Reports,ok
2024,Colombia,Bogota,Bosa,High,With disability,Men,Decision_making_participation,40.77981221378681,%,Labour_Force_Survey,ok
2020,Colombia,Antioquia,Medellin_Centro,Low,No disability,Women,School_enrollment,30.630640947631374,%,Administrative_Health_Reports,ok
2020,Colombia,Antioquia,Medellin_Centro,Low,No disability,Women,Health_services_access,35.563069300308385,%,Household_Survey,ok
2020,Colombia,Antioquia,Medellin_Centro,Low,No disability,Women,GBV_services_access,31.948764081109235,%,Administrative_Health_Reports,ok
2020,Colombia,Antioquia,Medellin_Centro,Low,No disability,Women,Employment_rate,26.895352065896283,%,Administrative_Health_Reports,ok
2020,Colombia,Antioquia,Medellin_Centro,Low,No disability,Women,Decision_making_participation,,%,Civic_Participation_Records,missing_value
2020,Colombia,Antioquia,Medellin_Centro,Low,No disability,Men,School_enrollment,34.35827052992066,%,Administrative_Health_Reports,ok
2020,Colombia,Antioquia,Medellin_Centro,Low,No disability,Men,Health_services_access,32.24409363974918,%,Labour_Force_Survey,ok
2020,Colombia,Antioquia,Medellin_Centro,Low,No disability,Men,GBV_services_access,32.98358059627595,%,Community_GBV_Monitoring,ok
2020,Colombia,Antioquia,Medellin_Centro,Low,No disability,Men,Employment_rate,30.423232797301157,%,Household_Survey,ok
2020,Colombia,Antioquia,Medellin_Centro,Low,No disability,Men,Decision_making_participation,34.719790463610714,%,Labour_Force_Survey,ok
2020,Colombia,Antioquia,Medellin_Centro,Low,With disability,Women,School_enrollment,14.574656187483468,%,Labour_Force_Survey,ok
2020,Colombia,Antioquia,Medellin_Centro,Low,With disability,Women,Health_services_access,8.54999156733472,%,Community_GBV_Monitoring,ok
2020,Colombia,Antioquia,Medellin_Centro,Low,With disability,Women,GBV_services_access,6.838191392781459,%,Community_GBV_Monitoring,ok
2020,Colombia,Antioquia,Medellin_Centro,Low,With disability,Women,Employment_rate,11.35582043844743,%,Administrative_Health_Reports,ok
2020,Colombia,Antioquia,Medellin_Centro,Low,With disability,Women,Decision_making_participation,11.81273341915617,%,Community_GBV_Monitoring,ok
2020,Colombia,Antioquia,Medellin_Centro,Low,With disability,Men,School_enrollment,15.11293437963724,%,Civic_Participation_Records,ok
2020,Colombia,Antioquia,Medellin_Centro,Low,With disability,Men,Health_services_access,16.55546862769829,%,Household_Survey,ok
2020,Colombia,Antioquia,Medellin_Centro,Low,With disability,Men,GBV_services_access,12.243505793108284,%,Civic_Participation_Records,ok
2020,Colombia,Antioquia,Medellin_Centro,Low,With disability,Men,Employment_rate,11.702730196875022,%,Civic_Participation_Records,ok
2020,Colombia,Antioquia,Medellin_Centro,Low,With disability,Men,Decision_making_participation,17.23628623461718,%,Community_GBV_Monitoring,ok
2020,Colombia,Antioquia,Medellin_Centro,Middle,No disability,Women,School_enrollment,46.45633465004858,%,Household_Survey,ok
2020,Colombia,Antioquia,Medellin_Centro,Middle,No disability,Women,Health_services_access,46.16967630409195,%,Civic_Participation_Records,ok
2020,Colombia,Antioquia,Medellin_Centro,Middle,No disability,Women,GBV_services_access,45.32714265754048,%,Labour_Force_Survey,ok
2020,Colombia,Antioquia,Medellin_Centro,Middle,No disability,Women,Employment_rate,44.637823294631865,%,Administrative_Health_Reports,ok
2020,Colombia,Antioquia,Medellin_Centro,Middle,No disability,Women,Decision_making_participation,48.908331251070265,%,Labour_Force_Survey,ok
2020,Colombia,Antioquia,Medellin_Centro,Middle,No disability,Men,School_enrollment,46.99234242447976,%,Labour_Force_Survey,ok
2020,Colombia,Antioquia,Medellin_Centro,Middle,No disability,Men,Health_services_access,53.238879909222874,%,Community_GBV_Monitoring,ok
2020,Colombia,Antioquia,Medellin_Centro,Middle,No disability,Men,GBV_services_access,50.595233644807045,%,Household_Survey,ok
2020,Colombia,Antioquia,Medellin_Centro,Middle,No disability,Men,Employment_rate,48.21886689015553,%,Administrative_Health_Reports,ok
2020,Colombia,Antioquia,Medellin_Centro,Middle,No disability,Men,Decision_making_participation,50.307119005684946,%,Community_GBV_Monitoring,ok
2020,Colombia,Antioquia,Medellin_Centro,Middle,With disability,Women,School_enrollment,20.35879854280733,%,Labour_Force_Survey,ok
2020,Colombia,Antioquia,Medellin_Centro,Middle,With disability,Women,Health_services_access,26.121439331478157,%,Civic_Participation_Records,ok
2020,Colombia,Antioquia,Medellin_Centro,Middle,With disability,Women,GBV_services_access,22.63863613346271,%,Administrative_Health_Reports,ok
2020,Colombia,Antioquia,Medellin_Centro,Middle,With disability,Women,Employment_rate,28.557025171509462,%,Civic_Participation_Records,ok
2020,Colombia,Antioquia,Medellin_Centro,Middle,With disability,Women,Decision_making_participation,30.98168103414728,%,Civic_Participation_Records,ok
2020,Colombia,Antioquia,Medellin_Centro,Middle,With disability,Men,School_enrollment,28.40503298355559,%,Household_Survey,ok
2020,Colombia,Antioquia,Medellin_Centro,Middle,With disability,Men,Health_services_access,27.495220745135278,%,Community_GBV_Monitoring,ok
2020,Colombia,Antioquia,Medellin_Centro,Middle,With disability,Men,GBV_services_access,29.76140305721499,%,Community_GBV_Monitoring,ok
2020,Colombia,Antioquia,Medellin_Centro,Middle,With disability,Men,Employment_rate,34.81459459387715,%,Labour_Force_Survey,ok
2020,Colombia,Antioquia,Medellin_Centro,Middle,With disability,Men,Decision_making_participation,27.309621692249554,%,Civic_Participation_Records,ok
2020,Colombia,Antioquia,Medellin_Centro,High,No disability,Women,School_enrollment,,%,Administrative_Health_Reports,missing_value
2020,Colombia,Antioquia,Medellin_Centro,High,No disability,Women,Health_services_access,52.23288909949008,%,Household_Survey,ok
2020,Colombia,Antioquia,Medellin_Centro,High,No disability,Women,GBV_services_access,50.52630248260062,%,Community_GBV_Monitoring,ok
2020,Colombia,Antioquia,Medellin_Centro,High,No disability,Women,Employment_rate,50.04232936569199,%,Community_GBV_Monitoring,ok
2020,Colombia,Antioquia,Medellin_Centro,High,No disability,Women,Decision_making_participation,51.11753955426089,%,Administrative_Health_Reports,ok
2020,Colombia,Antioquia,Medellin_Centro,High,No disability,Men,School_enrollment,59.35421002459539,%,Civic_Participation_Records,ok
2020,Colombia,Antioquia,Medellin_Centro,High,No disability,Men,Health_services_access,57.49205852478393,%,Civic_Participation_Records,ok
2020,Colombia,Antioquia,Medellin_Centro,High,No disability,Men,GBV_services_access,55.25285067017836,%,Household_Survey,ok
2020,Colombia,Antioquia,Medellin_Centro,High,No disability,Men,Employment_rate,52.98961535611551,%,Labour_Force_Survey,ok
2020,Colombia,Antioquia,Medellin_Centro,High,No disability,Men,Decision_making_participation,57.441341099149945,%,Administrative_Health_Reports,ok
2020,Colombia,Antioquia,Medellin_Centro,High,With disability,Women,School_enrollment,30.80659189432437,%,Household_Survey,ok
2020,Colombia,Antioquia,Medellin_Centro,High,With disability,Women,Health_services_access,29.201470261261324,%,Household_Survey,ok
2020,Colombia,Antioquia,Medellin_Centro,High,With disability,Women,GBV_services_access,,%,Household_Survey,missing_value
2020,Colombia,Antioquia,Medellin_Centro,High,With disability,Women,Employment_rate,,%,Community_GBV_Monitoring,missing_value
2020,Colombia,Antioquia,Medellin_Centro,High,With disability,Women,Decision_making_participation,34.391586883361335,%,Civic_Participation_Records,ok
2020,Colombia,Antioquia,Medellin_Centro,High,With disability,Men,School_enrollment,39.53205260405632,%,Civic_Participation_Records,ok
2020,Colombia,Antioquia,Medellin_Centro,High,With disability,Men,Health_services_access,,%,Labour_Force_Survey,missing_value
2020,Colombia,Antioquia,Medellin_Centro,High,With disability,Men,GBV_services_access,,%,Civic_Participation_Records,missing_value
2020,Colombia,Antioquia,Medellin_Centro,High,With disability,Men,Employment_rate,34.143700137190116,%,Civic_Participation_Records,ok
2020,Colombia,Antioquia,Medellin_Centro,High,With disability,Men,Decision_making_participation,38.89653786415233,%,Civic_Participation_Records,ok
2021,Colombia,Antioquia,Medellin_Centro,Low,No disability,Women,School_enrollment,25.64061726830787,%,Labour_Force_Survey,ok
2021,Colombia,Antioquia,Medellin_Centro,Low,No disability,Women,Health_services_access,,%,Community_GBV_Monitoring,missing_value
2021,Colombia,Antioquia,Medellin_Centro,Low,No disability,Women,GBV_services_access,31.40237598818961,%,Community_GBV_Monitoring,ok
2021,Colombia,Antioquia,Medellin_Centro,Low,No disability,Women,Employment_rate,23.986798374312688,%,Administrative_Health_Reports,ok
2021,Colombia,Antioquia,Medellin_Centro,Low,No disability,Women,Decision_making_participation,34.09677102222202,%,Civic_Participation_Records,ok
2021,Colombia,Antioquia,Medellin_Centro,Low,No disability,Men,School_enrollment,36.1865807932993,%,Household_Survey,ok
2021,Colombia,Antioquia,Medellin_Centro,Low,No disability,Men,Health_services_access,35.72214748157678,%,Civic_Participation_Records,ok
2021,Colombia,Antioquia,Medellin_Centro,Low,No disability,Men,GBV_services_access,35.933313914728366,%,Administrative_Health_Reports,ok
2021,Colombia,Antioquia,Medellin_Centro,Low,No disability,Men,Employment_rate,31.99899834800579,%,Labour_Force_Survey,ok
2021,Colombia,Antioquia,Medellin_Centro,Low,No disability,Men,Decision_making_participation,30.669107332287034,%,Administrative_Health_Reports,ok
2021,Colombia,Antioquia,Medellin_Centro,Low,With disability,Women,School_enrollment,12.818240975011747,%,Household_Survey,ok
2021,Colombia,Antioquia,Medellin_Centro,Low,With disability,Women,Health_services_access,9.905829210461937,%,Labour_Force_Survey,ok
2021,Colombia,Antioquia,Medellin_Centro,Low,With disability,Women,GBV_services_access,9.614257564671648,%,Household_Survey,ok
2021,Colombia,Antioquia,Medellin_Centro,Low,With disability,Women,Employment_rate,9.145030535689685,%,Administrative_Health_Reports,ok
2021,Colombia,Antioquia,Medellin_Centro,Low,With disability,Women,Decision_making_participation,11.686658506303498,%,Community_GBV_Monitoring,ok
2021,Colombia,Antioquia,Medellin_Centro,Low,With disability,Men,School_enrollment,13.304031559624573,%,Community_GBV_Monitoring,ok
2021,Colombia,Antioquia,Medellin_Centro,Low,With disability,Men,Health_services_access,9.838498808778589,%,Household_Survey,ok
2021,Colombia,Antioquia,Medellin_Centro,Low,With disability,Men,GBV_services_access,6.27421701574022,%,Community_GBV_Monitoring,ok
2021,Colombia,Antioquia,Medellin_Centro,Low,With disability,Men,Employment_rate,,%,Administrative_Health_Reports,missing_value
2021,Colombia,Antioquia,Medellin_Centro,Low,With disability,Men,Decision_making_participation,,%,Household_Survey,missing_value
2021,Colombia,Antioquia,Medellin_Centro,Middle,No disability,Women,School_enrollment,41.34894720157139,%,Household_Survey,ok
2021,Colombia,Antioquia,Medellin_Centro,Middle,No disability,Women,Health_services_access,48.174417995669764,%,Civic_Participation_Records,ok
2021,Colombia,Antioquia,Medellin_Centro,Middle,No disability,Women,GBV_services_access,42.324566980554266,%,Administrative_Health_Reports,ok
2021,Colombia,Antioquia,Medellin_Centro,Middle,No disability,Women,Employment_rate,43.53129335679644,%,Household_Survey,ok
2021,Colombia,Antioquia,Medellin_Centro,Middle,No disability,Women,Decision_making_participation,46.89111843805338,%,Labour_Force_Survey,ok
2021,Colombia,Antioquia,Medellin_Centro,Middle,No disability,Men,School_enrollment,52.26226399838706,%,Administrative_Health_Reports,ok
2021,Colombia,Antioquia,Medellin_Centro,Middle,No disability,Men,Health_services_access,55.3365589382653,%,Civic_Participation_Records,ok
2021,Colombia,Antioquia,Medellin_Centro,Middle,No disability,Men,GBV_services_access,50.420171918119415,%,Community_GBV_Monitoring,ok
2021,Colombia,Antioquia,Medellin_Centro,Middle,No disability,Men,Employment_rate,50.78696542116301,%,Civic_Participation_Records,ok
2021,Colombia,Antioquia,Medellin_Centro,Middle,No disability,Men,Decision_making_participation,51.88058395532873,%,Community_GBV_Monitoring,ok
2021,Colombia,Antioquia,Medellin_Centro,Middle,With disability,Women,School_enrollment,26.653740002746368,%,Household_Survey,ok
2021,Colombia,Antioquia,Medellin_Centro,Middle,With disability,Women,Health_services_access,,%,Civic_Participation_Records,missing_value
2021,Colombia,Antioquia,Medellin_Centro,Middle,With disability,Women,GBV_services_access,,%,Administrative_Health_Reports,missing_value
2021,Colombia,Antioquia,Medellin_Centro,Middle,With disability,Women,Employment_rate,28.59037613638084,%,Civic_Participation_Records,ok
2021,Colombia,Antioquia,Medellin_Centro,Middle,With disability,Women,Decision_making_participation,29.958369510277002,%,Household_Survey,ok
2021,Colombia,Antioquia,Medellin_Centro,Middle,With disability,Men,School_enrollment,32.13211429252065,%,Administrative_Health_Reports,ok
2021,Colombia,Antioquia,Medellin_Centro,Middle,With disability,Men,Health_services_access,29.082475012380304,%,Household_Survey,ok
2021,Colombia,Antioquia,Medellin_Centro,Middle,With disability,Men,GBV_services_access,23.1607254011983,%,Civic_Participation_Records,ok
2021,Colombia,Antioquia,Medellin_Centro,Middle,With disability,Men,Employment_rate,30.697229883777574,%,Civic_Participation_Records,ok
2021,Colombia,Antioquia,Medellin_Centro,Middle,With disability,Men,Decision_making_participation,33.6335964429275,%,Labour_Force_Survey,ok
2021,Colombia,Antioquia,Medellin_Centro,High,No disability,Women,School_enrollment,49.110095204054346,%,Community_GBV_Monitoring,ok
2021,Colombia,Antioquia,Medellin_Centro,High,No disability,Women,Health_services_access,53.758456482604394,%,Household_Survey,ok
2021,Colombia,Antioquia,Medellin_Centro,High,No disability,Women,GBV_services_access,53.49836926456196,%,Civic_Participation_Records,ok
2021,Colombia,Antioquia,Medellin_Centro,High,No disability,Women,Employment_rate,51.625144488534296,%,Civic_Participation_Records,ok
2021,Colombia,Antioquia,Medellin_Centro,High,No disability,Women,Decision_making_participation,50.51296290822457,%,Community_GBV_Monitoring,ok
2021,Colombia,Antioquia,Medellin_Centro,High,No disability,Men,School_enrollment,56.95878017329173,%,Household_Survey,ok
2021,Colombia,Antioquia,Medellin_Centro,High,No disability,Men,Health_services_access,54.230587888164294,%,Civic_Participation_Records,ok
2021,Colombia,Antioquia,Medellin_Centro,High,No disability,Men,GBV_services_access,57.22588788090859,%,Community_GBV_Monitoring,ok
2021,Colombia,Antioquia,Medellin_Centro,High,No disability,Men,Employment_rate,57.54449976931948,%,Labour_Force_Survey,ok
2021,Colombia,Antioquia,Medellin_Centro,High,No disability,Men,Decision_making_participation,60.636361928914916,%,Household_Survey,ok
2021,Colombia,Antioquia,Medellin_Centro,High,With disability,Women,School_enrollment,26.460001703822414,%,Civic_Participation_Records,ok
2021,Colombia,Antioquia,Medellin_Centro,High,With disability,Women,Health_services_access,,%,Labour_Force_Survey,missing_value
2021,Colombia,Antioquia,Medellin_Centro,High,With disability,Women,GBV_services_access,30.345463335569413,%,Administrative_Health_Reports,ok
2021,Colombia,Antioquia,Medellin_Centro,High,With disability,Women,Employment_rate,29.07111287514346,%,Community_GBV_Monitoring,ok
2021,Colombia,Antioquia,Medellin_Centro,High,With disability,Women,Decision_making_participation,31.437118271491027,%,Community_GBV_Monitoring,ok
2021,Colombia,Antioquia,Medellin_Centro,High,With disability,Men,School_enrollment,37.71242908869049,%,Household_Survey,ok
2021,Colombia,Antioquia,Medellin_Centro,High,With disability,Men,Health_services_access,31.60524404331622,%,Administrative_Health_Reports,ok
2021,Colombia,Antioquia,Medellin_Centro,High,With disability,Men,GBV_services_access,33.113214150215214,%,Administrative_Health_Reports,ok
2021,Colombia,Antioquia,Medellin_Centro,High,With disability,Men,Employment_rate,,%,Administrative_Health_Reports,missing_value
2021,Colombia,Antioquia,Medellin_Centro,High,With disability,Men,Decision_making_participation,37.61871069392051,%,Labour_Force_Survey,ok
2022,Colombia,Antioquia,Medellin_Centro,Low,No disability,Women,School_enrollment,35.20084741904748,%,Household_Survey,ok
2022,Colombia,Antioquia,Medellin_Centro,Low,No disability,Women,Health_services_access,32.10621396801089,%,Community_GBV_Monitoring,ok
2022,Colombia,Antioquia,Medellin_Centro,Low,No disability,Women,GBV_services_access,27.41641248115447,%,Administrative_Health_Reports,ok
2022,Colombia,Antioquia,Medellin_Centro,Low,No disability,Women,Employment_rate,29.40342708915428,%,Labour_Force_Survey,ok
2022,Colombia,Antioquia,Medellin_Centro,Low,No disability,Women,Decision_making_participation,30.02781650790128,%,Household_Survey,ok
2022,Colombia,Antioquia,Medellin_Centro,Low,No disability,Men,School_enrollment,36.253560912546504,%,Community_GBV_Monitoring,ok
2022,Colombia,Antioquia,Medellin_Centro,Low,No disability,Men,Health_services_access,39.58902371938416,%,Household_Survey,ok
2022,Colombia,Antioquia,Medellin_Centro,Low,No disability,Men,GBV_services_access,31.915779564310636,%,Household_Survey,ok
2022,Colombia,Antioquia,Medellin_Centro,Low,No disability,Men,Employment_rate,33.306929737099686,%,Labour_Force_Survey,ok
2022,Colombia,Antioquia,Medellin_Centro,Low,No disability,Men,Decision_making_participation,35.91700908169724,%,Labour_Force_Survey,ok
2022,Colombia,Antioquia,Medellin_Centro,Low,With disability,Women,School_enrollment,12.545861217285848,%,Community_GBV_Monitoring,ok
2022,Colombia,Antioquia,Medellin_Centro,Low,With disability,Women,Health_services_access,,%,Administrative_Health_Reports,missing_value
2022,Colombia,Antioquia,Medellin_Centro,Low,With disability,Women,GBV_services_access,5.855044452189249,%,Civic_Participation_Records,ok
2022,Colombia,Antioquia,Medellin_Centro,Low,With disability,Women,Employment_rate,7.851099950677043,%,Labour_Force_Survey,ok
2022,Colombia,Antioquia,Medellin_Centro,Low,With disability,Women,Decision_making_participation,17.71579277302233,%,Community_GBV_Monitoring,ok
2022,Colombia,Antioquia,Medellin_Centro,Low,With disability,Men,School_enrollment,20.664275757452582,%,Household_Survey,ok
2022,Colombia,Antioquia,Medellin_Centro,Low,With disability,Men,Health_services_access,,%,Labour_Force_Survey,missing_value
2022,Colombia,Antioquia,Medellin_Centro,Low,With disability,Men,GBV_services_access,7.562446193281172,%,Community_GBV_Monitoring,ok
2022,Colombia,Antioquia,Medellin_Centro,Low,With disability,Men,Employment_rate,15.709404214898171,%,Civic_Participation_Records,ok
2022,Colombia,Antioquia,Medellin_Centro,Low,With disability,Men,Decision_making_participation,,%,Civic_Participation_Records,missing_value
2022,Colombia,Antioquia,Medellin_Centro,Middle,No disability,Women,School_enrollment,46.57828472460746,%,Civic_Participation_Records,ok
2022,Colombia,Antioquia,Medellin_Centro,Middle,No disability,Women,Health_services_access,47.869378667373994,%,Labour_Force_Survey,ok
2022,Colombia,Antioquia,Medellin_Centro,Middle,No disability,Women,GBV_services_access,45.74271847649196,%,Labour_Force_Survey,ok
2022,Colombia,Antioquia,Medellin_Centro,Middle,No disability,Women,Employment_rate,45.95257727166527,%,Community_GBV_Monitoring,ok
2022,Colombia,Antioquia,Medellin_Centro,Middle,No disability,Women,Decision_making_participation,52.13491188333654,%,Labour_Force_Survey,ok
2022,Colombia,Antioquia,Medellin_Centro,Middle,No disability,Men,School_enrollment,50.20412019362636,%,Administrative_Health_Reports,ok
2022,Colombia,Antioquia,Medellin_Centro,Middle,No disability,Men,Health_services_access,54.780878766308795,%,Household_Survey,ok
2022,Colombia,Antioquia,Medellin_Centro,Middle,No disability,Men,GBV_services_access,49.231550591651164,%,Community_GBV_Monitoring,ok
2022,Colombia,Antioquia,Medellin_Centro,Middle,No disability,Men,Employment_rate,50.639699305035755,%,Civic_Participation_Records,ok
2022,Colombia,Antioquia,Medellin_Centro,Middle,No disability,Men,Decision_making_participation,50.23474878847779,%,Civic_Participation_Records,ok
2022,Colombia,Antioquia,Medellin_Centro,Middle,With disability,Women,School_enrollment,27.6918458945398,%,Community_GBV_Monitoring,ok
2022,Colombia,Antioquia,Medellin_Centro,Middle,With disability,Women,Health_services_access,22.440950032151164,%,Community_GBV_Monitoring,ok
2022,Colombia,Antioquia,Medellin_Centro,Middle,With disability,Women,GBV_services_access,,%,Labour_Force_Survey,missing_value
2022,Colombia,Antioquia,Medellin_Centro,Middle,With disability,Women,Employment_rate,29.77667669208841,%,Administrative_Health_Reports,ok
2022,Colombia,Antioquia,Medellin_Centro,Middle,With disability,Women,Decision_making_participation,26.5944996485539,%,Community_GBV_Monitoring,ok
2022,Colombia,Antioquia,Medellin_Centro,Middle,With disability,Men,School_enrollment,35.43691493961199,%,Household_Survey,ok
2022,Colombia,Antioquia,Medellin_Centro,Middle,With disability,Men,Health_services_access,31.041847509594437,%,Household_Survey,ok
2022,Colombia,Antioquia,Medellin_Centro,Middle,With disability,Men,GBV_services_access,28.180295604223623,%,Community_GBV_Monitoring,ok
2022,Colombia,Antioquia,Medellin_Centro,Middle,With disability,Men,Employment_rate,31.6410677319952,%,Household_Survey,ok
2022,Colombia,Antioquia,Medellin_Centro,Middle,With disability,Men,Decision_making_participation,29.21447404749577,%,Household_Survey,ok
2022,Colombia,Antioquia,Medellin_Centro,High,No disability,Women,School_enrollment,50.73271303485679,%,Administrative_Health_Reports,ok
2022,Colombia,Antioquia,Medellin_Centro,High,No disability,Women,Health_services_access,56.08495831068404,%,Household_Survey,ok
2022,Colombia,Antioquia,Medellin_Centro,High,No disability,Women,GBV_services_access,52.075979876457296,%,Community_GBV_Monitoring,ok
2022,Colombia,Antioquia,Medellin_Centro,High,No disability,Women,Employment_rate,52.40284783955348,%,Labour_Force_Survey,ok
2022,Colombia,Antioquia,Medellin_Centro,High,No disability,Women,Decision_making_participation,56.29337608487791,%,Household_Survey,ok
2022,Colombia,Antioquia,Medellin_Centro,High,No disability,Men,School_enrollment,59.102124054653984,%,Civic_Participation_Records,ok
2022,Colombia,Antioquia,Medellin_Centro,High,No disability,Men,Health_services_access,57.004548876658774,%,Labour_Force_Survey,ok
2022,Colombia,Antioquia,Medellin_Centro,High,No disability,Men,GBV_services_access,56.26082589119098,%,Administrative_Health_Reports,ok
2022,Colombia,Antioquia,Medellin_Centro,High,No disability,Men,Employment_rate,57.39160737615167,%,Household_Survey,ok
2022,Colombia,Antioquia,Medellin_Centro,High,No disability,Men,Decision_making_participation,56.032814106532,%,Civic_Participation_Records,ok
2022,Colombia,Antioquia,Medellin_Centro,High,With disability,Women,School_enrollment,32.751145581530515,%,Community_GBV_Monitoring,ok
2022,Colombia,Antioquia,Medellin_Centro,High,With disability,Women,Health_services_access,,%,Administrative_Health_Reports,missing_value
2022,Colombia,Antioquia,Medellin_Centro,High,With disability,Women,GBV_services_access,23.8980599166402,%,Administrative_Health_Reports,ok
2022,Colombia,Antioquia,Medellin_Centro,High,With disability,Women,Employment_rate,33.112352964416225,%,Labour_Force_Survey,ok
2022,Colombia,Antioquia,Medellin_Centro,High,With disability,Women,Decision_making_participation,34.55783653181858,%,Community_GBV_Monitoring,ok
2022,Colombia,Antioquia,Medellin_Centro,High,With disability,Men,School_enrollment,35.02495157796656,%,Community_GBV_Monitoring,ok
2022,Colombia,Antioquia,Medellin_Centro,High,With disability,Men,Health_services_access,29.79831447061754,%,Civic_Participation_Records,ok
2022,Colombia,Antioquia,Medellin_Centro,High,With disability,Men,GBV_services_access,29.739675386553444,%,Civic_Participation_Records,ok
2022,Colombia,Antioquia,Medellin_Centro,High,With disability,Men,Employment_rate,35.039839419441655,%,Administrative_Health_Reports,ok
2022,Colombia,Antioquia,Medellin_Centro,High,With disability,Men,Decision_making_participation,,%,Household_Survey,missing_value
2023,Colombia,Antioquia,Medellin_Centro,Low,No disability,Women,School_enrollment,31.844012400082864,%,Civic_Participation_Records,ok
2023,Colombia,Antioquia,Medellin_Centro,Low,No disability,Women,Health_services_access,28.218152142044858,%,Civic_Participation_Records,ok
2023,Colombia,Antioquia,Medellin_Centro,Low,No disability,Women,GBV_services_access,30.216259496090732,%,Administrative_Health_Reports,ok
2023,Colombia,Antioquia,Medellin_Centro,Low,No disability,Women,Employment_rate,25.02147023883809,%,Labour_Force_Survey,ok
2023,Colombia,Antioquia,Medellin_Centro,Low,No disability,Women,Decision_making_participation,32.498379292857464,%,Labour_Force_Survey,ok
2023,Colombia,Antioquia,Medellin_Centro,Low,No disability,Men,School_enrollment,,%,Labour_Force_Survey,missing_value
2023,Colombia,Antioquia,Medellin_Centro,Low,No disability,Men,Health_services_access,29.89606140183327,%,Household_Survey,ok
2023,Colombia,Antioquia,Medellin_Centro,Low,No disability,Men,GBV_services_access,33.151907221306715,%,Civic_Participation_Records,ok
2023,Colombia,Antioquia,Medellin_Centro,Low,No disability,Men,Employment_rate,,%,Labour_Force_Survey,missing_value
2023,Colombia,Antioquia,Medellin_Centro,Low,No disability,Men,Decision_making_participation,33.108658055844,%,Administrative_Health_Reports,ok
2023,Colombia,Antioquia,Medellin_Centro,Low,With disability,Women,School_enrollment,13.065542003267863,%,Labour_Force_Survey,ok
2023,Colombia,Antioquia,Medellin_Centro,Low,With disability,Women,Health_services_access,,%,Administrative_Health_Reports,missing_value
2023,Colombia,Antioquia,Medellin_Centro,Low,With disability,Women,GBV_services_access,8.260424635534019,%,Civic_Participation_Records,ok
2023,Colombia,Antioquia,Medellin_Centro,Low,With disability,Women,Employment_rate,10.668353342632038,%,Community_GBV_Monitoring,ok
2023,Colombia,Antioquia,Medellin_Centro,Low,With disability,Women,Decision_making_participation,16.876172595309036,%,Labour_Force_Survey,ok
2023,Colombia,Antioquia,Medellin_Centro,Low,With disability,Men,School_enrollment,,%,Labour_Force_Survey,missing_value
2023,Colombia,Antioquia,Medellin_Centro,Low,With disability,Men,Health_services_access,,%,Household_Survey,missing_value
2023,Colombia,Antioquia,Medellin_Centro,Low,With disability,Men,GBV_services_access,12.573431479795648,%,Household_Survey,ok
2023,Colombia,Antioquia,Medellin_Centro,Low,With disability,Men,Employment_rate,14.941509523160414,%,Labour_Force_Survey,ok
2023,Colombia,Antioquia,Medellin_Centro,Low,With disability,Men,Decision_making_participation,24.761757681634922,%,Civic_Participation_Records,ok
2023,Colombia,Antioquia,Medellin_Centro,Middle,No disability,Women,School_enrollment,44.85328986420569,%,Household_Survey,ok
2023,Colombia,Antioquia,Medellin_Centro,Middle,No disability,Women,Health_services_access,45.57860187579228,%,Labour_Force_Survey,ok
2023,Colombia,Antioquia,Medellin_Centro,Middle,No disability,Women,GBV_services_access,45.45913307520012,%,Administrative_Health_Reports,ok
2023,Colombia,Antioquia,Medellin_Centro,Middle,No disability,Women,Employment_rate,43.35174462581437,%,Community_GBV_Monitoring,ok
2023,Colombia,Antioquia,Medellin_Centro,Middle,No disability,Women,Decision_making_participation,42.77071608599288,%,Labour_Force_Survey,ok
2023,Colombia,Antioquia,Medellin_Centro,Middle,No disability,Men,School_enrollment,50.31063870225645,%,Civic_Participation_Records,ok
2023,Colombia,Antioquia,Medellin_Centro,Middle,No disability,Men,Health_services_access,50.294955652422054,%,Household_Survey,ok
2023,Colombia,Antioquia,Medellin_Centro,Middle,No disability,Men,GBV_services_access,54.73757663743408,%,Household_Survey,ok
2023,Colombia,Antioquia,Medellin_Centro,Middle,No disability,Men,Employment_rate,51.70374102002955,%,Civic_Participation_Records,ok
2023,Colombia,Antioquia,Medellin_Centro,Middle,No disability,Men,Decision_making_participation,58.51871332233571,%,Administrative_Health_Reports,ok
2023,Colombia,Antioquia,Medellin_Centro,Middle,With disability,Women,School_enrollment,24.33812224928267,%,Administrative_Health_Reports,ok
2023,Colombia,Antioquia,Medellin_Centro,Middle,With disability,Women,Health_services_access,27.427348285062664,%,Household_Survey,ok
2023,Colombia,Antioquia,Medellin_Centro,Middle,With disability,Women,GBV_services_access,22.766550503630555,%,Labour_Force_Survey,ok
2023,Colombia,Antioquia,Medellin_Centro,Middle,With disability,Women,Employment_rate,25.344085067967896,%,Labour_Force_Survey,ok
2023,Colombia,Antioquia,Medellin_Centro,Middle,With disability,Women,Decision_making_participation,,%,Community_GBV_Monitoring,missing_value
2023,Colombia,Antioquia,Medellin_Centro,Middle,With disability,Men,School_enrollment,,%,Administrative_Health_Reports,missing_value
2023,Colombia,Antioquia,Medellin_Centro,Middle,With disability,Men,Health_services_access,31.829851992762638,%,Community_GBV_Monitoring,ok
2023,Colombia,Antioquia,Medellin_Centro,Middle,With disability,Men,GBV_services_access,29.23820153965721,%,Community_GBV_Monitoring,ok
2023,Colombia,Antioquia,Medellin_Centro,Middle,With disability,Men,Employment_rate,34.276883531589284,%,Community_GBV_Monitoring,ok
2023,Colombia,Antioquia,Medellin_Centro,Middle,With disability,Men,Decision_making_participation,34.30222162045724,%,Administrative_Health_Reports,ok
2023,Colombia,Antioquia,Medellin_Centro,High,No disability,Women,School_enrollment,55.597108433899855,%,Labour_Force_Survey,ok
2023,Colombia,Antioquia,Medellin_Centro,High,No disability,Women,Health_services_access,50.534744882083686,%,Labour_Force_Survey,ok
2023,Colombia,Antioquia,Medellin_Centro,High,No disability,Women,GBV_services_access,51.945264373125674,%,Labour_Force_Survey,ok
2023,Colombia,Antioquia,Medellin_Centro,High,No disability,Women,Employment_rate,52.85838022251454,%,Household_Survey,ok
2023,Colombia,Antioquia,Medellin_Centro,High,No disability,Women,Decision_making_participation,51.941015476144564,%,Administrative_Health_Reports,ok
2023,Colombia,Antioquia,Medellin_Centro,High,No disability,Men,School_enrollment,51.028190361975376,%,Labour_Force_Survey,ok
2023,Colombia,Antioquia,Medellin_Centro,High,No disability,Men,Health_services_access,55.35955777027756,%,Community_GBV_Monitoring,ok
2023,Colombia,Antioquia,Medellin_Centro,High,No disability,Men,GBV_services_access,59.45012909672916,%,Community_GBV_Monitoring,ok
2023,Colombia,Antioquia,Medellin_Centro,High,No disability,Men,Employment_rate,60.27443534407953,%,Labour_Force_Survey,ok
2023,Colombia,Antioquia,Medellin_Centro,High,No disability,Men,Decision_making_participation,57.00637619815315,%,Civic_Participation_Records,ok
2023,Colombia,Antioquia,Medellin_Centro,High,With disability,Women,School_enrollment,31.90692144544779,%,Administrative_Health_Reports,ok
2023,Colombia,Antioquia,Medellin_Centro,High,With disability,Women,Health_services_access,26.743583635791087,%,Community_GBV_Monitoring,ok
2023,Colombia,Antioquia,Medellin_Centro,High,With disability,Women,GBV_services_access,33.002875084595836,%,Household_Survey,ok
2023,Colombia,Antioquia,Medellin_Centro,High,With disability,Women,Employment_rate,39.19368639313397,%,Community_GBV_Monitoring,ok
2023,Colombia,Antioquia,Medellin_Centro,High,With disability,Women,Decision_making_participation,34.54300617376086,%,Household_Survey,ok
2023,Colombia,Antioquia,Medellin_Centro,High,With disability,Men,School_enrollment,33.58511484221429,%,Household_Survey,ok
2023,Colombia,Antioquia,Medellin_Centro,High,With disability,Men,Health_services_access,32.04991591999742,%,Civic_Participation_Records,ok
2023,Colombia,Antioquia,Medellin_Centro,High,With disability,Men,GBV_services_access,35.52666439788665,%,Community_GBV_Monitoring,ok
2023,Colombia,Antioquia,Medellin_Centro,High,With disability,Men,Employment_rate,40.272160823953634,%,Community_GBV_Monitoring,ok
2023,Colombia,Antioquia,Medellin_Centro,High,With disability,Men,Decision_making_participation,35.24610344608447,%,Household_Survey,ok
2024,Colombia,Antioquia,Medellin_Centro,Low,No disability,Women,School_enrollment,31.638105770432176,%,Civic_Participation_Records,ok
2024,Colombia,Antioquia,Medellin_Centro,Low,No disability,Women,Health_services_access,,%,Community_GBV_Monitoring,missing_value
2024,Colombia,Antioquia,Medellin_Centro,Low,No disability,Women,GBV_services_access,27.642585928064737,%,Labour_Force_Survey,ok
2024,Colombia,Antioquia,Medellin_Centro,Low,No disability,Women,Employment_rate,27.449164731046974,%,Labour_Force_Survey,ok
2024,Colombia,Antioquia,Medellin_Centro,Low,No disability,Women,Decision_making_participation,35.077127678039346,%,Labour_Force_Survey,ok
2024,Colombia,Antioquia,Medellin_Centro,Low,No disability,Men,School_enrollment,,%,Household_Survey,missing_value
2024,Colombia,Antioquia,Medellin_Centro,Low,No disability,Men,Health_services_access,35.86308719443452,%,Labour_Force_Survey,ok
2024,Colombia,Antioquia,Medellin_Centro,Low,No disability,Men,GBV_services_access,32.10325952402938,%,Civic_Participation_Records,ok
2024,Colombia,Antioquia,Medellin_Centro,Low,No disability,Men,Employment_rate,34.69870748220016,%,Labour_Force_Survey,ok
2024,Colombia,Antioquia,Medellin_Centro,Low,No disability,Men,Decision_making_participation,35.487163847082314,%,Household_Survey,ok
2024,Colombia,Antioquia,Medellin_Centro,Low,With disability,Women,School_enrollment,16.26916584719985,%,Administrative_Health_Reports,ok
2024,Colombia,Antioquia,Medellin_Centro,Low,With disability,Women,Health_services_access,,%,Civic_Participation_Records,missing_value
2024,Colombia,Antioquia,Medellin_Centro,Low,With disability,Women,GBV_services_access,9.54718318450367,%,Community_GBV_Monitoring,ok
2024,Colombia,Antioquia,Medellin_Centro,Low,With disability,Women,Employment_rate,7.728935989457165,%,Civic_Participation_Records,ok
2024,Colombia,Antioquia,Medellin_Centro,Low,With disability,Women,Decision_making_participation,18.106019630853343,%,Community_GBV_Monitoring,ok
2024,Colombia,Antioquia,Medellin_Centro,Low,With disability,Men,School_enrollment,17.52894065838582,%,Household_Survey,ok
2024,Colombia,Antioquia,Medellin_Centro,Low,With disability,Men,Health_services_access,13.34596984022084,%,Household_Survey,ok
2024,Colombia,Antioquia,Medellin_Centro,Low,With disability,Men,GBV_services_access,11.16276607558846,%,Administrative_Health_Reports,ok
2024,Colombia,Antioquia,Medellin_Centro,Low,With disability,Men,Employment_rate,16.54261422957249,%,Household_Survey,ok
2024,Colombia,Antioquia,Medellin_Centro,Low,With disability,Men,Decision_making_participation,,%,Civic_Participation_Records,missing_value
2024,Colombia,Antioquia,Medellin_Centro,Middle,No disability,Women,School_enrollment,43.67659542383469,%,Household_Survey,ok
2024,Colombia,Antioquia,Medellin_Centro,Middle,No disability,Women,Health_services_access,48.199457408538365,%,Labour_Force_Survey,ok
2024,Colombia,Antioquia,Medellin_Centro,Middle,No disability,Women,GBV_services_access,,%,Administrative_Health_Reports,missing_value
2024,Colombia,Antioquia,Medellin_Centro,Middle,No disability,Women,Employment_rate,40.23140327744364,%,Administrative_Health_Reports,ok
2024,Colombia,Antioquia,Medellin_Centro,Middle,No disability,Women,Decision_making_participation,,%,Community_GBV_Monitoring,missing_value
2024,Colombia,Antioquia,Medellin_Centro,Middle,No disability,Men,School_enrollment,51.307646699883016,%,Household_Survey,ok
2024,Colombia,Antioquia,Medellin_Centro,Middle,No disability,Men,Health_services_access,51.9061217114498,%,Community_GBV_Monitoring,ok
2024,Colombia,Antioquia,Medellin_Centro,Middle,No disability,Men,GBV_services_access,53.2261000726905,%,Civic_Participation_Records,ok
2024,Colombia,Antioquia,Medellin_Centro,Middle,No disability,Men,Employment_rate,49.28901331599202,%,Administrative_Health_Reports,ok
2024,Colombia,Antioquia,Medellin_Centro,Middle,No disability,Men,Decision_making_participation,49.9146633539702,%,Community_GBV_Monitoring,ok
2024,Colombia,Antioquia,Medellin_Centro,Middle,With disability,Women,School_enrollment,23.08488309589146,%,Community_GBV_Monitoring,ok
2024,Colombia,Antioquia,Medellin_Centro,Middle,With disability,Women,Health_services_access,26.609731887736288,%,Household_Survey,ok
2024,Colombia,Antioquia,Medellin_Centro,Middle,With disability,Women,GBV_services_access,22.355009412164343,%,Labour_Force_Survey,ok
2024,Colombia,Antioquia,Medellin_Centro,Middle,With disability,Women,Employment_rate,26.65071682573043,%,Community_GBV_Monitoring,ok
2024,Colombia,Antioquia,Medellin_Centro,Middle,With disability,Women,Decision_making_participation,28.180238374431067,%,Labour_Force_Survey,ok
2024,Colombia,Antioquia,Medellin_Centro,Middle,With disability,Men,School_enrollment,33.52699639685059,%,Household_Survey,ok
2024,Colombia,Antioquia,Medellin_Centro,Middle,With disability,Men,Health_services_access,23.681004946980455,%,Civic_Participation_Records,ok
2024,Colombia,Antioquia,Medellin_Centro,Middle,With disability,Men,GBV_services_access,28.438755203894793,%,Administrative_Health_Reports,ok
2024,Colombia,Antioquia,Medellin_Centro,Middle,With disability,Men,Employment_rate,31.44051620659492,%,Community_GBV_Monitoring,ok
2024,Colombia,Antioquia,Medellin_Centro,Middle,With disability,Men,Decision_making_participation,30.493707266176227,%,Household_Survey,ok
2024,Colombia,Antioquia,Medellin_Centro,High,No disability,Women,School_enrollment,50.191967627553765,%,Labour_Force_Survey,ok
2024,Colombia,Antioquia,Medellin_Centro,High,No disability,Women,Health_services_access,55.27846996214057,%,Community_GBV_Monitoring,ok
2024,Colombia,Antioquia,Medellin_Centro,High,No disability,Women,GBV_services_access,50.73194001243933,%,Administrative_Health_Reports,ok
2024,Colombia,Antioquia,Medellin_Centro,High,No disability,Women,Employment_rate,51.00931325750136,%,Community_GBV_Monitoring,ok
2024,Colombia,Antioquia,Medellin_Centro,High,No disability,Women,Decision_making_participation,52.43386038161301,%,Labour_Force_Survey,ok
2024,Colombia,Antioquia,Medellin_Centro,High,No disability,Men,School_enrollment,55.95439081204879,%,Community_GBV_Monitoring,ok
2024,Colombia,Antioquia,Medellin_Centro,High,No disability,Men,Health_services_access,57.50927358610981,%,Civic_Participation_Records,ok
2024,Colombia,Antioquia,Medellin_Centro,High,No disability,Men,GBV_services_access,60.73181442962482,%,Household_Survey,ok
2024,Colombia,Antioquia,Medellin_Centro,High,No disability,Men,Employment_rate,56.07272990327967,%,Community_GBV_Monitoring,ok
2024,Colombia,Antioquia,Medellin_Centro,High,No disability,Men,Decision_making_participation,56.17461924843092,%,Civic_Participation_Records,ok
2024,Colombia,Antioquia,Medellin_Centro,High,With disability,Women,School_enrollment,30.618794094367704,%,Community_GBV_Monitoring,ok
2024,Colombia,Antioquia,Medellin_Centro,High,With disability,Women,Health_services_access,,%,Administrative_Health_Reports,missing_value
2024,Colombia,Antioquia,Medellin_Centro,High,With disability,Women,GBV_services_access,,%,Civic_Participation_Records,missing_value
2024,Colombia,Antioquia,Medellin_Centro,High,With disability,Women,Employment_rate,29.808291595600288,%,Community_GBV_Monitoring,ok
2024,Colombia,Antioquia,Medellin_Centro,High,With disability,Women,Decision_making_participation,26.415609698964353,%,Civic_Participation_Records,ok
2024,Colombia,Antioquia,Medellin_Centro,High,With disability,Men,School_enrollment,,%,Administrative_Health_Reports,missing_value
2024,Colombia,Antioquia,Medellin_Centro,High,With disability,Men,Health_services_access,32.65845248343426,%,Civic_Participation_Records,ok
2024,Colombia,Antioquia,Medellin_Centro,High,With disability,Men,GBV_services_access,35.23275396924824,%,Administrative_Health_Reports,ok
2024,Colombia,Antioquia,Medellin_Centro,High,With disability,Men,Employment_rate,38.77837440210534,%,Administrative_Health_Reports,ok
2024,Colombia,Antioquia,Medellin_Centro,High,With disability,Men,Decision_making_participation,34.549945317301535,%,Community_GBV_Monitoring,ok
2020,Colombia,Antioquia,Medellin_Oeste,Low,No disability,Women,School_enrollment,30.94783048333213,%,Community_GBV_Monitoring,ok
2020,Colombia,Antioquia,Medellin_Oeste,Low,No disability,Women,Health_services_access,31.301042072354534,%,Administrative_Health_Reports,ok
2020,Colombia,Antioquia,Medellin_Oeste,Low,No disability,Women,GBV_services_access,34.90843054088507,%,Household_Survey,ok
2020,Colombia,Antioquia,Medellin_Oeste,Low,No disability,Women,Employment_rate,25.374496785681117,%,Community_GBV_Monitoring,ok
2020,Colombia,Antioquia,Medellin_Oeste,Low,No disability,Women,Decision_making_participation,30.677841484962762,%,Administrative_Health_Reports,ok
2020,Colombia,Antioquia,Medellin_Oeste,Low,No disability,Men,School_enrollment,40.33332628255263,%,Labour_Force_Survey,ok
2020,Colombia,Antioquia,Medellin_Oeste,Low,No disability,Men,Health_services_access,31.817072774282224,%,Civic_Participation_Records,ok
2020,Colombia,Antioquia,Medellin_Oeste,Low,No disability,Men,GBV_services_access,31.139806860372317,%,Household_Survey,ok
2020,Colombia,Antioquia,Medellin_Oeste,Low,No disability,Men,Employment_rate,34.72516088797216,%,Administrative_Health_Reports,ok
2020,Colombia,Antioquia,Medellin_Oeste,Low,No disability,Men,Decision_making_participation,37.35551518111963,%,Community_GBV_Monitoring,ok
2020,Colombia,Antioquia,Medellin_Oeste,Low,With disability,Women,School_enrollment,13.93483781387829,%,Community_GBV_Monitoring,ok
2020,Colombia,Antioquia,Medellin_Oeste,Low,With disability,Women,Health_services_access,14.675402607252447,%,Community_GBV_Monitoring,ok
2020,Colombia,Antioquia,Medellin_Oeste,Low,With disability,Women,GBV_services_access,,%,Civic_Participation_Records,missing_value
2020,Colombia,Antioquia,Medellin_Oeste,Low,With disability,Women,Employment_rate,8.74864358309635,%,Community_GBV_Monitoring,ok
2020,Colombia,Antioquia,Medellin_Oeste,Low,With disability,Women,Decision_making_participation,17.131567937468574,%,Administrative_Health_Reports,ok
2020,Colombia,Antioquia,Medellin_Oeste,Low,With disability,Men,School_enrollment,17.234009485922964,%,Household_Survey,ok
2020,Colombia,Antioquia,Medellin_Oeste,Low,With disability,Men,Health_services_access,13.461123219052626,%,Household_Survey,ok
2020,Colombia,Antioquia,Medellin_Oeste,Low,With disability,Men,GBV_services_access,14.768783191351732,%,Civic_Participation_Records,ok
2020,Colombia,Antioquia,Medellin_Oeste,Low,With disability,Men,Employment_rate,15.131594233489588,%,Labour_Force_Survey,ok
2020,Colombia,Antioquia,Medellin_Oeste,Low,With disability,Men,Decision_making_participation,20.23395269144895,%,Civic_Participation_Records,ok
2020,Colombia,Antioquia,Medellin_Oeste,Middle,No disability,Women,School_enrollment,45.965043004246716,%,Community_GBV_Monitoring,ok
2020,Colombia,Antioquia,Medellin_Oeste,Middle,No disability,Women,Health_services_access,46.66931819932151,%,Civic_Participation_Records,ok
2020,Colombia,Antioquia,Medellin_Oeste,Middle,No disability,Women,GBV_services_access,50.45532698641454,%,Administrative_Health_Reports,ok
2020,Colombia,Antioquia,Medellin_Oeste,Middle,No disability,Women,Employment_rate,46.164964088802535,%,Labour_Force_Survey,ok
2020,Colombia,Antioquia,Medellin_Oeste,Middle,No disability,Women,Decision_making_participation,47.56796177153429,%,Household_Survey,ok
2020,Colombia,Antioquia,Medellin_Oeste,Middle,No disability,Men,School_enrollment,53.348242638449065,%,Community_GBV_Monitoring,ok
2020,Colombia,Antioquia,Medellin_Oeste,Middle,No disability,Men,Health_services_access,48.51678563954854,%,Administrative_Health_Reports,ok
2020,Colombia,Antioquia,Medellin_Oeste,Middle,No disability,Men,GBV_services_access,46.791815903645,%,Civic_Participation_Records,ok
2020,Colombia,Antioquia,Medellin_Oeste,Middle,No disability,Men,Employment_rate,49.90506998995668,%,Household_Survey,ok
2020,Colombia,Antioquia,Medellin_Oeste,Middle,No disability,Men,Decision_making_participation,55.13642169344419,%,Household_Survey,ok
2020,Colombia,Antioquia,Medellin_Oeste,Middle,With disability,Women,School_enrollment,27.240914505270506,%,Civic_Participation_Records,ok
2020,Colombia,Antioquia,Medellin_Oeste,Middle,With disability,Women,Health_services_access,26.15299269234712,%,Community_GBV_Monitoring,ok
2020,Colombia,Antioquia,Medellin_Oeste,Middle,With disability,Women,GBV_services_access,24.730794696684747,%,Labour_Force_Survey,ok
2020,Colombia,Antioquia,Medellin_Oeste,Middle,With disability,Women,Employment_rate,30.24089098957022,%,Community_GBV_Monitoring,ok
2020,Colombia,Antioquia,Medellin_Oeste,Middle,With disability,Women,Decision_making_participation,30.113763436682255,%,Household_Survey,ok
2020,Colombia,Antioquia,Medellin_Oeste,Middle,With disability,Men,School_enrollment,32.16527907170586,%,Household_Survey,ok
2020,Colombia,Antioquia,Medellin_Oeste,Middle,With disability,Men,Health_services_access,29.16438464320217,%,Civic_Participation_Records,ok
2020,Colombia,Antioquia,Medellin_Oeste,Middle,With disability,Men,GBV_services_access,26.97472751809501,%,Civic_Participation_Records,ok
2020,Colombia,Antioquia,Medellin_Oeste,Middle,With disability,Men,Employment_rate,30.614555408769206,%,Civic_Participation_Records,ok
2020,Colombia,Antioquia,Medellin_Oeste,Middle,With disability,Men,Decision_making_participation,36.80704818541159,%,Household_Survey,ok
2020,Colombia,Antioquia,Medellin_Oeste,High,No disability,Women,School_enrollment,52.80105091045938,%,Community_GBV_Monitoring,ok
2020,Colombia,Antioquia,Medellin_Oeste,High,No disability,Women,Health_services_access,54.29712871683818,%,Community_GBV_Monitoring,ok
2020,Colombia,Antioquia,Medellin_Oeste,High,No disability,Women,GBV_services_access,,%,Community_GBV_Monitoring,missing_value
2020,Colombia,Antioquia,Medellin_Oeste,High,No disability,Women,Employment_rate,51.74408093078769,%,Household_Survey,ok
2020,Colombia,Antioquia,Medellin_Oeste,High,No disability,Women,Decision_making_participation,53.882477018647236,%,Civic_Participation_Records,ok
2020,Colombia,Antioquia,Medellin_Oeste,High,No disability,Men,School_enrollment,62.91090615253683,%,Community_GBV_Monitoring,ok
2020,Colombia,Antioquia,Medellin_Oeste,High,No disability,Men,Health_services_access,59.43991646734073,%,Administrative_Health_Reports,ok
2020,Colombia,Antioquia,Medellin_Oeste,High,No disability,Men,GBV_services_access,54.07934767125237,%,Civic_Participation_Records,ok
2020,Colombia,Antioquia,Medellin_Oeste,High,No disability,Men,Employment_rate,60.23181102410008,%,Household_Survey,ok
2020,Colombia,Antioquia,Medellin_Oeste,High,No disability,Men,Decision_making_participation,58.93255880286897,%,Community_GBV_Monitoring,ok
2020,Colombia,Antioquia,Medellin_Oeste,High,With disability,Women,School_enrollment,31.303883138246796,%,Civic_Participation_Records,ok
2020,Colombia,Antioquia,Medellin_Oeste,High,With disability,Women,Health_services_access,27.175143723495296,%,Community_GBV_Monitoring,ok
2020,Colombia,Antioquia,Medellin_Oeste,High,With disability,Women,GBV_services_access,29.247791437641094,%,Administrative_Health_Reports,ok
2020,Colombia,Antioquia,Medellin_Oeste,High,With disability,Women,Employment_rate,33.54992937488662,%,Administrative_Health_Reports,ok
2020,Colombia,Antioquia,Medellin_Oeste,High,With disability,Women,Decision_making_participation,29.702044056407885,%,Administrative_Health_Reports,ok
2020,Colombia,Antioquia,Medellin_Oeste,High,With disability,Men,School_enrollment,36.68944065971508,%,Civic_Participation_Records,ok
2020,Colombia,Antioquia,Medellin_Oeste,High,With disability,Men,Health_services_access,38.8918324874613,%,Labour_Force_Survey,ok
2020,Colombia,Antioquia,Medellin_Oeste,High,With disability,Men,GBV_services_access,34.80694666433224,%,Administrative_Health_Reports,ok
2020,Colombia,Antioquia,Medellin_Oeste,High,With disability,Men,Employment_rate,38.805707756155776,%,Civic_Participation_Records,ok
2020,Colombia,Antioquia,Medellin_Oeste,High,With disability,Men,Decision_making_participation,,%,Community_GBV_Monitoring,missing_value
2021,Colombia,Antioquia,Medellin_Oeste,Low,No disability,Women,School_enrollment,31.59210201750281,%,Community_GBV_Monitoring,ok
2021,Colombia,Antioquia,Medellin_Oeste,Low,No disability,Women,Health_services_access,30.125317655650697,%,Household_Survey,ok
2021,Colombia,Antioquia,Medellin_Oeste,Low,No disability,Women,GBV_services_access,30.716732553147857,%,Labour_Force_Survey,ok
2021,Colombia,Antioquia,Medellin_Oeste,Low,No disability,Women,Employment_rate,25.923042965760473,%,Administrative_Health_Reports,ok
2021,Colombia,Antioquia,Medellin_Oeste,Low,No disability,Women,Decision_making_participation,32.11593023192665,%,Household_Survey,ok
2021,Colombia,Antioquia,Medellin_Oeste,Low,No disability,Men,School_enrollment,40.17857695700904,%,Household_Survey,ok
2021,Colombia,Antioquia,Medellin_Oeste,Low,No disability,Men,Health_services_access,40.043276385819,%,Household_Survey,ok
2021,Colombia,Antioquia,Medellin_Oeste,Low,No disability,Men,GBV_services_access,36.43917402462535,%,Household_Survey,ok
2021,Colombia,Antioquia,Medellin_Oeste,Low,No disability,Men,Employment_rate,31.833465613587705,%,Labour_Force_Survey,ok
2021,Colombia,Antioquia,Medellin_Oeste,Low,No disability,Men,Decision_making_participation,37.91686811277595,%,Labour_Force_Survey,ok
2021,Colombia,Antioquia,Medellin_Oeste,Low,With disability,Women,School_enrollment,12.347871443631673,%,Civic_Participation_Records,ok
2021,Colombia,Antioquia,Medellin_Oeste,Low,With disability,Women,Health_services_access,8.219203912581223,%,Civic_Participation_Records,ok
2021,Colombia,Antioquia,Medellin_Oeste,Low,With disability,Women,GBV_services_access,9.958654322774697,%,Administrative_Health_Reports,ok
2021,Colombia,Antioquia,Medellin_Oeste,Low,With disability,Women,Employment_rate,,%,Community_GBV_Monitoring,missing_value
2021,Colombia,Antioquia,Medellin_Oeste,Low,With disability,Women,Decision_making_participation,12.781885590641942,%,Civic_Participation_Records,ok
2021,Colombia,Antioquia,Medellin_Oeste,Low,With disability,Men,School_enrollment,20.47482288947049,%,Civic_Participation_Records,ok
2021,Colombia,Antioquia,Medellin_Oeste,Low,With disability,Men,Health_services_access,12.441001524627055,%,Household_Survey,ok
2021,Colombia,Antioquia,Medellin_Oeste,Low,With disability,Men,GBV_services_access,,%,Labour_Force_Survey,missing_value
2021,Colombia,Antioquia,Medellin_Oeste,Low,With disability,Men,Employment_rate,,%,Community_GBV_Monitoring,missing_value
2021,Colombia,Antioquia,Medellin_Oeste,Low,With disability,Men,Decision_making_participation,16.557397301180707,%,Household_Survey,ok
2021,Colombia,Antioquia,Medellin_Oeste,Middle,No disability,Women,School_enrollment,48.42622444180305,%,Administrative_Health_Reports,ok
2021,Colombia,Antioquia,Medellin_Oeste,Middle,No disability,Women,Health_services_access,48.10916313796148,%,Community_GBV_Monitoring,ok
2021,Colombia,Antioquia,Medellin_Oeste,Middle,No disability,Women,GBV_services_access,48.052043643973334,%,Household_Survey,ok
2021,Colombia,Antioquia,Medellin_Oeste,Middle,No disability,Women,Employment_rate,43.86360404528037,%,Community_GBV_Monitoring,ok
2021,Colombia,Antioquia,Medellin_Oeste,Middle,No disability,Women,Decision_making_participation,49.35258796790208,%,Community_GBV_Monitoring,ok
2021,Colombia,Antioquia,Medellin_Oeste,Middle,No disability,Men,School_enrollment,52.46348658736615,%,Labour_Force_Survey,ok
2021,Colombia,Antioquia,Medellin_Oeste,Middle,No disability,Men,Health_services_access,,%,Civic_Participation_Records,missing_value
2021,Colombia,Antioquia,Medellin_Oeste,Middle,No disability,Men,GBV_services_access,52.85216390363203,%,Administrative_Health_Reports,ok
2021,Colombia,Antioquia,Medellin_Oeste,Middle,No disability,Men,Employment_rate,49.94813044895206,%,Civic_Participation_Records,ok
2021,Colombia,Antioquia,Medellin_Oeste,Middle,No disability,Men,Decision_making_participation,52.1275523338135,%,Civic_Participation_Records,ok
2021,Colombia,Antioquia,Medellin_Oeste,Middle,With disability,Women,School_enrollment,23.72588823158017,%,Household_Survey,ok
2021,Colombia,Antioquia,Medellin_Oeste,Middle,With disability,Women,Health_services_access,23.865715289715645,%,Administrative_Health_Reports,ok
2021,Colombia,Antioquia,Medellin_Oeste,Middle,With disability,Women,GBV_services_access,24.90179403023268,%,Labour_Force_Survey,ok
2021,Colombia,Antioquia,Medellin_Oeste,Middle,With disability,Women,Employment_rate,29.47725060580708,%,Civic_Participation_Records,ok
2021,Colombia,Antioquia,Medellin_Oeste,Middle,With disability,Women,Decision_making_participation,28.633396212656233,%,Administrative_Health_Reports,ok
2021,Colombia,Antioquia,Medellin_Oeste,Middle,With disability,Men,School_enrollment,33.57807871608492,%,Community_GBV_Monitoring,ok
2021,Colombia,Antioquia,Medellin_Oeste,Middle,With disability,Men,Health_services_access,32.558858399670115,%,Civic_Participation_Records,ok
2021,Colombia,Antioquia,Medellin_Oeste,Middle,With disability,Men,GBV_services_access,27.352300529402946,%,Civic_Participation_Records,ok
2021,Colombia,Antioquia,Medellin_Oeste,Middle,With disability,Men,Employment_rate,34.09397593331345,%,Community_GBV_Monitoring,ok
2021,Colombia,Antioquia,Medellin_Oeste,Middle,With disability,Men,Decision_making_participation,34.56971050926692,%,Labour_Force_Survey,ok
2021,Colombia,Antioquia,Medellin_Oeste,High,No disability,Women,School_enrollment,50.42246822871302,%,Labour_Force_Survey,ok
2021,Colombia,Antioquia,Medellin_Oeste,High,No disability,Women,Health_services_access,54.7247884599499,%,Community_GBV_Monitoring,ok
2021,Colombia,Antioquia,Medellin_Oeste,High,No disability,Women,GBV_services_access,53.469151353046094,%,Community_GBV_Monitoring,ok
2021,Colombia,Antioquia,Medellin_Oeste,High,No disability,Women,Employment_rate,51.551905602269834,%,Community_GBV_Monitoring,ok
2021,Colombia,Antioquia,Medellin_Oeste,High,No disability,Women,Decision_making_participation,54.967179196762466,%,Labour_Force_Survey,ok
2021,Colombia,Antioquia,Medellin_Oeste,High,No disability,Men,School_enrollment,57.65598845340794,%,Civic_Participation_Records,ok
2021,Colombia,Antioquia,Medellin_Oeste,High,No disability,Men,Health_services_access,,%,Household_Survey,missing_value
2021,Colombia,Antioquia,Medellin_Oeste,High,No disability,Men,GBV_services_access,58.7958278866513,%,Community_GBV_Monitoring,ok
2021,Colombia,Antioquia,Medellin_Oeste,High,No disability,Men,Employment_rate,57.611796296924474,%,Household_Survey,ok
2021,Colombia,Antioquia,Medellin_Oeste,High,No disability,Men,Decision_making_participation,63.731787468589324,%,Community_GBV_Monitoring,ok
2021,Colombia,Antioquia,Medellin_Oeste,High,With disability,Women,School_enrollment,31.599992178339733,%,Household_Survey,ok
2021,Colombia,Antioquia,Medellin_Oeste,High,With disability,Women,Health_services_access,30.129036303083254,%,Community_GBV_Monitoring,ok
2021,Colombia,Antioquia,Medellin_Oeste,High,With disability,Women,GBV_services_access,33.26271057256655,%,Household_Survey,ok
2021,Colombia,Antioquia,Medellin_Oeste,High,With disability,Women,Employment_rate,34.33452159830636,%,Labour_Force_Survey,ok
2021,Colombia,Antioquia,Medellin_Oeste,High,With disability,Women,Decision_making_participation,37.414243481087574,%,Civic_Participation_Records,ok
2021,Colombia,Antioquia,Medellin_Oeste,High,With disability,Men,School_enrollment,38.884440422876764,%,Civic_Participation_Records,ok
2021,Colombia,Antioquia,Medellin_Oeste,High,With disability,Men,Health_services_access,,%,Administrative_Health_Reports,missing_value
2021,Colombia,Antioquia,Medellin_Oeste,High,With disability,Men,GBV_services_access,36.566951845153376,%,Civic_Participation_Records,ok
2021,Colombia,Antioquia,Medellin_Oeste,High,With disability,Men,Employment_rate,,%,Administrative_Health_Reports,missing_value
2021,Colombia,Antioquia,Medellin_Oeste,High,With disability,Men,Decision_making_participation,37.68556090010736,%,Household_Survey,ok
2022,Colombia,Antioquia,Medellin_Oeste,Low,No disability,Women,School_enrollment,32.76287461470253,%,Administrative_Health_Reports,ok
2022,Colombia,Antioquia,Medellin_Oeste,Low,No disability,Women,Health_services_access,28.779716650979744,%,Labour_Force_Survey,ok
2022,Colombia,Antioquia,Medellin_Oeste,Low,No disability,Women,GBV_services_access,29.337406084828963,%,Civic_Participation_Records,ok
2022,Colombia,Antioquia,Medellin_Oeste,Low,No disability,Women,Employment_rate,23.767294203039373,%,Labour_Force_Survey,ok
2022,Colombia,Antioquia,Medellin_Oeste,Low,No disability,Women,Decision_making_participation,33.22973721037656,%,Administrative_Health_Reports,ok
2022,Colombia,Antioquia,Medellin_Oeste,Low,No disability,Men,School_enrollment,35.59493086308102,%,Community_GBV_Monitoring,ok
2022,Colombia,Antioquia,Medellin_Oeste,Low,No disability,Men,Health_services_access,30.621395579686393,%,Administrative_Health_Reports,ok
2022,Colombia,Antioquia,Medellin_Oeste,Low,No disability,Men,GBV_services_access,37.89080449952216,%,Civic_Participation_Records,ok
2022,Colombia,Antioquia,Medellin_Oeste,Low,No disability,Men,Employment_rate,,%,Civic_Participation_Records,missing_value
2022,Colombia,Antioquia,Medellin_Oeste,Low,No disability,Men,Decision_making_participation,40.96352729838062,%,Labour_Force_Survey,ok
2022,Colombia,Antioquia,Medellin_Oeste,Low,With disability,Women,School_enrollment,,%,Civic_Participation_Records,missing_value
2022,Colombia,Antioquia,Medellin_Oeste,Low,With disability,Women,Health_services_access,6.030740492466007,%,Household_Survey,ok
2022,Colombia,Antioquia,Medellin_Oeste,Low,With disability,Women,GBV_services_access,10.500698255473313,%,Household_Survey,ok
2022,Colombia,Antioquia,Medellin_Oeste,Low,With disability,Women,Employment_rate,8.698512655893937,%,Community_GBV_Monitoring,ok
2022,Colombia,Antioquia,Medellin_Oeste,Low,With disability,Women,Decision_making_participation,19.57877425543964,%,Household_Survey,ok
2022,Colombia,Antioquia,Medellin_Oeste,Low,With disability,Men,School_enrollment,20.334145379179063,%,Household_Survey,ok
2022,Colombia,Antioquia,Medellin_Oeste,Low,With disability,Men,Health_services_access,13.880295529908452,%,Civic_Participation_Records,ok
2022,Colombia,Antioquia,Medellin_Oeste,Low,With disability,Men,GBV_services_access,11.569838109511963,%,Administrative_Health_Reports,ok
2022,Colombia,Antioquia,Medellin_Oeste,Low,With disability,Men,Employment_rate,12.594359695860966,%,Administrative_Health_Reports,ok
2022,Colombia,Antioquia,Medellin_Oeste,Low,With disability,Men,Decision_making_participation,18.920537084847425,%,Labour_Force_Survey,ok
2022,Colombia,Antioquia,Medellin_Oeste,Middle,No disability,Women,School_enrollment,48.53797964340125,%,Household_Survey,ok
2022,Colombia,Antioquia,Medellin_Oeste,Middle,No disability,Women,Health_services_access,45.35691499125324,%,Household_Survey,ok
2022,Colombia,Antioquia,Medellin_Oeste,Middle,No disability,Women,GBV_services_access,52.09049415209409,%,Administrative_Health_Reports,ok
2022,Colombia,Antioquia,Medellin_Oeste,Middle,No disability,Women,Employment_rate,49.42637198743765,%,Civic_Participation_Records,ok
2022,Colombia,Antioquia,Medellin_Oeste,Middle,No disability,Women,Decision_making_participation,,%,Household_Survey,missing_value
2022,Colombia,Antioquia,Medellin_Oeste,Middle,No disability,Men,School_enrollment,49.496576548149044,%,Community_GBV_Monitoring,ok
2022,Colombia,Antioquia,Medellin_Oeste,Middle,No disability,Men,Health_services_access,51.58879445380147,%,Administrative_Health_Reports,ok
2022,Colombia,Antioquia,Medellin_Oeste,Middle,No disability,Men,GBV_services_access,53.31388843441301,%,Household_Survey,ok
2022,Colombia,Antioquia,Medellin_Oeste,Middle,No disability,Men,Employment_rate,53.05552816414721,%,Household_Survey,ok
2022,Colombia,Antioquia,Medellin_Oeste,Middle,No disability,Men,Decision_making_participation,54.83341099910495,%,Community_GBV_Monitoring,ok
2022,Colombia,Antioquia,Medellin_Oeste,Middle,With disability,Women,School_enrollment,26.85109204195507,%,Community_GBV_Monitoring,ok
2022,Colombia,Antioquia,Medellin_Oeste,Middle,With disability,Women,Health_services_access,28.220769160029988,%,Labour_Force_Survey,ok
2022,Colombia,Antioquia,Medellin_Oeste,Middle,With disability,Women,GBV_services_access,26.302514375102334,%,Household_Survey,ok
2022,Colombia,Antioquia,Medellin_Oeste,Middle,With disability,Women,Employment_rate,27.338636294296656,%,Community_GBV_Monitoring,ok
2022,Colombia,Antioquia,Medellin_Oeste,Middle,With disability,Women,Decision_making_participation,26.584954258802476,%,Labour_Force_Survey,ok
2022,Colombia,Antioquia,Medellin_Oeste,Middle,With disability,Men,School_enrollment,37.341409227038625,%,Labour_Force_Survey,ok
2022,Colombia,Antioquia,Medellin_Oeste,Middle,With disability,Men,Health_services_access,30.8800006369964,%,Household_Survey,ok
2022,Colombia,Antioquia,Medellin_Oeste,Middle,With disability,Men,GBV_services_access,31.309301219123167,%,Civic_Participation_Records,ok
2022,Colombia,Antioquia,Medellin_Oeste,Middle,With disability,Men,Employment_rate,30.65467323669845,%,Labour_Force_Survey,ok
2022,Colombia,Antioquia,Medellin_Oeste,Middle,With disability,Men,Decision_making_participation,36.91178972026973,%,Labour_Force_Survey,ok
2022,Colombia,Antioquia,Medellin_Oeste,High,No disability,Women,School_enrollment,49.73269441627631,%,Community_GBV_Monitoring,ok
2022,Colombia,Antioquia,Medellin_Oeste,High,No disability,Women,Health_services_access,51.94668829086594,%,Household_Survey,ok
2022,Colombia,Antioquia,Medellin_Oeste,High,No disability,Women,GBV_services_access,59.27170048704673,%,Community_GBV_Monitoring,ok
2022,Colombia,Antioquia,Medellin_Oeste,High,No disability,Women,Employment_rate,54.93860150182648,%,Community_GBV_Monitoring,ok
2022,Colombia,Antioquia,Medellin_Oeste,High,No disability,Women,Decision_making_participation,51.33897809304847,%,Household_Survey,ok
2022,Colombia,Antioquia,Medellin_Oeste,High,No disability,Men,School_enrollment,63.3218319642814,%,Household_Survey,ok
2022,Colombia,Antioquia,Medellin_Oeste,High,No disability,Men,Health_services_access,56.637201055963736,%,Administrative_Health_Reports,ok
2022,Colombia,Antioquia,Medellin_Oeste,High,No disability,Men,GBV_services_access,61.48386202752558,%,Administrative_Health_Reports,ok
2022,Colombia,Antioquia,Medellin_Oeste,High,No disability,Men,Employment_rate,61.17489298621275,%,Administrative_Health_Reports,ok
2022,Colombia,Antioquia,Medellin_Oeste,High,No disability,Men,Decision_making_participation,61.643009653323105,%,Community_GBV_Monitoring,ok
2022,Colombia,Antioquia,Medellin_Oeste,High,With disability,Women,School_enrollment,35.802870710183804,%,Administrative_Health_Reports,ok
2022,Colombia,Antioquia,Medellin_Oeste,High,With disability,Women,Health_services_access,33.022363623558675,%,Administrative_Health_Reports,ok
2022,Colombia,Antioquia,Medellin_Oeste,High,With disability,Women,GBV_services_access,36.30147385424526,%,Labour_Force_Survey,ok
2022,Colombia,Antioquia,Medellin_Oeste,High,With disability,Women,Employment_rate,34.99980654765809,%,Administrative_Health_Reports,ok
2022,Colombia,Antioquia,Medellin_Oeste,High,With disability,Women,Decision_making_participation,36.35104612606135,%,Community_GBV_Monitoring,ok
2022,Colombia,Antioquia,Medellin_Oeste,High,With disability,Men,School_enrollment,39.59129034336595,%,Administrative_Health_Reports,ok
2022,Colombia,Antioquia,Medellin_Oeste,High,With disability,Men,Health_services_access,,%,Community_GBV_Monitoring,missing_value
2022,Colombia,Antioquia,Medellin_Oeste,High,With disability,Men,GBV_services_access,33.61411246534839,%,Administrative_Health_Reports,ok
2022,Colombia,Antioquia,Medellin_Oeste,High,With disability,Men,Employment_rate,38.87519798564829,%,Household_Survey,ok
2022,Colombia,Antioquia,Medellin_Oeste,High,With disability,Men,Decision_making_participation,40.953568695852944,%,Civic_Participation_Records,ok
2023,Colombia,Antioquia,Medellin_Oeste,Low,No disability,Women,School_enrollment,28.862455622867923,%,Household_Survey,ok
2023,Colombia,Antioquia,Medellin_Oeste,Low,No disability,Women,Health_services_access,28.569285760100325,%,Household_Survey,ok
2023,Colombia,Antioquia,Medellin_Oeste,Low,No disability,Women,GBV_services_access,30.61146659245063,%,Community_GBV_Monitoring,ok
2023,Colombia,Antioquia,Medellin_Oeste,Low,No disability,Women,Employment_rate,25.93216671390456,%,Administrative_Health_Reports,ok
2023,Colombia,Antioquia,Medellin_Oeste,Low,No disability,Women,Decision_making_participation,,%,Administrative_Health_Reports,missing_value
2023,Colombia,Antioquia,Medellin_Oeste,Low,No disability,Men,School_enrollment,37.72984944694858,%,Labour_Force_Survey,ok
2023,Colombia,Antioquia,Medellin_Oeste,Low,No disability,Men,Health_services_access,35.72895563151575,%,Community_GBV_Monitoring,ok
2023,Colombia,Antioquia,Medellin_Oeste,Low,No disability,Men,GBV_services_access,36.41934162632894,%,Household_Survey,ok
2023,Colombia,Antioquia,Medellin_Oeste,Low,No disability,Men,Employment_rate,33.546507099243705,%,Household_Survey,ok
2023,Colombia,Antioquia,Medellin_Oeste,Low,No disability,Men,Decision_making_participation,35.265520037229415,%,Civic_Participation_Records,ok
2023,Colombia,Antioquia,Medellin_Oeste,Low,With disability,Women,School_enrollment,10.040416506185561,%,Labour_Force_Survey,ok
2023,Colombia,Antioquia,Medellin_Oeste,Low,With disability,Women,Health_services_access,10.942254525495308,%,Community_GBV_Monitoring,ok
2023,Colombia,Antioquia,Medellin_Oeste,Low,With disability,Women,GBV_services_access,9.865112387116021,%,Household_Survey,ok
2023,Colombia,Antioquia,Medellin_Oeste,Low,With disability,Women,Employment_rate,11.004851735987742,%,Community_GBV_Monitoring,ok
2023,Colombia,Antioquia,Medellin_Oeste,Low,With disability,Women,Decision_making_participation,11.306234776124626,%,Community_GBV_Monitoring,ok
2023,Colombia,Antioquia,Medellin_Oeste,Low,With disability,Men,School_enrollment,14.229198204307007,%,Civic_Participation_Records,ok
2023,Colombia,Antioquia,Medellin_Oeste,Low,With disability,Men,Health_services_access,15.872142163138633,%,Labour_Force_Survey,ok
2023,Colombia,Antioquia,Medellin_Oeste,Low,With disability,Men,GBV_services_access,,%,Community_GBV_Monitoring,missing_value
2023,Colombia,Antioquia,Medellin_Oeste,Low,With disability,Men,Employment_rate,12.82828483247121,%,Community_GBV_Monitoring,ok
2023,Colombia,Antioquia,Medellin_Oeste,Low,With disability,Men,Decision_making_participation,22.207985147468325,%,Community_GBV_Monitoring,ok
2023,Colombia,Antioquia,Medellin_Oeste,Middle,No disability,Women,School_enrollment,43.059767974331336,%,Civic_Participation_Records,ok
2023,Colombia,Antioquia,Medellin_Oeste,Middle,No disability,Women,Health_services_access,48.95167746869505,%,Community_GBV_Monitoring,ok
2023,Colombia,Antioquia,Medellin_Oeste,Middle,No disability,Women,GBV_services_access,51.5442175754416,%,Household_Survey,ok
2023,Colombia,Antioquia,Medellin_Oeste,Middle,No disability,Women,Employment_rate,44.97005279379834,%,Labour_Force_Survey,ok
2023,Colombia,Antioquia,Medellin_Oeste,Middle,No disability,Women,Decision_making_participation,52.78504142107807,%,Labour_Force_Survey,ok
2023,Colombia,Antioquia,Medellin_Oeste,Middle,No disability,Men,School_enrollment,59.608019096198674,%,Labour_Force_Survey,ok
2023,Colombia,Antioquia,Medellin_Oeste,Middle,No disability,Men,Health_services_access,52.33008032045344,%,Labour_Force_Survey,ok
2023,Colombia,Antioquia,Medellin_Oeste,Middle,No disability,Men,GBV_services_access,46.24399048640364,%,Civic_Participation_Records,ok
2023,Colombia,Antioquia,Medellin_Oeste,Middle,No disability,Men,Employment_rate,45.877240684852055,%,Community_GBV_Monitoring,ok
2023,Colombia,Antioquia,Medellin_Oeste,Middle,No disability,Men,Decision_making_participation,51.46517953492568,%,Labour_Force_Survey,ok
2023,Colombia,Antioquia,Medellin_Oeste,Middle,With disability,Women,School_enrollment,28.577168977919186,%,Civic_Participation_Records,ok
2023,Colombia,Antioquia,Medellin_Oeste,Middle,With disability,Women,Health_services_access,22.845360495506206,%,Community_GBV_Monitoring,ok
2023,Colombia,Antioquia,Medellin_Oeste,Middle,With disability,Women,GBV_services_access,26.093795226753276,%,Civic_Participation_Records,ok
2023,Colombia,Antioquia,Medellin_Oeste,Middle,With disability,Women,Employment_rate,31.59701618848088,%,Community_GBV_Monitoring,ok
2023,Colombia,Antioquia,Medellin_Oeste,Middle,With disability,Women,Decision_making_participation,31.515779796096677,%,Labour_Force_Survey,ok
2023,Colombia,Antioquia,Medellin_Oeste,Middle,With disability,Men,School_enrollment,37.35128904227611,%,Civic_Participation_Records,ok
2023,Colombia,Antioquia,Medellin_Oeste,Middle,With disability,Men,Health_services_access,,%,Civic_Participation_Records,missing_value
2023,Colombia,Antioquia,Medellin_Oeste,Middle,With disability,Men,GBV_services_access,29.62016633836214,%,Household_Survey,ok
2023,Colombia,Antioquia,Medellin_Oeste,Middle,With disability,Men,Employment_rate,34.4909782786382,%,Labour_Force_Survey,ok
2023,Colombia,Antioquia,Medellin_Oeste,Middle,With disability,Men,Decision_making_participation,,%,Labour_Force_Survey,missing_value
2023,Colombia,Antioquia,Medellin_Oeste,High,No disability,Women,School_enrollment,54.46977693095803,%,Household_Survey,ok
2023,Colombia,Antioquia,Medellin_Oeste,High,No disability,Women,Health_services_access,51.521530774954535,%,Community_GBV_Monitoring,ok
2023,Colombia,Antioquia,Medellin_Oeste,High,No disability,Women,GBV_services_access,55.01895240643686,%,Labour_Force_Survey,ok
2023,Colombia,Antioquia,Medellin_Oeste,High,No disability,Women,Employment_rate,51.85191336590963,%,Labour_Force_Survey,ok
2023,Colombia,Antioquia,Medellin_Oeste,High,No disability,Women,Decision_making_participation,56.760087700795694,%,Household_Survey,ok
2023,Colombia,Antioquia,Medellin_Oeste,High,No disability,Men,School_enrollment,57.005950935326545,%,Community_GBV_Monitoring,ok
2023,Colombia,Antioquia,Medellin_Oeste,High,No disability,Men,Health_services_access,59.36994310474804,%,Civic_Participation_Records,ok
2023,Colombia,Antioquia,Medellin_Oeste,High,No disability,Men,GBV_services_access,62.67805529121712,%,Household_Survey,ok
2023,Colombia,Antioquia,Medellin_Oeste,High,No disability,Men,Employment_rate,64.68000797341034,%,Community_GBV_Monitoring,ok
2023,Colombia,Antioquia,Medellin_Oeste,High,No disability,Men,Decision_making_participation,60.49400079313438,%,Administrative_Health_Reports,ok
2023,Colombia,Antioquia,Medellin_Oeste,High,With disability,Women,School_enrollment,36.28553895131764,%,Labour_Force_Survey,ok
2023,Colombia,Antioquia,Medellin_Oeste,High,With disability,Women,Health_services_access,32.00246781109279,%,Community_GBV_Monitoring,ok
2023,Colombia,Antioquia,Medellin_Oeste,High,With disability,Women,GBV_services_access,,%,Labour_Force_Survey,missing_value
2023,Colombia,Antioquia,Medellin_Oeste,High,With disability,Women,Employment_rate,38.2220649665022,%,Community_GBV_Monitoring,ok
2023,Colombia,Antioquia,Medellin_Oeste,High,With disability,Women,Decision_making_participation,36.956707798682345,%,Household_Survey,ok
2023,Colombia,Antioquia,Medellin_Oeste,High,With disability,Men,School_enrollment,37.5689410763403,%,Community_GBV_Monitoring,ok
2023,Colombia,Antioquia,Medellin_Oeste,High,With disability,Men,Health_services_access,34.6558670506308,%,Labour_Force_Survey,ok
2023,Colombia,Antioquia,Medellin_Oeste,High,With disability,Men,GBV_services_access,38.494381107320365,%,Community_GBV_Monitoring,ok
2023,Colombia,Antioquia,Medellin_Oeste,High,With disability,Men,Employment_rate,40.279154539659615,%,Labour_Force_Survey,ok
2023,Colombia,Antioquia,Medellin_Oeste,High,With disability,Men,Decision_making_participation,40.337384439859484,%,Administrative_Health_Reports,ok
2024,Colombia,Antioquia,Medellin_Oeste,Low,No disability,Women,School_enrollment,,%,Community_GBV_Monitoring,missing_value
2024,Colombia,Antioquia,Medellin_Oeste,Low,No disability,Women,Health_services_access,35.17383070956724,%,Community_GBV_Monitoring,ok
2024,Colombia,Antioquia,Medellin_Oeste,Low,No disability,Women,GBV_services_access,32.264282098161154,%,Household_Survey,ok
2024,Colombia,Antioquia,Medellin_Oeste,Low,No disability,Women,Employment_rate,32.11451314156445,%,Household_Survey,ok
2024,Colombia,Antioquia,Medellin_Oeste,Low,No disability,Women,Decision_making_participation,26.936778100833095,%,Labour_Force_Survey,ok
2024,Colombia,Antioquia,Medellin_Oeste,Low,No disability,Men,School_enrollment,35.63285958153459,%,Civic_Participation_Records,ok
2024,Colombia,Antioquia,Medellin_Oeste,Low,No disability,Men,Health_services_access,37.0785004330537,%,Civic_Participation_Records,ok
2024,Colombia,Antioquia,Medellin_Oeste,Low,No disability,Men,GBV_services_access,39.57073992438444,%,Labour_Force_Survey,ok
2024,Colombia,Antioquia,Medellin_Oeste,Low,No disability,Men,Employment_rate,36.017386250128475,%,Household_Survey,ok
2024,Colombia,Antioquia,Medellin_Oeste,Low,No disability,Men,Decision_making_participation,38.42242253345717,%,Administrative_Health_Reports,ok
2024,Colombia,Antioquia,Medellin_Oeste,Low,With disability,Women,School_enrollment,14.664316056915514,%,Civic_Participation_Records,ok
2024,Colombia,Antioquia,Medellin_Oeste,Low,With disability,Women,Health_services_access,8.944386437096417,%,Civic_Participation_Records,ok
2024,Colombia,Antioquia,Medellin_Oeste,Low,With disability,Women,GBV_services_access,11.196434637379973,%,Household_Survey,ok
2024,Colombia,Antioquia,Medellin_Oeste,Low,With disability,Women,Employment_rate,10.22088071823611,%,Community_GBV_Monitoring,ok
2024,Colombia,Antioquia,Medellin_Oeste,Low,With disability,Women,Decision_making_participation,13.718427243494013,%,Administrative_Health_Reports,ok
2024,Colombia,Antioquia,Medellin_Oeste,Low,With disability,Men,School_enrollment,17.281223259871503,%,Civic_Participation_Records,ok
2024,Colombia,Antioquia,Medellin_Oeste,Low,With disability,Men,Health_services_access,,%,Household_Survey,missing_value
2024,Colombia,Antioquia,Medellin_Oeste,Low,With disability,Men,GBV_services_access,12.792764350753,%,Administrative_Health_Reports,ok
2024,Colombia,Antioquia,Medellin_Oeste,Low,With disability,Men,Employment_rate,14.108802285972825,%,Civic_Participation_Records,ok
2024,Colombia,Antioquia,Medellin_Oeste,Low,With disability,Men,Decision_making_participation,,%,Civic_Participation_Records,missing_value
2024,Colombia,Antioquia,Medellin_Oeste,Middle,No disability,Women,School_enrollment,50.933171840783814,%,Labour_Force_Survey,ok
2024,Colombia,Antioquia,Medellin_Oeste,Middle,No disability,Women,Health_services_access,50.22301848631208,%,Community_GBV_Monitoring,ok
2024,Colombia,Antioquia,Medellin_Oeste,Middle,No disability,Women,GBV_services_access,52.17262395023599,%,Household_Survey,ok
2024,Colombia,Antioquia,Medellin_Oeste,Middle,No disability,Women,Employment_rate,42.236815096806566,%,Community_GBV_Monitoring,ok
2024,Colombia,Antioquia,Medellin_Oeste,Middle,No disability,Women,Decision_making_participation,,%,Civic_Participation_Records,missing_value
2024,Colombia,Antioquia,Medellin_Oeste,Middle,No disability,Men,School_enrollment,51.191884890450666,%,Community_GBV_Monitoring,ok
2024,Colombia,Antioquia,Medellin_Oeste,Middle,No disability,Men,Health_services_access,58.40662745334569,%,Labour_Force_Survey,ok
2024,Colombia,Antioquia,Medellin_Oeste,Middle,No disability,Men,GBV_services_access,52.298383205563546,%,Civic_Participation_Records,ok
2024,Colombia,Antioquia,Medellin_Oeste,Middle,No disability,Men,Employment_rate,51.52525548508398,%,Administrative_Health_Reports,ok
2024,Colombia,Antioquia,Medellin_Oeste,Middle,No disability,Men,Decision_making_participation,,%,Labour_Force_Survey,missing_value
2024,Colombia,Antioquia,Medellin_Oeste,Middle,With disability,Women,School_enrollment,30.70099934975631,%,Civic_Participation_Records,ok
2024,Colombia,Antioquia,Medellin_Oeste,Middle,With disability,Women,Health_services_access,24.145322694605525,%,Labour_Force_Survey,ok
2024,Colombia,Antioquia,Medellin_Oeste,Middle,With disability,Women,GBV_services_access,21.900719012571443,%,Community_GBV_Monitoring,ok
2024,Colombia,Antioquia,Medellin_Oeste,Middle,With disability,Women,Employment_rate,29.548499930021382,%,Labour_Force_Survey,ok
2024,Colombia,Antioquia,Medellin_Oeste,Middle,With disability,Women,Decision_making_participation,27.65079214843284,%,Community_GBV_Monitoring,ok
2024,Colombia,Antioquia,Medellin_Oeste,Middle,With disability,Men,School_enrollment,30.09989847838927,%,Administrative_Health_Reports,ok
2024,Colombia,Antioquia,Medellin_Oeste,Middle,With disability,Men,Health_services_access,,%,Administrative_Health_Reports,missing_value
2024,Colombia,Antioquia,Medellin_Oeste,Middle,With disability,Men,GBV_services_access,28.96389789490843,%,Community_GBV_Monitoring,ok
2024,Colombia,Antioquia,Medellin_Oeste,Middle,With disability,Men,Employment_rate,31.25906346965609,%,Household_Survey,ok
2024,Colombia,Antioquia,Medellin_Oeste,Middle,With disability,Men,Decision_making_participation,36.64497441143714,%,Administrative_Health_Reports,ok
2024,Colombia,Antioquia,Medellin_Oeste,High,No disability,Women,School_enrollment,52.0214164820225,%,Household_Survey,ok
2024,Colombia,Antioquia,Medellin_Oeste,High,No disability,Women,Health_services_access,55.66310717518001,%,Labour_Force_Survey,ok
2024,Colombia,Antioquia,Medellin_Oeste,High,No disability,Women,GBV_services_access,57.0287204741483,%,Civic_Participation_Records,ok
2024,Colombia,Antioquia,Medellin_Oeste,High,No disability,Women,Employment_rate,54.280987934087264,%,Administrative_Health_Reports,ok
2024,Colombia,Antioquia,Medellin_Oeste,High,No disability,Women,Decision_making_participation,54.694263316584724,%,Household_Survey,ok
2024,Colombia,Antioquia,Medellin_Oeste,High,No disability,Men,School_enrollment,59.02214414369238,%,Labour_Force_Survey,ok
2024,Colombia,Antioquia,Medellin_Oeste,High,No disability,Men,Health_services_access,55.83032048269209,%,Labour_Force_Survey,ok
2024,Colombia,Antioquia,Medellin_Oeste,High,No disability,Men,GBV_services_access,57.88715533242057,%,Household_Survey,ok
2024,Colombia,Antioquia,Medellin_Oeste,High,No disability,Men,Employment_rate,60.02433093915054,%,Household_Survey,ok
2024,Colombia,Antioquia,Medellin_Oeste,High,No disability,Men,Decision_making_participation,59.00014738279498,%,Household_Survey,ok
2024,Colombia,Antioquia,Medellin_Oeste,High,With disability,Women,School_enrollment,30.98671131107675,%,Administrative_Health_Reports,ok
2024,Colombia,Antioquia,Medellin_Oeste,High,With disability,Women,Health_services_access,30.764092775209978,%,Household_Survey,ok
2024,Colombia,Antioquia,Medellin_Oeste,High,With disability,Women,GBV_services_access,32.454309734538946,%,Administrative_Health_Reports,ok
2024,Colombia,Antioquia,Medellin_Oeste,High,With disability,Women,Employment_rate,36.02249290745221,%,Household_Survey,ok
2024,Colombia,Antioquia,Medellin_Oeste,High,With disability,Women,Decision_making_participation,33.79202204293491,%,Labour_Force_Survey,ok
2024,Colombia,Antioquia,Medellin_Oeste,High,With disability,Men,School_enrollment,37.840665843683155,%,Labour_Force_Survey,ok
2024,Colombia,Antioquia,Medellin_Oeste,High,With disability,Men,Health_services_access,34.128119418559294,%,Labour_Force_Survey,ok
2024,Colombia,Antioquia,Medellin_Oeste,High,With disability,Men,GBV_services_access,39.45163910146359,%,Civic_Participation_Records,ok
2024,Colombia,Antioquia,Medellin_Oeste,High,With disability,Men,Employment_rate,41.53134068161053,%,Administrative_Health_Reports,ok
2024,Colombia,Antioquia,Medellin_Oeste,High,With disability,Men,Decision_making_participation,40.83456319896091,%,Labour_Force_Survey,ok
2020,Colombia,Valle_del_Cauca,Cali_Norte,Low,No disability,Women,School_enrollment,31.27954187073466,%,Household_Survey,ok
2020,Colombia,Valle_del_Cauca,Cali_Norte,Low,No disability,Women,Health_services_access,30.19599366705499,%,Civic_Participation_Records,ok
2020,Colombia,Valle_del_Cauca,Cali_Norte,Low,No disability,Women,GBV_services_access,32.310651797478386,%,Community_GBV_Monitoring,ok
2020,Colombia,Valle_del_Cauca,Cali_Norte,Low,No disability,Women,Employment_rate,24.107435143143075,%,Labour_Force_Survey,ok
2020,Colombia,Valle_del_Cauca,Cali_Norte,Low,No disability,Women,Decision_making_participation,32.9817795447844,%,Civic_Participation_Records,ok
2020,Colombia,Valle_del_Cauca,Cali_Norte,Low,No disability,Men,School_enrollment,35.528511733263265,%,Labour_Force_Survey,ok
2020,Colombia,Valle_del_Cauca,Cali_Norte,Low,No disability,Men,Health_services_access,35.293118222797794,%,Labour_Force_Survey,ok
2020,Colombia,Valle_del_Cauca,Cali_Norte,Low,No disability,Men,GBV_services_access,35.93227168850499,%,Household_Survey,ok
2020,Colombia,Valle_del_Cauca,Cali_Norte,Low,No disability,Men,Employment_rate,36.1165750406513,%,Administrative_Health_Reports,ok
2020,Colombia,Valle_del_Cauca,Cali_Norte,Low,No disability,Men,Decision_making_participation,33.69513264441995,%,Civic_Participation_Records,ok
2020,Colombia,Valle_del_Cauca,Cali_Norte,Low,With disability,Women,School_enrollment,,%,Civic_Participation_Records,missing_value
2020,Colombia,Valle_del_Cauca,Cali_Norte,Low,With disability,Women,Health_services_access,10.457810020126772,%,Household_Survey,ok
2020,Colombia,Valle_del_Cauca,Cali_Norte,Low,With disability,Women,GBV_services_access,6.697008013324283,%,Community_GBV_Monitoring,ok
2020,Colombia,Valle_del_Cauca,Cali_Norte,Low,With disability,Women,Employment_rate,,%,Labour_Force_Survey,missing_value
2020,Colombia,Valle_del_Cauca,Cali_Norte,Low,With disability,Women,Decision_making_participation,,%,Civic_Participation_Records,missing_value
2020,Colombia,Valle_del_Cauca,Cali_Norte,Low,With disability,Men,School_enrollment,15.263424143060124,%,Community_GBV_Monitoring,ok
2020,Colombia,Valle_del_Cauca,Cali_Norte,Low,With disability,Men,Health_services_access,,%,Administrative_Health_Reports,missing_value
2020,Colombia,Valle_del_Cauca,Cali_Norte,Low,With disability,Men,GBV_services_access,11.794852471062919,%,Administrative_Health_Reports,ok
2020,Colombia,Valle_del_Cauca,Cali_Norte,Low,With disability,Men,Employment_rate,14.676215141729351,%,Administrative_Health_Reports,ok
2020,Colombia,Valle_del_Cauca,Cali_Norte,Low,With disability,Men,Decision_making_participation,17.32943645916986,%,Household_Survey,ok
2020,Colombia,Valle_del_Cauca,Cali_Norte,Middle,No disability,Women,School_enrollment,53.72519511057369,%,Household_Survey,ok
2020,Colombia,Valle_del_Cauca,Cali_Norte,Middle,No disability,Women,Health_services_access,47.58457390535644,%,Household_Survey,ok
2020,Colombia,Valle_del_Cauca,Cali_Norte,Middle,No disability,Women,GBV_services_access,47.98351215755141,%,Administrative_Health_Reports,ok
2020,Colombia,Valle_del_Cauca,Cali_Norte,Middle,No disability,Women,Employment_rate,45.87796445697901,%,Household_Survey,ok
2020,Colombia,Valle_del_Cauca,Cali_Norte,Middle,No disability,Women,Decision_making_participation,49.961944509345265,%,Civic_Participation_Records,ok
2020,Colombia,Valle_del_Cauca,Cali_Norte,Middle,No disability,Men,School_enrollment,56.37891089361202,%,Civic_Participation_Records,ok
2020,Colombia,Valle_del_Cauca,Cali_Norte,Middle,No disability,Men,Health_services_access,50.89165866015877,%,Community_GBV_Monitoring,ok
2020,Colombia,Valle_del_Cauca,Cali_Norte,Middle,No disability,Men,GBV_services_access,51.88891637285593,%,Civic_Participation_Records,ok
2020,Colombia,Valle_del_Cauca,Cali_Norte,Middle,No disability,Men,Employment_rate,55.4122761043181,%,Administrative_Health_Reports,ok
2020,Colombia,Valle_del_Cauca,Cali_Norte,Middle,No disability,Men,Decision_making_participation,51.09812980446637,%,Civic_Participation_Records,ok
2020,Colombia,Valle_del_Cauca,Cali_Norte,Middle,With disability,Women,School_enrollment,28.845550689760625,%,Community_GBV_Monitoring,ok
2020,Colombia,Valle_del_Cauca,Cali_Norte,Middle,With disability,Women,Health_services_access,,%,Administrative_Health_Reports,missing_value
2020,Colombia,Valle_del_Cauca,Cali_Norte,Middle,With disability,Women,GBV_services_access,,%,Labour_Force_Survey,missing_value
2020,Colombia,Valle_del_Cauca,Cali_Norte,Middle,With disability,Women,Employment_rate,26.448988293601552,%,Civic_Participation_Records,ok
2020,Colombia,Valle_del_Cauca,Cali_Norte,Middle,With disability,Women,Decision_making_participation,27.20837466436785,%,Civic_Participation_Records,ok
2020,Colombia,Valle_del_Cauca,Cali_Norte,Middle,With disability,Men,School_enrollment,30.329943571560598,%,Administrative_Health_Reports,ok
2020,Colombia,Valle_del_Cauca,Cali_Norte,Middle,With disability,Men,Health_services_access,33.441191445756346,%,Household_Survey,ok
2020,Colombia,Valle_del_Cauca,Cali_Norte,Middle,With disability,Men,GBV_services_access,34.895581224030614,%,Administrative_Health_Reports,ok
2020,Colombia,Valle_del_Cauca,Cali_Norte,Middle,With disability,Men,Employment_rate,,%,Civic_Participation_Records,missing_value
2020,Colombia,Valle_del_Cauca,Cali_Norte,Middle,With disability,Men,Decision_making_participation,,%,Household_Survey,missing_value
2020,Colombia,Valle_del_Cauca,Cali_Norte,High,No disability,Women,School_enrollment,50.54869798063259,%,Administrative_Health_Reports,ok
2020,Colombia,Valle_del_Cauca,Cali_Norte,High,No disability,Women,Health_services_access,57.027544070100284,%,Labour_Force_Survey,ok
2020,Colombia,Valle_del_Cauca,Cali_Norte,High,No disability,Women,GBV_services_access,53.962562194553485,%,Administrative_Health_Reports,ok
2020,Colombia,Valle_del_Cauca,Cali_Norte,High,No disability,Women,Employment_rate,48.5469261265651,%,Community_GBV_Monitoring,ok
2020,Colombia,Valle_del_Cauca,Cali_Norte,High,No disability,Women,Decision_making_participation,55.71979758510276,%,Community_GBV_Monitoring,ok
2020,Colombia,Valle_del_Cauca,Cali_Norte,High,No disability,Men,School_enrollment,60.36247949099214,%,Community_GBV_Monitoring,ok
2020,Colombia,Valle_del_Cauca,Cali_Norte,High,No disability,Men,Health_services_access,55.86003343029174,%,Community_GBV_Monitoring,ok
2020,Colombia,Valle_del_Cauca,Cali_Norte,High,No disability,Men,GBV_services_access,57.60164005179116,%,Community_GBV_Monitoring,ok
2020,Colombia,Valle_del_Cauca,Cali_Norte,High,No disability,Men,Employment_rate,58.76315232492884,%,Civic_Participation_Records,ok
2020,Colombia,Valle_del_Cauca,Cali_Norte,High,No disability,Men,Decision_making_participation,61.41625187616378,%,Administrative_Health_Reports,ok
2020,Colombia,Valle_del_Cauca,Cali_Norte,High,With disability,Women,School_enrollment,34.57959396429302,%,Civic_Participation_Records,ok
2020,Colombia,Valle_del_Cauca,Cali_Norte,High,With disability,Women,Health_services_access,29.463794936240404,%,Community_GBV_Monitoring,ok
2020,Colombia,Valle_del_Cauca,Cali_Norte,High,With disability,Women,GBV_services_access,31.74588382737202,%,Household_Survey,ok
2020,Colombia,Valle_del_Cauca,Cali_Norte,High,With disability,Women,Employment_rate,,%,Household_Survey,missing_value
2020,Colombia,Valle_del_Cauca,Cali_Norte,High,With disability,Women,Decision_making_participation,40.66352500895228,%,Labour_Force_Survey,ok
2020,Colombia,Valle_del_Cauca,Cali_Norte,High,With disability,Men,School_enrollment,38.65819364206805,%,Civic_Participation_Records,ok
2020,Colombia,Valle_del_Cauca,Cali_Norte,High,With disability,Men,Health_services_access,34.56537931604939,%,Labour_Force_Survey,ok
2020,Colombia,Valle_del_Cauca,Cali_Norte,High,With disability,Men,GBV_services_access,,%,Household_Survey,missing_value
2020,Colombia,Valle_del_Cauca,Cali_Norte,High,With disability,Men,Employment_rate,39.590839136256754,%,Household_Survey,ok
2020,Colombia,Valle_del_Cauca,Cali_Norte,High,With disability,Men,Decision_making_participation,36.44924877058451,%,Household_Survey,ok
2021,Colombia,Valle_del_Cauca,Cali_Norte,Low,No disability,Women,School_enrollment,33.495716616806206,%,Administrative_Health_Reports,ok
2021,Colombia,Valle_del_Cauca,Cali_Norte,Low,No disability,Women,Health_services_access,30.668331970920608,%,Household_Survey,ok
2021,Colombia,Valle_del_Cauca,Cali_Norte,Low,No disability,Women,GBV_services_access,30.965702573415733,%,Administrative_Health_Reports,ok
2021,Colombia,Valle_del_Cauca,Cali_Norte,Low,No disability,Women,Employment_rate,24.493076606961377,%,Labour_Force_Survey,ok
2021,Colombia,Valle_del_Cauca,Cali_Norte,Low,No disability,Women,Decision_making_participation,31.91193635856647,%,Household_Survey,ok
2021,Colombia,Valle_del_Cauca,Cali_Norte,Low,No disability,Men,School_enrollment,34.806103024029696,%,Labour_Force_Survey,ok
2021,Colombia,Valle_del_Cauca,Cali_Norte,Low,No disability,Men,Health_services_access,39.02136914755753,%,Civic_Participation_Records,ok
2021,Colombia,Valle_del_Cauca,Cali_Norte,Low,No disability,Men,GBV_services_access,37.48687403216556,%,Civic_Participation_Records,ok
2021,Colombia,Valle_del_Cauca,Cali_Norte,Low,No disability,Men,Employment_rate,32.71680351026858,%,Administrative_Health_Reports,ok
2021,Colombia,Valle_del_Cauca,Cali_Norte,Low,No disability,Men,Decision_making_participation,37.24578258105404,%,Administrative_Health_Reports,ok
2021,Colombia,Valle_del_Cauca,Cali_Norte,Low,With disability,Women,School_enrollment,,%,Civic_Participation_Records,missing_value
2021,Colombia,Valle_del_Cauca,Cali_Norte,Low,With disability,Women,Health_services_access,14.83167929364341,%,Household_Survey,ok
2021,Colombia,Valle_del_Cauca,Cali_Norte,Low,With disability,Women,GBV_services_access,,%,Household_Survey,missing_value
2021,Colombia,Valle_del_Cauca,Cali_Norte,Low,With disability,Women,Employment_rate,11.103058161856847,%,Administrative_Health_Reports,ok
2021,Colombia,Valle_del_Cauca,Cali_Norte,Low,With disability,Women,Decision_making_participation,,%,Administrative_Health_Reports,missing_value
2021,Colombia,Valle_del_Cauca,Cali_Norte,Low,With disability,Men,School_enrollment,20.14810281622546,%,Civic_Participation_Records,ok
2021,Colombia,Valle_del_Cauca,Cali_Norte,Low,With disability,Men,Health_services_access,15.180302067399733,%,Civic_Participation_Records,ok
2021,Colombia,Valle_del_Cauca,Cali_Norte,Low,With disability,Men,GBV_services_access,12.709951236175437,%,Household_Survey,ok
2021,Colombia,Valle_del_Cauca,Cali_Norte,Low,With disability,Men,Employment_rate,14.534265748060815,%,Administrative_Health_Reports,ok
2021,Colombia,Valle_del_Cauca,Cali_Norte,Low,With disability,Men,Decision_making_participation,19.92879999557839,%,Household_Survey,ok
2021,Colombia,Valle_del_Cauca,Cali_Norte,Middle,No disability,Women,School_enrollment,52.38100625633004,%,Community_GBV_Monitoring,ok
2021,Colombia,Valle_del_Cauca,Cali_Norte,Middle,No disability,Women,Health_services_access,50.01122146527697,%,Community_GBV_Monitoring,ok
2021,Colombia,Valle_del_Cauca,Cali_Norte,Middle,No disability,Women,GBV_services_access,50.65104104737947,%,Community_GBV_Monitoring,ok
2021,Colombia,Valle_del_Cauca,Cali_Norte,Middle,No disability,Women,Employment_rate,49.94834174206795,%,Administrative_Health_Reports,ok
2021,Colombia,Valle_del_Cauca,Cali_Norte,Middle,No disability,Women,Decision_making_participation,50.318814783613334,%,Community_GBV_Monitoring,ok
2021,Colombia,Valle_del_Cauca,Cali_Norte,Middle,No disability,Men,School_enrollment,54.236234813759616,%,Community_GBV_Monitoring,ok
2021,Colombia,Valle_del_Cauca,Cali_Norte,Middle,No disability,Men,Health_services_access,54.9377103096237,%,Community_GBV_Monitoring,ok
2021,Colombia,Valle_del_Cauca,Cali_Norte,Middle,No disability,Men,GBV_services_access,54.017384951807394,%,Administrative_Health_Reports,ok
2021,Colombia,Valle_del_Cauca,Cali_Norte,Middle,No disability,Men,Employment_rate,54.9577979687691,%,Labour_Force_Survey,ok
2021,Colombia,Valle_del_Cauca,Cali_Norte,Middle,No disability,Men,Decision_making_participation,57.473612450339196,%,Labour_Force_Survey,ok
2021,Colombia,Valle_del_Cauca,Cali_Norte,Middle,With disability,Women,School_enrollment,27.68976955261469,%,Administrative_Health_Reports,ok
2021,Colombia,Valle_del_Cauca,Cali_Norte,Middle,With disability,Women,Health_services_access,27.445417127605932,%,Community_GBV_Monitoring,ok
2021,Colombia,Valle_del_Cauca,Cali_Norte,Middle,With disability,Women,GBV_services_access,26.453027322580844,%,Household_Survey,ok
2021,Colombia,Valle_del_Cauca,Cali_Norte,Middle,With disability,Women,Employment_rate,28.072263624721465,%,Household_Survey,ok
2021,Colombia,Valle_del_Cauca,Cali_Norte,Middle,With disability,Women,Decision_making_participation,31.66806651593482,%,Administrative_Health_Reports,ok
2021,Colombia,Valle_del_Cauca,Cali_Norte,Middle,With disability,Men,School_enrollment,29.576345045348518,%,Administrative_Health_Reports,ok
2021,Colombia,Valle_del_Cauca,Cali_Norte,Middle,With disability,Men,Health_services_access,32.35471055055643,%,Civic_Participation_Records,ok
2021,Colombia,Valle_del_Cauca,Cali_Norte,Middle,With disability,Men,GBV_services_access,31.418305577549134,%,Administrative_Health_Reports,ok
2021,Colombia,Valle_del_Cauca,Cali_Norte,Middle,With disability,Men,Employment_rate,35.794789778538046,%,Administrative_Health_Reports,ok
2021,Colombia,Valle_del_Cauca,Cali_Norte,Middle,With disability,Men,Decision_making_participation,39.52629647196892,%,Administrative_Health_Reports,ok
2021,Colombia,Valle_del_Cauca,Cali_Norte,High,No disability,Women,School_enrollment,51.687580482465336,%,Household_Survey,ok
2021,Colombia,Valle_del_Cauca,Cali_Norte,High,No disability,Women,Health_services_access,55.740941394695305,%,Community_GBV_Monitoring,ok
2021,Colombia,Valle_del_Cauca,Cali_Norte,High,No disability,Women,GBV_services_access,53.847106267247824,%,Household_Survey,ok
2021,Colombia,Valle_del_Cauca,Cali_Norte,High,No disability,Women,Employment_rate,55.51704909738199,%,Household_Survey,ok
2021,Colombia,Valle_del_Cauca,Cali_Norte,High,No disability,Women,Decision_making_participation,55.21207474382497,%,Community_GBV_Monitoring,ok
2021,Colombia,Valle_del_Cauca,Cali_Norte,High,No disability,Men,School_enrollment,61.778225209098885,%,Administrative_Health_Reports,ok
2021,Colombia,Valle_del_Cauca,Cali_Norte,High,No disability,Men,Health_services_access,57.37816036367765,%,Labour_Force_Survey,ok
2021,Colombia,Valle_del_Cauca,Cali_Norte,High,No disability,Men,GBV_services_access,61.85843932679434,%,Labour_Force_Survey,ok
2021,Colombia,Valle_del_Cauca,Cali_Norte,High,No disability,Men,Employment_rate,57.682135693076994,%,Labour_Force_Survey,ok
2021,Colombia,Valle_del_Cauca,Cali_Norte,High,No disability,Men,Decision_making_participation,60.8212843179964,%,Labour_Force_Survey,ok
2021,Colombia,Valle_del_Cauca,Cali_Norte,High,With disability,Women,School_enrollment,38.0579759942916,%,Community_GBV_Monitoring,ok
2021,Colombia,Valle_del_Cauca,Cali_Norte,High,With disability,Women,Health_services_access,30.45056319789101,%,Administrative_Health_Reports,ok
2021,Colombia,Valle_del_Cauca,Cali_Norte,High,With disability,Women,GBV_services_access,,%,Labour_Force_Survey,missing_value
2021,Colombia,Valle_del_Cauca,Cali_Norte,High,With disability,Women,Employment_rate,33.41202736041944,%,Household_Survey,ok
2021,Colombia,Valle_del_Cauca,Cali_Norte,High,With disability,Women,Decision_making_participation,32.27455668727,%,Household_Survey,ok
2021,Colombia,Valle_del_Cauca,Cali_Norte,High,With disability,Men,School_enrollment,40.2013028143415,%,Household_Survey,ok
2021,Colombia,Valle_del_Cauca,Cali_Norte,High,With disability,Men,Health_services_access,33.972473425737086,%,Administrative_Health_Reports,ok
2021,Colombia,Valle_del_Cauca,Cali_Norte,High,With disability,Men,GBV_services_access,,%,Household_Survey,missing_value
2021,Colombia,Valle_del_Cauca,Cali_Norte,High,With disability,Men,Employment_rate,41.5468249515692,%,Community_GBV_Monitoring,ok
2021,Colombia,Valle_del_Cauca,Cali_Norte,High,With disability,Men,Decision_making_participation,41.735454281227476,%,Community_GBV_Monitoring,ok
2022,Colombia,Valle_del_Cauca,Cali_Norte,Low,No disability,Women,School_enrollment,29.360292255265147,%,Civic_Participation_Records,ok
2022,Colombia,Valle_del_Cauca,Cali_Norte,Low,No disability,Women,Health_services_access,34.21911186393324,%,Labour_Force_Survey,ok
2022,Colombia,Valle_del_Cauca,Cali_Norte,Low,No disability,Women,GBV_services_access,31.818232033779815,%,Household_Survey,ok
2022,Colombia,Valle_del_Cauca,Cali_Norte,Low,No disability,Women,Employment_rate,29.185055196691067,%,Household_Survey,ok
2022,Colombia,Valle_del_Cauca,Cali_Norte,Low,No disability,Women,Decision_making_participation,32.84046919971878,%,Community_GBV_Monitoring,ok
2022,Colombia,Valle_del_Cauca,Cali_Norte,Low,No disability,Men,School_enrollment,38.18680006718282,%,Administrative_Health_Reports,ok
2022,Colombia,Valle_del_Cauca,Cali_Norte,Low,No disability,Men,Health_services_access,,%,Labour_Force_Survey,missing_value
2022,Colombia,Valle_del_Cauca,Cali_Norte,Low,No disability,Men,GBV_services_access,35.93773740971388,%,Civic_Participation_Records,ok
2022,Colombia,Valle_del_Cauca,Cali_Norte,Low,No disability,Men,Employment_rate,37.50412423644388,%,Administrative_Health_Reports,ok
2022,Colombia,Valle_del_Cauca,Cali_Norte,Low,No disability,Men,Decision_making_participation,41.757460816976355,%,Labour_Force_Survey,ok
2022,Colombia,Valle_del_Cauca,Cali_Norte,Low,With disability,Women,School_enrollment,9.743412441244882,%,Household_Survey,ok
2022,Colombia,Valle_del_Cauca,Cali_Norte,Low,With disability,Women,Health_services_access,11.056006873772592,%,Labour_Force_Survey,ok
2022,Colombia,Valle_del_Cauca,Cali_Norte,Low,With disability,Women,GBV_services_access,,%,Labour_Force_Survey,missing_value
2022,Colombia,Valle_del_Cauca,Cali_Norte,Low,With disability,Women,Employment_rate,9.376710719653024,%,Labour_Force_Survey,ok
2022,Colombia,Valle_del_Cauca,Cali_Norte,Low,With disability,Women,Decision_making_participation,16.883636467447445,%,Labour_Force_Survey,ok
2022,Colombia,Valle_del_Cauca,Cali_Norte,Low,With disability,Men,School_enrollment,15.29201156964277,%,Administrative_Health_Reports,ok
2022,Colombia,Valle_del_Cauca,Cali_Norte,Low,With disability,Men,Health_services_access,17.904392384763405,%,Community_GBV_Monitoring,ok
2022,Colombia,Valle_del_Cauca,Cali_Norte,Low,With disability,Men,GBV_services_access,13.386112748252438,%,Civic_Participation_Records,ok
2022,Colombia,Valle_del_Cauca,Cali_Norte,Low,With disability,Men,Employment_rate,15.530312320460167,%,Community_GBV_Monitoring,ok
2022,Colombia,Valle_del_Cauca,Cali_Norte,Low,With disability,Men,Decision_making_participation,16.961419986879747,%,Community_GBV_Monitoring,ok
2022,Colombia,Valle_del_Cauca,Cali_Norte,Middle,No disability,Women,School_enrollment,47.03189996908855,%,Community_GBV_Monitoring,ok
2022,Colombia,Valle_del_Cauca,Cali_Norte,Middle,No disability,Women,Health_services_access,46.745850875558936,%,Administrative_Health_Reports,ok
2022,Colombia,Valle_del_Cauca,Cali_Norte,Middle,No disability,Women,GBV_services_access,50.47580198449804,%,Community_GBV_Monitoring,ok
2022,Colombia,Valle_del_Cauca,Cali_Norte,Middle,No disability,Women,Employment_rate,41.847377012681264,%,Administrative_Health_Reports,ok
2022,Colombia,Valle_del_Cauca,Cali_Norte,Middle,No disability,Women,Decision_making_participation,52.36809645673662,%,Civic_Participation_Records,ok
2022,Colombia,Valle_del_Cauca,Cali_Norte,Middle,No disability,Men,School_enrollment,55.4988482328781,%,Administrative_Health_Reports,ok
2022,Colombia,Valle_del_Cauca,Cali_Norte,Middle,No disability,Men,Health_services_access,56.63087141372254,%,Civic_Participation_Records,ok
2022,Colombia,Valle_del_Cauca,Cali_Norte,Middle,No disability,Men,GBV_services_access,52.92864623410115,%,Community_GBV_Monitoring,ok
2022,Colombia,Valle_del_Cauca,Cali_Norte,Middle,No disability,Men,Employment_rate,51.190330636601445,%,Community_GBV_Monitoring,ok
2022,Colombia,Valle_del_Cauca,Cali_Norte,Middle,No disability,Men,Decision_making_participation,49.338976464891836,%,Household_Survey,ok
2022,Colombia,Valle_del_Cauca,Cali_Norte,Middle,With disability,Women,School_enrollment,25.21498023261688,%,Civic_Participation_Records,ok
2022,Colombia,Valle_del_Cauca,Cali_Norte,Middle,With disability,Women,Health_services_access,23.992543886811568,%,Administrative_Health_Reports,ok
2022,Colombia,Valle_del_Cauca,Cali_Norte,Middle,With disability,Women,GBV_services_access,32.0815223977378,%,Community_GBV_Monitoring,ok
2022,Colombia,Valle_del_Cauca,Cali_Norte,Middle,With disability,Women,Employment_rate,29.963269384840586,%,Civic_Participation_Records,ok
2022,Colombia,Valle_del_Cauca,Cali_Norte,Middle,With disability,Women,Decision_making_participation,34.90023325300345,%,Administrative_Health_Reports,ok
2022,Colombia,Valle_del_Cauca,Cali_Norte,Middle,With disability,Men,School_enrollment,33.895891434081086,%,Labour_Force_Survey,ok
2022,Colombia,Valle_del_Cauca,Cali_Norte,Middle,With disability,Men,Health_services_access,31.053274968585626,%,Labour_Force_Survey,ok
2022,Colombia,Valle_del_Cauca,Cali_Norte,Middle,With disability,Men,GBV_services_access,32.38411211706001,%,Labour_Force_Survey,ok
2022,Colombia,Valle_del_Cauca,Cali_Norte,Middle,With disability,Men,Employment_rate,36.09523465002459,%,Household_Survey,ok
2022,Colombia,Valle_del_Cauca,Cali_Norte,Middle,With disability,Men,Decision_making_participation,32.67707176784244,%,Community_GBV_Monitoring,ok
2022,Colombia,Valle_del_Cauca,Cali_Norte,High,No disability,Women,School_enrollment,,%,Civic_Participation_Records,missing_value
2022,Colombia,Valle_del_Cauca,Cali_Norte,High,No disability,Women,Health_services_access,52.34971429561749,%,Administrative_Health_Reports,ok
2022,Colombia,Valle_del_Cauca,Cali_Norte,High,No disability,Women,GBV_services_access,58.18892135145758,%,Civic_Participation_Records,ok
2022,Colombia,Valle_del_Cauca,Cali_Norte,High,No disability,Women,Employment_rate,58.4051318703244,%,Household_Survey,ok
2022,Colombia,Valle_del_Cauca,Cali_Norte,High,No disability,Women,Decision_making_participation,53.65191870942698,%,Administrative_Health_Reports,ok
2022,Colombia,Valle_del_Cauca,Cali_Norte,High,No disability,Men,School_enrollment,56.89385709519659,%,Labour_Force_Survey,ok
2022,Colombia,Valle_del_Cauca,Cali_Norte,High,No disability,Men,Health_services_access,54.711396410363434,%,Labour_Force_Survey,ok
2022,Colombia,Valle_del_Cauca,Cali_Norte,High,No disability,Men,GBV_services_access,62.42471717811535,%,Labour_Force_Survey,ok
2022,Colombia,Valle_del_Cauca,Cali_Norte,High,No disability,Men,Employment_rate,58.92191107528602,%,Labour_Force_Survey,ok
2022,Colombia,Valle_del_Cauca,Cali_Norte,High,No disability,Men,Decision_making_participation,55.785125401278165,%,Administrative_Health_Reports,ok
2022,Colombia,Valle_del_Cauca,Cali_Norte,High,With disability,Women,School_enrollment,,%,Administrative_Health_Reports,missing_value
2022,Colombia,Valle_del_Cauca,Cali_Norte,High,With disability,Women,Health_services_access,29.348907047666035,%,Household_Survey,ok
2022,Colombia,Valle_del_Cauca,Cali_Norte,High,With disability,Women,GBV_services_access,34.71737039077547,%,Civic_Participation_Records,ok
2022,Colombia,Valle_del_Cauca,Cali_Norte,High,With disability,Women,Employment_rate,32.527293652330904,%,Administrative_Health_Reports,ok
2022,Colombia,Valle_del_Cauca,Cali_Norte,High,With disability,Women,Decision_making_participation,34.812060260186094,%,Labour_Force_Survey,ok
2022,Colombia,Valle_del_Cauca,Cali_Norte,High,With disability,Men,School_enrollment,37.41695139031591,%,Civic_Participation_Records,ok
2022,Colombia,Valle_del_Cauca,Cali_Norte,High,With disability,Men,Health_services_access,38.08241856827068,%,Administrative_Health_Reports,ok
2022,Colombia,Valle_del_Cauca,Cali_Norte,High,With disability,Men,GBV_services_access,33.01064911788792,%,Labour_Force_Survey,ok
2022,Colombia,Valle_del_Cauca,Cali_Norte,High,With disability,Men,Employment_rate,41.1810363210449,%,Community_GBV_Monitoring,ok
2022,Colombia,Valle_del_Cauca,Cali_Norte,High,With disability,Men,Decision_making_participation,37.95186422451035,%,Administrative_Health_Reports,ok
2023,Colombia,Valle_del_Cauca,Cali_Norte,Low,No disability,Women,School_enrollment,30.374024568933834,%,Civic_Participation_Records,ok
2023,Colombia,Valle_del_Cauca,Cali_Norte,Low,No disability,Women,Health_services_access,36.53833371493309,%,Civic_Participation_Records,ok
2023,Colombia,Valle_del_Cauca,Cali_Norte,Low,No disability,Women,GBV_services_access,29.791743671514077,%,Labour_Force_Survey,ok
2023,Colombia,Valle_del_Cauca,Cali_Norte,Low,No disability,Women,Employment_rate,33.77238792224928,%,Administrative_Health_Reports,ok
2023,Colombia,Valle_del_Cauca,Cali_Norte,Low,No disability,Women,Decision_making_participation,37.66281502098682,%,Household_Survey,ok
2023,Colombia,Valle_del_Cauca,Cali_Norte,Low,No disability,Men,School_enrollment,38.95464162489684,%,Labour_Force_Survey,ok
2023,Colombia,Valle_del_Cauca,Cali_Norte,Low,No disability,Men,Health_services_access,,%,Household_Survey,missing_value
2023,Colombia,Valle_del_Cauca,Cali_Norte,Low,No disability,Men,GBV_services_access,37.167602406045255,%,Civic_Participation_Records,ok
2023,Colombia,Valle_del_Cauca,Cali_Norte,Low,No disability,Men,Employment_rate,35.7518852554002,%,Administrative_Health_Reports,ok
2023,Colombia,Valle_del_Cauca,Cali_Norte,Low,No disability,Men,Decision_making_participation,,%,Civic_Participation_Records,missing_value
2023,Colombia,Valle_del_Cauca,Cali_Norte,Low,With disability,Women,School_enrollment,16.20374025526073,%,Administrative_Health_Reports,ok
2023,Colombia,Valle_del_Cauca,Cali_Norte,Low,With disability,Women,Health_services_access,13.606248635397407,%,Civic_Participation_Records,ok
2023,Colombia,Valle_del_Cauca,Cali_Norte,Low,With disability,Women,GBV_services_access,,%,Labour_Force_Survey,missing_value
2023,Colombia,Valle_del_Cauca,Cali_Norte,Low,With disability,Women,Employment_rate,13.175474403801491,%,Labour_Force_Survey,ok
2023,Colombia,Valle_del_Cauca,Cali_Norte,Low,With disability,Women,Decision_making_participation,15.312889573333868,%,Community_GBV_Monitoring,ok
2023,Colombia,Valle_del_Cauca,Cali_Norte,Low,With disability,Men,School_enrollment,,%,Community_GBV_Monitoring,missing_value
2023,Colombia,Valle_del_Cauca,Cali_Norte,Low,With disability,Men,Health_services_access,19.56713103387243,%,Civic_Participation_Records,ok
2023,Colombia,Valle_del_Cauca,Cali_Norte,Low,With disability,Men,GBV_services_access,12.5185205614604,%,Administrative_Health_Reports,ok
2023,Colombia,Valle_del_Cauca,Cali_Norte,Low,With disability,Men,Employment_rate,13.456775115017406,%,Civic_Participation_Records,ok
2023,Colombia,Valle_del_Cauca,Cali_Norte,Low,With disability,Men,Decision_making_participation,13.05061023951351,%,Labour_Force_Survey,ok
2023,Colombia,Valle_del_Cauca,Cali_Norte,Middle,No disability,Women,School_enrollment,46.26856064119241,%,Administrative_Health_Reports,ok
2023,Colombia,Valle_del_Cauca,Cali_Norte,Middle,No disability,Women,Health_services_access,49.068177382468946,%,Administrative_Health_Reports,ok
2023,Colombia,Valle_del_Cauca,Cali_Norte,Middle,No disability,Women,GBV_services_access,48.79844620195902,%,Community_GBV_Monitoring,ok
2023,Colombia,Valle_del_Cauca,Cali_Norte,Middle,No disability,Women,Employment_rate,48.27444473327921,%,Labour_Force_Survey,ok
2023,Colombia,Valle_del_Cauca,Cali_Norte,Middle,No disability,Women,Decision_making_participation,48.44725669025363,%,Labour_Force_Survey,ok
2023,Colombia,Valle_del_Cauca,Cali_Norte,Middle,No disability,Men,School_enrollment,52.38101342703612,%,Administrative_Health_Reports,ok
2023,Colombia,Valle_del_Cauca,Cali_Norte,Middle,No disability,Men,Health_services_access,53.80921509349114,%,Administrative_Health_Reports,ok
2023,Colombia,Valle_del_Cauca,Cali_Norte,Middle,No disability,Men,GBV_services_access,51.95627130408882,%,Administrative_Health_Reports,ok
2023,Colombia,Valle_del_Cauca,Cali_Norte,Middle,No disability,Men,Employment_rate,52.71175436199716,%,Household_Survey,ok
2023,Colombia,Valle_del_Cauca,Cali_Norte,Middle,No disability,Men,Decision_making_participation,54.17285314948975,%,Household_Survey,ok
2023,Colombia,Valle_del_Cauca,Cali_Norte,Middle,With disability,Women,School_enrollment,28.318611161990532,%,Household_Survey,ok
2023,Colombia,Valle_del_Cauca,Cali_Norte,Middle,With disability,Women,Health_services_access,28.589058370176673,%,Household_Survey,ok
2023,Colombia,Valle_del_Cauca,Cali_Norte,Middle,With disability,Women,GBV_services_access,,%,Community_GBV_Monitoring,missing_value
2023,Colombia,Valle_del_Cauca,Cali_Norte,Middle,With disability,Women,Employment_rate,,%,Administrative_Health_Reports,missing_value
2023,Colombia,Valle_del_Cauca,Cali_Norte,Middle,With disability,Women,Decision_making_participation,30.290808461756132,%,Civic_Participation_Records,ok
2023,Colombia,Valle_del_Cauca,Cali_Norte,Middle,With disability,Men,School_enrollment,31.558607281078892,%,Labour_Force_Survey,ok
2023,Colombia,Valle_del_Cauca,Cali_Norte,Middle,With disability,Men,Health_services_access,31.022962160483008,%,Community_GBV_Monitoring,ok
2023,Colombia,Valle_del_Cauca,Cali_Norte,Middle,With disability,Men,GBV_services_access,35.16194251031556,%,Civic_Participation_Records,ok
2023,Colombia,Valle_del_Cauca,Cali_Norte,Middle,With disability,Men,Employment_rate,33.93387221291519,%,Administrative_Health_Reports,ok
2023,Colombia,Valle_del_Cauca,Cali_Norte,Middle,With disability,Men,Decision_making_participation,28.31306855643336,%,Community_GBV_Monitoring,ok
2023,Colombia,Valle_del_Cauca,Cali_Norte,High,No disability,Women,School_enrollment,51.22107164470824,%,Administrative_Health_Reports,ok
2023,Colombia,Valle_del_Cauca,Cali_Norte,High,No disability,Women,Health_services_access,57.180891545467055,%,Community_GBV_Monitoring,ok
2023,Colombia,Valle_del_Cauca,Cali_Norte,High,No disability,Women,GBV_services_access,54.56388011854791,%,Administrative_Health_Reports,ok
2023,Colombia,Valle_del_Cauca,Cali_Norte,High,No disability,Women,Employment_rate,51.51249350168995,%,Administrative_Health_Reports,ok
2023,Colombia,Valle_del_Cauca,Cali_Norte,High,No disability,Women,Decision_making_participation,57.35564376196014,%,Labour_Force_Survey,ok
2023,Colombia,Valle_del_Cauca,Cali_Norte,High,No disability,Men,School_enrollment,59.42494091665067,%,Administrative_Health_Reports,ok
2023,Colombia,Valle_del_Cauca,Cali_Norte,High,No disability,Men,Health_services_access,58.90923027225965,%,Household_Survey,ok
2023,Colombia,Valle_del_Cauca,Cali_Norte,High,No disability,Men,GBV_services_access,54.21130055340946,%,Community_GBV_Monitoring,ok
2023,Colombia,Valle_del_Cauca,Cali_Norte,High,No disability,Men,Employment_rate,58.20008674149629,%,Administrative_Health_Reports,ok
2023,Colombia,Valle_del_Cauca,Cali_Norte,High,No disability,Men,Decision_making_participation,53.9175971729341,%,Household_Survey,ok
2023,Colombia,Valle_del_Cauca,Cali_Norte,High,With disability,Women,School_enrollment,31.07037373343683,%,Household_Survey,ok
2023,Colombia,Valle_del_Cauca,Cali_Norte,High,With disability,Women,Health_services_access,28.848577475642465,%,Administrative_Health_Reports,ok
2023,Colombia,Valle_del_Cauca,Cali_Norte,High,With disability,Women,GBV_services_access,32.42367738157108,%,Civic_Participation_Records,ok
2023,Colombia,Valle_del_Cauca,Cali_Norte,High,With disability,Women,Employment_rate,33.70911739254715,%,Household_Survey,ok
2023,Colombia,Valle_del_Cauca,Cali_Norte,High,With disability,Women,Decision_making_participation,35.67598496068329,%,Labour_Force_Survey,ok
2023,Colombia,Valle_del_Cauca,Cali_Norte,High,With disability,Men,School_enrollment,38.737944405782315,%,Labour_Force_Survey,ok
2023,Colombia,Valle_del_Cauca,Cali_Norte,High,With disability,Men,Health_services_access,33.086006629896346,%,Household_Survey,ok
2023,Colombia,Valle_del_Cauca,Cali_Norte,High,With disability,Men,GBV_services_access,33.41866237515095,%,Administrative_Health_Reports,ok
2023,Colombia,Valle_del_Cauca,Cali_Norte,High,With disability,Men,Employment_rate,38.10846087089385,%,Labour_Force_Survey,ok
2023,Colombia,Valle_del_Cauca,Cali_Norte,High,With disability,Men,Decision_making_participation,37.44586278630793,%,Household_Survey,ok
2024,Colombia,Valle_del_Cauca,Cali_Norte,Low,No disability,Women,School_enrollment,36.81367711920304,%,Civic_Participation_Records,ok
2024,Colombia,Valle_del_Cauca,Cali_Norte,Low,No disability,Women,Health_services_access,29.955702711599468,%,Household_Survey,ok
2024,Colombia,Valle_del_Cauca,Cali_Norte,Low,No disability,Women,GBV_services_access,31.892622445438484,%,Administrative_Health_Reports,ok
2024,Colombia,Valle_del_Cauca,Cali_Norte,Low,No disability,Women,Employment_rate,23.78575550904294,%,Labour_Force_Survey,ok
2024,Colombia,Valle_del_Cauca,Cali_Norte,Low,No disability,Women,Decision_making_participation,,%,Civic_Participation_Records,missing_value
2024,Colombia,Valle_del_Cauca,Cali_Norte,Low,No disability,Men,School_enrollment,40.62696637196204,%,Administrative_Health_Reports,ok
2024,Colombia,Valle_del_Cauca,Cali_Norte,Low,No disability,Men,Health_services_access,34.97358424186195,%,Household_Survey,ok
2024,Colombia,Valle_del_Cauca,Cali_Norte,Low,No disability,Men,GBV_services_access,36.547375613218605,%,Administrative_Health_Reports,ok
2024,Colombia,Valle_del_Cauca,Cali_Norte,Low,No disability,Men,Employment_rate,31.767141414521586,%,Labour_Force_Survey,ok
2024,Colombia,Valle_del_Cauca,Cali_Norte,Low,No disability,Men,Decision_making_participation,,%,Administrative_Health_Reports,missing_value
2024,Colombia,Valle_del_Cauca,Cali_Norte,Low,With disability,Women,School_enrollment,17.82615399751954,%,Labour_Force_Survey,ok
2024,Colombia,Valle_del_Cauca,Cali_Norte,Low,With disability,Women,Health_services_access,16.161457321830095,%,Labour_Force_Survey,ok
2024,Colombia,Valle_del_Cauca,Cali_Norte,Low,With disability,Women,GBV_services_access,12.374021322930675,%,Civic_Participation_Records,ok
2024,Colombia,Valle_del_Cauca,Cali_Norte,Low,With disability,Women,Employment_rate,8.65777109772926,%,Civic_Participation_Records,ok
2024,Colombia,Valle_del_Cauca,Cali_Norte,Low,With disability,Women,Decision_making_participation,15.946907094214607,%,Labour_Force_Survey,ok
2024,Colombia,Valle_del_Cauca,Cali_Norte,Low,With disability,Men,School_enrollment,12.375902879931859,%,Community_GBV_Monitoring,ok
2024,Colombia,Valle_del_Cauca,Cali_Norte,Low,With disability,Men,Health_services_access,,%,Household_Survey,missing_value
2024,Colombia,Valle_del_Cauca,Cali_Norte,Low,With disability,Men,GBV_services_access,12.059686830653286,%,Household_Survey,ok
2024,Colombia,Valle_del_Cauca,Cali_Norte,Low,With disability,Men,Employment_rate,16.429024539212417,%,Labour_Force_Survey,ok
2024,Colombia,Valle_del_Cauca,Cali_Norte,Low,With disability,Men,Decision_making_participation,24.405418979087173,%,Household_Survey,ok
2024,Colombia,Valle_del_Cauca,Cali_Norte,Middle,No disability,Women,School_enrollment,49.54592655604127,%,Administrative_Health_Reports,ok
2024,Colombia,Valle_del_Cauca,Cali_Norte,Middle,No disability,Women,Health_services_access,46.451032460366775,%,Household_Survey,ok
2024,Colombia,Valle_del_Cauca,Cali_Norte,Middle,No disability,Women,GBV_services_access,54.03879972056817,%,Administrative_Health_Reports,ok
2024,Colombia,Valle_del_Cauca,Cali_Norte,Middle,No disability,Women,Employment_rate,44.72382708602979,%,Administrative_Health_Reports,ok
2024,Colombia,Valle_del_Cauca,Cali_Norte,Middle,No disability,Women,Decision_making_participation,47.08971612546201,%,Household_Survey,ok
2024,Colombia,Valle_del_Cauca,Cali_Norte,Middle,No disability,Men,School_enrollment,53.62723647698351,%,Labour_Force_Survey,ok
2024,Colombia,Valle_del_Cauca,Cali_Norte,Middle,No disability,Men,Health_services_access,54.576671029985754,%,Household_Survey,ok
2024,Colombia,Valle_del_Cauca,Cali_Norte,Middle,No disability,Men,GBV_services_access,53.29883304985096,%,Administrative_Health_Reports,ok
2024,Colombia,Valle_del_Cauca,Cali_Norte,Middle,No disability,Men,Employment_rate,52.42132677072056,%,Community_GBV_Monitoring,ok
2024,Colombia,Valle_del_Cauca,Cali_Norte,Middle,No disability,Men,Decision_making_participation,58.96432573016489,%,Household_Survey,ok
2024,Colombia,Valle_del_Cauca,Cali_Norte,Middle,With disability,Women,School_enrollment,27.04184923497911,%,Labour_Force_Survey,ok
2024,Colombia,Valle_del_Cauca,Cali_Norte,Middle,With disability,Women,Health_services_access,,%,Household_Survey,missing_value
2024,Colombia,Valle_del_Cauca,Cali_Norte,Middle,With disability,Women,GBV_services_access,28.009590335389742,%,Labour_Force_Survey,ok
2024,Colombia,Valle_del_Cauca,Cali_Norte,Middle,With disability,Women,Employment_rate,30.263840578029367,%,Civic_Participation_Records,ok
2024,Colombia,Valle_del_Cauca,Cali_Norte,Middle,With disability,Women,Decision_making_participation,30.992394986095476,%,Community_GBV_Monitoring,ok
2024,Colombia,Valle_del_Cauca,Cali_Norte,Middle,With disability,Men,School_enrollment,31.21689125007859,%,Civic_Participation_Records,ok
2024,Colombia,Valle_del_Cauca,Cali_Norte,Middle,With disability,Men,Health_services_access,31.52640175751039,%,Administrative_Health_Reports,ok
2024,Colombia,Valle_del_Cauca,Cali_Norte,Middle,With disability,Men,GBV_services_access,30.597364389064772,%,Civic_Participation_Records,ok
2024,Colombia,Valle_del_Cauca,Cali_Norte,Middle,With disability,Men,Employment_rate,35.51850764015648,%,Household_Survey,ok
2024,Colombia,Valle_del_Cauca,Cali_Norte,Middle,With disability,Men,Decision_making_participation,33.371113370544336,%,Civic_Participation_Records,ok
2024,Colombia,Valle_del_Cauca,Cali_Norte,High,No disability,Women,School_enrollment,57.086020703236834,%,Administrative_Health_Reports,ok
2024,Colombia,Valle_del_Cauca,Cali_Norte,High,No disability,Women,Health_services_access,54.49053000541225,%,Civic_Participation_Records,ok
2024,Colombia,Valle_del_Cauca,Cali_Norte,High,No disability,Women,GBV_services_access,55.295609157932724,%,Civic_Participation_Records,ok
2024,Colombia,Valle_del_Cauca,Cali_Norte,High,No disability,Women,Employment_rate,52.35273478603849,%,Household_Survey,ok
2024,Colombia,Valle_del_Cauca,Cali_Norte,High,No disability,Women,Decision_making_participation,55.8091485084012,%,Civic_Participation_Records,ok
2024,Colombia,Valle_del_Cauca,Cali_Norte,High,No disability,Men,School_enrollment,56.6899353229176,%,Labour_Force_Survey,ok
2024,Colombia,Valle_del_Cauca,Cali_Norte,High,No disability,Men,Health_services_access,56.808589772424796,%,Administrative_Health_Reports,ok
2024,Colombia,Valle_del_Cauca,Cali_Norte,High,No disability,Men,GBV_services_access,,%,Household_Survey,missing_value
2024,Colombia,Valle_del_Cauca,Cali_Norte,High,No disability,Men,Employment_rate,63.38152332426186,%,Labour_Force_Survey,ok
2024,Colombia,Valle_del_Cauca,Cali_Norte,High,No disability,Men,Decision_making_participation,59.77538672554911,%,Administrative_Health_Reports,ok
2024,Colombia,Valle_del_Cauca,Cali_Norte,High,With disability,Women,School_enrollment,,%,Labour_Force_Survey,missing_value
2024,Colombia,Valle_del_Cauca,Cali_Norte,High,With disability,Women,Health_services_access,33.74682212366204,%,Community_GBV_Monitoring,ok
2024,Colombia,Valle_del_Cauca,Cali_Norte,High,With disability,Women,GBV_services_access,34.16880117012523,%,Household_Survey,ok
2024,Colombia,Valle_del_Cauca,Cali_Norte,High,With disability,Women,Employment_rate,34.328003851406464,%,Community_GBV_Monitoring,ok
2024,Colombia,Valle_del_Cauca,Cali_Norte,High,With disability,Women,Decision_making_participation,34.12707015033212,%,Labour_Force_Survey,ok
2024,Colombia,Valle_del_Cauca,Cali_Norte,High,With disability,Men,School_enrollment,43.710593188767774,%,Administrative_Health_Reports,ok
2024,Colombia,Valle_del_Cauca,Cali_Norte,High,With disability,Men,Health_services_access,37.50025941372635,%,Administrative_Health_Reports,ok
2024,Colombia,Valle_del_Cauca,Cali_Norte,High,With disability,Men,GBV_services_access,34.55998725809175,%,Administrative_Health_Reports,ok
2024,Colombia,Valle_del_Cauca,Cali_Norte,High,With disability,Men,Employment_rate,38.65853435696372,%,Civic_Participation_Records,ok
2024,Colombia,Valle_del_Cauca,Cali_Norte,High,With disability,Men,Decision_making_participation,,%,Household_Survey,missing_value
2020,Colombia,Valle_del_Cauca,Cali_Sur,Low,No disability,Women,School_enrollment,,%,Labour_Force_Survey,missing_value
2020,Colombia,Valle_del_Cauca,Cali_Sur,Low,No disability,Women,Health_services_access,35.11352397705729,%,Administrative_Health_Reports,ok
2020,Colombia,Valle_del_Cauca,Cali_Sur,Low,No disability,Women,GBV_services_access,29.11430304544686,%,Civic_Participation_Records,ok
2020,Colombia,Valle_del_Cauca,Cali_Sur,Low,No disability,Women,Employment_rate,28.291596396971993,%,Civic_Participation_Records,ok
2020,Colombia,Valle_del_Cauca,Cali_Sur,Low,No disability,Women,Decision_making_participation,29.525467773249073,%,Civic_Participation_Records,ok
2020,Colombia,Valle_del_Cauca,Cali_Sur,Low,No disability,Men,School_enrollment,35.43288646881644,%,Community_GBV_Monitoring,ok
2020,Colombia,Valle_del_Cauca,Cali_Sur,Low,No disability,Men,Health_services_access,32.58286304551639,%,Administrative_Health_Reports,ok
2020,Colombia,Valle_del_Cauca,Cali_Sur,Low,No disability,Men,GBV_services_access,,%,Household_Survey,missing_value
2020,Colombia,Valle_del_Cauca,Cali_Sur,Low,No disability,Men,Employment_rate,34.10096733508896,%,Household_Survey,ok
2020,Colombia,Valle_del_Cauca,Cali_Sur,Low,No disability,Men,Decision_making_participation,39.27901273928355,%,Labour_Force_Survey,ok
2020,Colombia,Valle_del_Cauca,Cali_Sur,Low,With disability,Women,School_enrollment,17.13847494948925,%,Administrative_Health_Reports,ok
2020,Colombia,Valle_del_Cauca,Cali_Sur,Low,With disability,Women,Health_services_access,8.589394876382755,%,Labour_Force_Survey,ok
2020,Colombia,Valle_del_Cauca,Cali_Sur,Low,With disability,Women,GBV_services_access,11.54604479868374,%,Labour_Force_Survey,ok
2020,Colombia,Valle_del_Cauca,Cali_Sur,Low,With disability,Women,Employment_rate,8.89808155031228,%,Administrative_Health_Reports,ok
2020,Colombia,Valle_del_Cauca,Cali_Sur,Low,With disability,Women,Decision_making_participation,12.666095327896238,%,Labour_Force_Survey,ok
2020,Colombia,Valle_del_Cauca,Cali_Sur,Low,With disability,Men,School_enrollment,15.693136900481235,%,Household_Survey,ok
2020,Colombia,Valle_del_Cauca,Cali_Sur,Low,With disability,Men,Health_services_access,14.768561879598128,%,Household_Survey,ok
2020,Colombia,Valle_del_Cauca,Cali_Sur,Low,With disability,Men,GBV_services_access,9.212322757612348,%,Administrative_Health_Reports,ok
2020,Colombia,Valle_del_Cauca,Cali_Sur,Low,With disability,Men,Employment_rate,17.74053277003803,%,Household_Survey,ok
2020,Colombia,Valle_del_Cauca,Cali_Sur,Low,With disability,Men,Decision_making_participation,18.62290072802056,%,Civic_Participation_Records,ok
2020,Colombia,Valle_del_Cauca,Cali_Sur,Middle,No disability,Women,School_enrollment,46.8705460856787,%,Labour_Force_Survey,ok
2020,Colombia,Valle_del_Cauca,Cali_Sur,Middle,No disability,Women,Health_services_access,46.136660960789484,%,Community_GBV_Monitoring,ok
2020,Colombia,Valle_del_Cauca,Cali_Sur,Middle,No disability,Women,GBV_services_access,51.18138543420731,%,Household_Survey,ok
2020,Colombia,Valle_del_Cauca,Cali_Sur,Middle,No disability,Women,Employment_rate,46.35418443711013,%,Community_GBV_Monitoring,ok
2020,Colombia,Valle_del_Cauca,Cali_Sur,Middle,No disability,Women,Decision_making_participation,50.686594930455186,%,Labour_Force_Survey,ok
2020,Colombia,Valle_del_Cauca,Cali_Sur,Middle,No disability,Men,School_enrollment,58.44940481526357,%,Community_GBV_Monitoring,ok
2020,Colombia,Valle_del_Cauca,Cali_Sur,Middle,No disability,Men,Health_services_access,52.29382779286433,%,Household_Survey,ok
2020,Colombia,Valle_del_Cauca,Cali_Sur,Middle,No disability,Men,GBV_services_access,47.863818574398834,%,Administrative_Health_Reports,ok
2020,Colombia,Valle_del_Cauca,Cali_Sur,Middle,No disability,Men,Employment_rate,54.98983583245608,%,Household_Survey,ok
2020,Colombia,Valle_del_Cauca,Cali_Sur,Middle,No disability,Men,Decision_making_participation,51.797091717972336,%,Administrative_Health_Reports,ok
2020,Colombia,Valle_del_Cauca,Cali_Sur,Middle,With disability,Women,School_enrollment,30.94871993582241,%,Household_Survey,ok
2020,Colombia,Valle_del_Cauca,Cali_Sur,Middle,With disability,Women,Health_services_access,26.119336298888317,%,Community_GBV_Monitoring,ok
2020,Colombia,Valle_del_Cauca,Cali_Sur,Middle,With disability,Women,GBV_services_access,,%,Administrative_Health_Reports,missing_value
2020,Colombia,Valle_del_Cauca,Cali_Sur,Middle,With disability,Women,Employment_rate,30.142986363459926,%,Civic_Participation_Records,ok
2020,Colombia,Valle_del_Cauca,Cali_Sur,Middle,With disability,Women,Decision_making_participation,31.47415647434801,%,Civic_Participation_Records,ok
2020,Colombia,Valle_del_Cauca,Cali_Sur,Middle,With disability,Men,School_enrollment,31.643642433963283,%,Administrative_Health_Reports,ok
2020,Colombia,Valle_del_Cauca,Cali_Sur,Middle,With disability,Men,Health_services_access,,%,Civic_Participation_Records,missing_value
2020,Colombia,Valle_del_Cauca,Cali_Sur,Middle,With disability,Men,GBV_services_access,28.551896159641196,%,Labour_Force_Survey,ok
2020,Colombia,Valle_del_Cauca,Cali_Sur,Middle,With disability,Men,Employment_rate,34.74463839329659,%,Administrative_Health_Reports,ok
2020,Colombia,Valle_del_Cauca,Cali_Sur,Middle,With disability,Men,Decision_making_participation,35.54885093508311,%,Labour_Force_Survey,ok
2020,Colombia,Valle_del_Cauca,Cali_Sur,High,No disability,Women,School_enrollment,51.97569687505688,%,Community_GBV_Monitoring,ok
2020,Colombia,Valle_del_Cauca,Cali_Sur,High,No disability,Women,Health_services_access,53.82059559410802,%,Community_GBV_Monitoring,ok
2020,Colombia,Valle_del_Cauca,Cali_Sur,High,No disability,Women,GBV_services_access,55.26235647408621,%,Community_GBV_Monitoring,ok
2020,Colombia,Valle_del_Cauca,Cali_Sur,High,No disability,Women,Employment_rate,51.9060079865727,%,Household_Survey,ok
2020,Colombia,Valle_del_Cauca,Cali_Sur,High,No disability,Women,Decision_making_participation,57.16371154888361,%,Community_GBV_Monitoring,ok
2020,Colombia,Valle_del_Cauca,Cali_Sur,High,No disability,Men,School_enrollment,57.251154377529915,%,Community_GBV_Monitoring,ok
2020,Colombia,Valle_del_Cauca,Cali_Sur,High,No disability,Men,Health_services_access,62.771508893356554,%,Civic_Participation_Records,ok
2020,Colombia,Valle_del_Cauca,Cali_Sur,High,No disability,Men,GBV_services_access,56.97268010530059,%,Household_Survey,ok
2020,Colombia,Valle_del_Cauca,Cali_Sur,High,No disability,Men,Employment_rate,58.88712332000892,%,Community_GBV_Monitoring,ok
2020,Colombia,Valle_del_Cauca,Cali_Sur,High,No disability,Men,Decision_making_participation,58.44403051867515,%,Labour_Force_Survey,ok
2020,Colombia,Valle_del_Cauca,Cali_Sur,High,With disability,Women,School_enrollment,33.8355313256086,%,Labour_Force_Survey,ok
2020,Colombia,Valle_del_Cauca,Cali_Sur,High,With disability,Women,Health_services_access,26.872571358991888,%,Labour_Force_Survey,ok
2020,Colombia,Valle_del_Cauca,Cali_Sur,High,With disability,Women,GBV_services_access,34.515826796591874,%,Household_Survey,ok
2020,Colombia,Valle_del_Cauca,Cali_Sur,High,With disability,Women,Employment_rate,,%,Administrative_Health_Reports,missing_value
2020,Colombia,Valle_del_Cauca,Cali_Sur,High,With disability,Women,Decision_making_participation,32.321334400468885,%,Labour_Force_Survey,ok
2020,Colombia,Valle_del_Cauca,Cali_Sur,High,With disability,Men,School_enrollment,34.170068694434995,%,Household_Survey,ok
2020,Colombia,Valle_del_Cauca,Cali_Sur,High,With disability,Men,Health_services_access,,%,Household_Survey,missing_value
2020,Colombia,Valle_del_Cauca,Cali_Sur,High,With disability,Men,GBV_services_access,36.858736288469,%,Administrative_Health_Reports,ok
2020,Colombia,Valle_del_Cauca,Cali_Sur,High,With disability,Men,Employment_rate,40.820591221187236,%,Civic_Participation_Records,ok
2020,Colombia,Valle_del_Cauca,Cali_Sur,High,With disability,Men,Decision_making_participation,41.935239578948725,%,Community_GBV_Monitoring,ok
2021,Colombia,Valle_del_Cauca,Cali_Sur,Low,No disability,Women,School_enrollment,30.596790504109727,%,Administrative_Health_Reports,ok
2021,Colombia,Valle_del_Cauca,Cali_Sur,Low,No disability,Women,Health_services_access,29.25648749532965,%,Community_GBV_Monitoring,ok
2021,Colombia,Valle_del_Cauca,Cali_Sur,Low,No disability,Women,GBV_services_access,32.08739965492302,%,Administrative_Health_Reports,ok
2021,Colombia,Valle_del_Cauca,Cali_Sur,Low,No disability,Women,Employment_rate,28.983759790777757,%,Administrative_Health_Reports,ok
2021,Colombia,Valle_del_Cauca,Cali_Sur,Low,No disability,Women,Decision_making_participation,35.66505641137837,%,Community_GBV_Monitoring,ok
2021,Colombia,Valle_del_Cauca,Cali_Sur,Low,No disability,Men,School_enrollment,35.518772234750465,%,Household_Survey,ok
2021,Colombia,Valle_del_Cauca,Cali_Sur,Low,No disability,Men,Health_services_access,35.26888611503379,%,Community_GBV_Monitoring,ok
2021,Colombia,Valle_del_Cauca,Cali_Sur,Low,No disability,Men,GBV_services_access,33.36354473342167,%,Community_GBV_Monitoring,ok
2021,Colombia,Valle_del_Cauca,Cali_Sur,Low,No disability,Men,Employment_rate,31.89413516338024,%,Civic_Participation_Records,ok
2021,Colombia,Valle_del_Cauca,Cali_Sur,Low,No disability,Men,Decision_making_participation,41.86683632965655,%,Civic_Participation_Records,ok
2021,Colombia,Valle_del_Cauca,Cali_Sur,Low,With disability,Women,School_enrollment,16.339046321790605,%,Household_Survey,ok
2021,Colombia,Valle_del_Cauca,Cali_Sur,Low,With disability,Women,Health_services_access,12.58679610862567,%,Community_GBV_Monitoring,ok
2021,Colombia,Valle_del_Cauca,Cali_Sur,Low,With disability,Women,GBV_services_access,,%,Labour_Force_Survey,missing_value
2021,Colombia,Valle_del_Cauca,Cali_Sur,Low,With disability,Women,Employment_rate,10.413153358835393,%,Household_Survey,ok
2021,Colombia,Valle_del_Cauca,Cali_Sur,Low,With disability,Women,Decision_making_participation,16.418323175466007,%,Labour_Force_Survey,ok
2021,Colombia,Valle_del_Cauca,Cali_Sur,Low,With disability,Men,School_enrollment,20.994279343824587,%,Administrative_Health_Reports,ok
2021,Colombia,Valle_del_Cauca,Cali_Sur,Low,With disability,Men,Health_services_access,15.189374834146356,%,Labour_Force_Survey,ok
2021,Colombia,Valle_del_Cauca,Cali_Sur,Low,With disability,Men,GBV_services_access,13.261452741060673,%,Labour_Force_Survey,ok
2021,Colombia,Valle_del_Cauca,Cali_Sur,Low,With disability,Men,Employment_rate,17.66651031141601,%,Administrative_Health_Reports,ok
2021,Colombia,Valle_del_Cauca,Cali_Sur,Low,With disability,Men,Decision_making_participation,15.917835684737517,%,Community_GBV_Monitoring,ok
2021,Colombia,Valle_del_Cauca,Cali_Sur,Middle,No disability,Women,School_enrollment,47.21584098082632,%,Labour_Force_Survey,ok
2021,Colombia,Valle_del_Cauca,Cali_Sur,Middle,No disability,Women,Health_services_access,51.60367927055622,%,Household_Survey,ok
2021,Colombia,Valle_del_Cauca,Cali_Sur,Middle,No disability,Women,GBV_services_access,53.2685751250921,%,Civic_Participation_Records,ok
2021,Colombia,Valle_del_Cauca,Cali_Sur,Middle,No disability,Women,Employment_rate,46.810804594112085,%,Labour_Force_Survey,ok
2021,Colombia,Valle_del_Cauca,Cali_Sur,Middle,No disability,Women,Decision_making_participation,45.80086910674825,%,Administrative_Health_Reports,ok
2021,Colombia,Valle_del_Cauca,Cali_Sur,Middle,No disability,Men,School_enrollment,49.739688518114676,%,Labour_Force_Survey,ok
2021,Colombia,Valle_del_Cauca,Cali_Sur,Middle,No disability,Men,Health_services_access,53.67534724354038,%,Community_GBV_Monitoring,ok
2021,Colombia,Valle_del_Cauca,Cali_Sur,Middle,No disability,Men,GBV_services_access,52.20598861848606,%,Civic_Participation_Records,ok
2021,Colombia,Valle_del_Cauca,Cali_Sur,Middle,No disability,Men,Employment_rate,52.245329643620465,%,Civic_Participation_Records,ok
2021,Colombia,Valle_del_Cauca,Cali_Sur,Middle,No disability,Men,Decision_making_participation,48.294326744150766,%,Household_Survey,ok
2021,Colombia,Valle_del_Cauca,Cali_Sur,Middle,With disability,Women,School_enrollment,30.238965069328295,%,Household_Survey,ok
2021,Colombia,Valle_del_Cauca,Cali_Sur,Middle,With disability,Women,Health_services_access,,%,Administrative_Health_Reports,missing_value
2021,Colombia,Valle_del_Cauca,Cali_Sur,Middle,With disability,Women,GBV_services_access,29.199523375122915,%,Civic_Participation_Records,ok
2021,Colombia,Valle_del_Cauca,Cali_Sur,Middle,With disability,Women,Employment_rate,30.37607568297173,%,Administrative_Health_Reports,ok
2021,Colombia,Valle_del_Cauca,Cali_Sur,Middle,With disability,Women,Decision_making_participation,29.414983400249287,%,Household_Survey,ok
2021,Colombia,Valle_del_Cauca,Cali_Sur,Middle,With disability,Men,School_enrollment,31.39151942011473,%,Household_Survey,ok
2021,Colombia,Valle_del_Cauca,Cali_Sur,Middle,With disability,Men,Health_services_access,31.37036698415719,%,Administrative_Health_Reports,ok
2021,Colombia,Valle_del_Cauca,Cali_Sur,Middle,With disability,Men,GBV_services_access,29.112826058606302,%,Community_GBV_Monitoring,ok
2021,Colombia,Valle_del_Cauca,Cali_Sur,Middle,With disability,Men,Employment_rate,38.37753467762282,%,Labour_Force_Survey,ok
2021,Colombia,Valle_del_Cauca,Cali_Sur,Middle,With disability,Men,Decision_making_participation,36.33327824229831,%,Community_GBV_Monitoring,ok
2021,Colombia,Valle_del_Cauca,Cali_Sur,High,No disability,Women,School_enrollment,53.30405726632442,%,Labour_Force_Survey,ok
2021,Colombia,Valle_del_Cauca,Cali_Sur,High,No disability,Women,Health_services_access,52.53711718404239,%,Civic_Participation_Records,ok
2021,Colombia,Valle_del_Cauca,Cali_Sur,High,No disability,Women,GBV_services_access,59.05517111272289,%,Civic_Participation_Records,ok
2021,Colombia,Valle_del_Cauca,Cali_Sur,High,No disability,Women,Employment_rate,51.60720723509303,%,Household_Survey,ok
2021,Colombia,Valle_del_Cauca,Cali_Sur,High,No disability,Women,Decision_making_participation,60.32248313172284,%,Household_Survey,ok
2021,Colombia,Valle_del_Cauca,Cali_Sur,High,No disability,Men,School_enrollment,53.1180878589624,%,Labour_Force_Survey,ok
2021,Colombia,Valle_del_Cauca,Cali_Sur,High,No disability,Men,Health_services_access,60.993943240555616,%,Community_GBV_Monitoring,ok
2021,Colombia,Valle_del_Cauca,Cali_Sur,High,No disability,Men,GBV_services_access,60.31645565093925,%,Administrative_Health_Reports,ok
2021,Colombia,Valle_del_Cauca,Cali_Sur,High,No disability,Men,Employment_rate,63.30920932192923,%,Household_Survey,ok
2021,Colombia,Valle_del_Cauca,Cali_Sur,High,No disability,Men,Decision_making_participation,59.07579429730059,%,Community_GBV_Monitoring,ok
2021,Colombia,Valle_del_Cauca,Cali_Sur,High,With disability,Women,School_enrollment,31.306868780607093,%,Household_Survey,ok
2021,Colombia,Valle_del_Cauca,Cali_Sur,High,With disability,Women,Health_services_access,30.031909518771283,%,Administrative_Health_Reports,ok
2021,Colombia,Valle_del_Cauca,Cali_Sur,High,With disability,Women,GBV_services_access,31.00377760218956,%,Administrative_Health_Reports,ok
2021,Colombia,Valle_del_Cauca,Cali_Sur,High,With disability,Women,Employment_rate,34.41572685095285,%,Household_Survey,ok
2021,Colombia,Valle_del_Cauca,Cali_Sur,High,With disability,Women,Decision_making_participation,37.02379631670088,%,Community_GBV_Monitoring,ok
2021,Colombia,Valle_del_Cauca,Cali_Sur,High,With disability,Men,School_enrollment,38.78946066283297,%,Administrative_Health_Reports,ok
2021,Colombia,Valle_del_Cauca,Cali_Sur,High,With disability,Men,Health_services_access,,%,Labour_Force_Survey,missing_value
2021,Colombia,Valle_del_Cauca,Cali_Sur,High,With disability,Men,GBV_services_access,32.856459791172455,%,Civic_Participation_Records,ok
2021,Colombia,Valle_del_Cauca,Cali_Sur,High,With disability,Men,Employment_rate,38.64060627679594,%,Civic_Participation_Records,ok
2021,Colombia,Valle_del_Cauca,Cali_Sur,High,With disability,Men,Decision_making_participation,44.39373896774537,%,Civic_Participation_Records,ok
2022,Colombia,Valle_del_Cauca,Cali_Sur,Low,No disability,Women,School_enrollment,33.399983976994946,%,Labour_Force_Survey,ok
2022,Colombia,Valle_del_Cauca,Cali_Sur,Low,No disability,Women,Health_services_access,31.756359170880437,%,Community_GBV_Monitoring,ok
2022,Colombia,Valle_del_Cauca,Cali_Sur,Low,No disability,Women,GBV_services_access,31.09414165445076,%,Labour_Force_Survey,ok
2022,Colombia,Valle_del_Cauca,Cali_Sur,Low,No disability,Women,Employment_rate,25.354862009138657,%,Administrative_Health_Reports,ok
2022,Colombia,Valle_del_Cauca,Cali_Sur,Low,No disability,Women,Decision_making_participation,,%,Administrative_Health_Reports,missing_value
2022,Colombia,Valle_del_Cauca,Cali_Sur,Low,No disability,Men,School_enrollment,37.98650737144784,%,Labour_Force_Survey,ok
2022,Colombia,Valle_del_Cauca,Cali_Sur,Low,No disability,Men,Health_services_access,33.663427099011884,%,Administrative_Health_Reports,ok
2022,Colombia,Valle_del_Cauca,Cali_Sur,Low,No disability,Men,GBV_services_access,34.28939527404578,%,Civic_Participation_Records,ok
2022,Colombia,Valle_del_Cauca,Cali_Sur,Low,No disability,Men,Employment_rate,36.928948230229885,%,Household_Survey,ok
2022,Colombia,Valle_del_Cauca,Cali_Sur,Low,No disability,Men,Decision_making_participation,35.51455841913095,%,Community_GBV_Monitoring,ok
2022,Colombia,Valle_del_Cauca,Cali_Sur,Low,With disability,Women,School_enrollment,10.084928775049512,%,Labour_Force_Survey,ok
2022,Colombia,Valle_del_Cauca,Cali_Sur,Low,With disability,Women,Health_services_access,,%,Labour_Force_Survey,missing_value
2022,Colombia,Valle_del_Cauca,Cali_Sur,Low,With disability,Women,GBV_services_access,,%,Community_GBV_Monitoring,missing_value
2022,Colombia,Valle_del_Cauca,Cali_Sur,Low,With disability,Women,Employment_rate,10.21589742717487,%,Civic_Participation_Records,ok
2022,Colombia,Valle_del_Cauca,Cali_Sur,Low,With disability,Women,Decision_making_participation,16.829334956628493,%,Administrative_Health_Reports,ok
2022,Colombia,Valle_del_Cauca,Cali_Sur,Low,With disability,Men,School_enrollment,20.665533450908733,%,Labour_Force_Survey,ok
2022,Colombia,Valle_del_Cauca,Cali_Sur,Low,With disability,Men,Health_services_access,14.323414189863932,%,Household_Survey,ok
2022,Colombia,Valle_del_Cauca,Cali_Sur,Low,With disability,Men,GBV_services_access,12.506048292349236,%,Household_Survey,ok
2022,Colombia,Valle_del_Cauca,Cali_Sur,Low,With disability,Men,Employment_rate,13.636238957674314,%,Household_Survey,ok
2022,Colombia,Valle_del_Cauca,Cali_Sur,Low,With disability,Men,Decision_making_participation,,%,Household_Survey,missing_value
2022,Colombia,Valle_del_Cauca,Cali_Sur,Middle,No disability,Women,School_enrollment,,%,Community_GBV_Monitoring,missing_value
2022,Colombia,Valle_del_Cauca,Cali_Sur,Middle,No disability,Women,Health_services_access,50.394362613080105,%,Civic_Participation_Records,ok
2022,Colombia,Valle_del_Cauca,Cali_Sur,Middle,No disability,Women,GBV_services_access,50.72037324549879,%,Labour_Force_Survey,ok
2022,Colombia,Valle_del_Cauca,Cali_Sur,Middle,No disability,Women,Employment_rate,,%,Civic_Participation_Records,missing_value
2022,Colombia,Valle_del_Cauca,Cali_Sur,Middle,No disability,Women,Decision_making_participation,46.23637095374082,%,Community_GBV_Monitoring,ok
2022,Colombia,Valle_del_Cauca,Cali_Sur,Middle,No disability,Men,School_enrollment,49.635729586497625,%,Labour_Force_Survey,ok
2022,Colombia,Valle_del_Cauca,Cali_Sur,Middle,No disability,Men,Health_services_access,50.68372255573882,%,Household_Survey,ok
2022,Colombia,Valle_del_Cauca,Cali_Sur,Middle,No disability,Men,GBV_services_access,50.63421937246188,%,Labour_Force_Survey,ok
2022,Colombia,Valle_del_Cauca,Cali_Sur,Middle,No disability,Men,Employment_rate,50.06928293282793,%,Labour_Force_Survey,ok
2022,Colombia,Valle_del_Cauca,Cali_Sur,Middle,No disability,Men,Decision_making_participation,55.05998175042592,%,Administrative_Health_Reports,ok
2022,Colombia,Valle_del_Cauca,Cali_Sur,Middle,With disability,Women,School_enrollment,30.264343889984755,%,Administrative_Health_Reports,ok
2022,Colombia,Valle_del_Cauca,Cali_Sur,Middle,With disability,Women,Health_services_access,27.696382403920975,%,Civic_Participation_Records,ok
2022,Colombia,Valle_del_Cauca,Cali_Sur,Middle,With disability,Women,GBV_services_access,26.098171910015953,%,Civic_Participation_Records,ok
2022,Colombia,Valle_del_Cauca,Cali_Sur,Middle,With disability,Women,Employment_rate,34.41641025933445,%,Civic_Participation_Records,ok
2022,Colombia,Valle_del_Cauca,Cali_Sur,Middle,With disability,Women,Decision_making_participation,28.503106592970912,%,Community_GBV_Monitoring,ok
2022,Colombia,Valle_del_Cauca,Cali_Sur,Middle,With disability,Men,School_enrollment,32.53340084526039,%,Community_GBV_Monitoring,ok
2022,Colombia,Valle_del_Cauca,Cali_Sur,Middle,With disability,Men,Health_services_access,,%,Administrative_Health_Reports,missing_value
2022,Colombia,Valle_del_Cauca,Cali_Sur,Middle,With disability,Men,GBV_services_access,26.553049240640355,%,Household_Survey,ok
2022,Colombia,Valle_del_Cauca,Cali_Sur,Middle,With disability,Men,Employment_rate,,%,Civic_Participation_Records,missing_value
2022,Colombia,Valle_del_Cauca,Cali_Sur,Middle,With disability,Men,Decision_making_participation,31.97591889356997,%,Administrative_Health_Reports,ok
2022,Colombia,Valle_del_Cauca,Cali_Sur,High,No disability,Women,School_enrollment,50.92331503977766,%,Administrative_Health_Reports,ok
2022,Colombia,Valle_del_Cauca,Cali_Sur,High,No disability,Women,Health_services_access,55.40372537117036,%,Labour_Force_Survey,ok
2022,Colombia,Valle_del_Cauca,Cali_Sur,High,No disability,Women,GBV_services_access,52.99696692571249,%,Administrative_Health_Reports,ok
2022,Colombia,Valle_del_Cauca,Cali_Sur,High,No disability,Women,Employment_rate,53.704725070702544,%,Administrative_Health_Reports,ok
2022,Colombia,Valle_del_Cauca,Cali_Sur,High,No disability,Women,Decision_making_participation,52.764547351726634,%,Household_Survey,ok
2022,Colombia,Valle_del_Cauca,Cali_Sur,High,No disability,Men,School_enrollment,56.569504905759096,%,Household_Survey,ok
2022,Colombia,Valle_del_Cauca,Cali_Sur,High,No disability,Men,Health_services_access,61.25184488348785,%,Civic_Participation_Records,ok
2022,Colombia,Valle_del_Cauca,Cali_Sur,High,No disability,Men,GBV_services_access,57.6709400128626,%,Community_GBV_Monitoring,ok
2022,Colombia,Valle_del_Cauca,Cali_Sur,High,No disability,Men,Employment_rate,58.0281198129751,%,Civic_Participation_Records,ok
2022,Colombia,Valle_del_Cauca,Cali_Sur,High,No disability,Men,Decision_making_participation,60.64484492908832,%,Household_Survey,ok
2022,Colombia,Valle_del_Cauca,Cali_Sur,High,With disability,Women,School_enrollment,30.819676288050196,%,Labour_Force_Survey,ok
2022,Colombia,Valle_del_Cauca,Cali_Sur,High,With disability,Women,Health_services_access,31.533349632942443,%,Administrative_Health_Reports,ok
2022,Colombia,Valle_del_Cauca,Cali_Sur,High,With disability,Women,GBV_services_access,,%,Civic_Participation_Records,missing_value
2022,Colombia,Valle_del_Cauca,Cali_Sur,High,With disability,Women,Employment_rate,29.750842451708525,%,Civic_Participation_Records,ok
2022,Colombia,Valle_del_Cauca,Cali_Sur,High,With disability,Women,Decision_making_participation,34.43700862620217,%,Civic_Participation_Records,ok
2022,Colombia,Valle_del_Cauca,Cali_Sur,High,With disability,Men,School_enrollment,38.117455999890865,%,Labour_Force_Survey,ok
2022,Colombia,Valle_del_Cauca,Cali_Sur,High,With disability,Men,Health_services_access,,%,Labour_Force_Survey,missing_value
2022,Colombia,Valle_del_Cauca,Cali_Sur,High,With disability,Men,GBV_services_access,,%,Household_Survey,missing_value
2022,Colombia,Valle_del_Cauca,Cali_Sur,High,With disability,Men,Employment_rate,40.52693732209667,%,Administrative_Health_Reports,ok
2022,Colombia,Valle_del_Cauca,Cali_Sur,High,With disability,Men,Decision_making_participation,40.183045511805595,%,Labour_Force_Survey,ok
2023,Colombia,Valle_del_Cauca,Cali_Sur,Low,No disability,Women,School_enrollment,34.85473463311013,%,Labour_Force_Survey,ok
2023,Colombia,Valle_del_Cauca,Cali_Sur,Low,No disability,Women,Health_services_access,26.96384338397762,%,Administrative_Health_Reports,ok
2023,Colombia,Valle_del_Cauca,Cali_Sur,Low,No disability,Women,GBV_services_access,34.85797444147457,%,Civic_Participation_Records,ok
2023,Colombia,Valle_del_Cauca,Cali_Sur,Low,No disability,Women,Employment_rate,30.10195636753799,%,Household_Survey,ok
2023,Colombia,Valle_del_Cauca,Cali_Sur,Low,No disability,Women,Decision_making_participation,34.037341709631825,%,Community_GBV_Monitoring,ok
2023,Colombia,Valle_del_Cauca,Cali_Sur,Low,No disability,Men,School_enrollment,,%,Administrative_Health_Reports,missing_value
2023,Colombia,Valle_del_Cauca,Cali_Sur,Low,No disability,Men,Health_services_access,35.0529665039863,%,Labour_Force_Survey,ok
2023,Colombia,Valle_del_Cauca,Cali_Sur,Low,No disability,Men,GBV_services_access,41.142545890113205,%,Community_GBV_Monitoring,ok
2023,Colombia,Valle_del_Cauca,Cali_Sur,Low,No disability,Men,Employment_rate,34.42937665653135,%,Household_Survey,ok
2023,Colombia,Valle_del_Cauca,Cali_Sur,Low,No disability,Men,Decision_making_participation,32.54471459683332,%,Household_Survey,ok
2023,Colombia,Valle_del_Cauca,Cali_Sur,Low,With disability,Women,School_enrollment,14.57162238247793,%,Community_GBV_Monitoring,ok
2023,Colombia,Valle_del_Cauca,Cali_Sur,Low,With disability,Women,Health_services_access,11.945215783089834,%,Labour_Force_Survey,ok
2023,Colombia,Valle_del_Cauca,Cali_Sur,Low,With disability,Women,GBV_services_access,6.737736566467393,%,Civic_Participation_Records,ok
2023,Colombia,Valle_del_Cauca,Cali_Sur,Low,With disability,Women,Employment_rate,6.195478025209036,%,Administrative_Health_Reports,ok
2023,Colombia,Valle_del_Cauca,Cali_Sur,Low,With disability,Women,Decision_making_participation,16.896692029560864,%,Civic_Participation_Records,ok
2023,Colombia,Valle_del_Cauca,Cali_Sur,Low,With disability,Men,School_enrollment,,%,Civic_Participation_Records,missing_value
2023,Colombia,Valle_del_Cauca,Cali_Sur,Low,With disability,Men,Health_services_access,18.273368462531877,%,Civic_Participation_Records,ok
2023,Colombia,Valle_del_Cauca,Cali_Sur,Low,With disability,Men,GBV_services_access,15.173026095572808,%,Administrative_Health_Reports,ok
2023,Colombia,Valle_del_Cauca,Cali_Sur,Low,With disability,Men,Employment_rate,15.945668159313808,%,Civic_Participation_Records,ok
2023,Colombia,Valle_del_Cauca,Cali_Sur,Low,With disability,Men,Decision_making_participation,19.036492734578903,%,Civic_Participation_Records,ok
2023,Colombia,Valle_del_Cauca,Cali_Sur,Middle,No disability,Women,School_enrollment,48.93729079225227,%,Administrative_Health_Reports,ok
2023,Colombia,Valle_del_Cauca,Cali_Sur,Middle,No disability,Women,Health_services_access,49.00557054211568,%,Administrative_Health_Reports,ok
2023,Colombia,Valle_del_Cauca,Cali_Sur,Middle,No disability,Women,GBV_services_access,48.90251879545607,%,Administrative_Health_Reports,ok
2023,Colombia,Valle_del_Cauca,Cali_Sur,Middle,No disability,Women,Employment_rate,46.19573002456049,%,Administrative_Health_Reports,ok
2023,Colombia,Valle_del_Cauca,Cali_Sur,Middle,No disability,Women,Decision_making_participation,45.96115985456192,%,Labour_Force_Survey,ok
2023,Colombia,Valle_del_Cauca,Cali_Sur,Middle,No disability,Men,School_enrollment,53.643492226827505,%,Civic_Participation_Records,ok
2023,Colombia,Valle_del_Cauca,Cali_Sur,Middle,No disability,Men,Health_services_access,54.010442600765074,%,Household_Survey,ok
2023,Colombia,Valle_del_Cauca,Cali_Sur,Middle,No disability,Men,GBV_services_access,51.612650315260936,%,Community_GBV_Monitoring,ok
2023,Colombia,Valle_del_Cauca,Cali_Sur,Middle,No disability,Men,Employment_rate,53.84641842501949,%,Administrative_Health_Reports,ok
2023,Colombia,Valle_del_Cauca,Cali_Sur,Middle,No disability,Men,Decision_making_participation,,%,Household_Survey,missing_value
2023,Colombia,Valle_del_Cauca,Cali_Sur,Middle,With disability,Women,School_enrollment,32.30290867184875,%,Administrative_Health_Reports,ok
2023,Colombia,Valle_del_Cauca,Cali_Sur,Middle,With disability,Women,Health_services_access,28.293005842469682,%,Administrative_Health_Reports,ok
2023,Colombia,Valle_del_Cauca,Cali_Sur,Middle,With disability,Women,GBV_services_access,24.282013322036143,%,Community_GBV_Monitoring,ok
2023,Colombia,Valle_del_Cauca,Cali_Sur,Middle,With disability,Women,Employment_rate,,%,Civic_Participation_Records,missing_value
2023,Colombia,Valle_del_Cauca,Cali_Sur,Middle,With disability,Women,Decision_making_participation,30.978205071086478,%,Civic_Participation_Records,ok
2023,Colombia,Valle_del_Cauca,Cali_Sur,Middle,With disability,Men,School_enrollment,35.915774098292786,%,Labour_Force_Survey,ok
2023,Colombia,Valle_del_Cauca,Cali_Sur,Middle,With disability,Men,Health_services_access,31.04642441047293,%,Civic_Participation_Records,ok
2023,Colombia,Valle_del_Cauca,Cali_Sur,Middle,With disability,Men,GBV_services_access,33.91763879085725,%,Community_GBV_Monitoring,ok
2023,Colombia,Valle_del_Cauca,Cali_Sur,Middle,With disability,Men,Employment_rate,33.3274707032611,%,Household_Survey,ok
2023,Colombia,Valle_del_Cauca,Cali_Sur,Middle,With disability,Men,Decision_making_participation,31.658132238573387,%,Household_Survey,ok
2023,Colombia,Valle_del_Cauca,Cali_Sur,High,No disability,Women,School_enrollment,58.12897927029864,%,Household_Survey,ok
2023,Colombia,Valle_del_Cauca,Cali_Sur,High,No disability,Women,Health_services_access,51.856977936376985,%,Community_GBV_Monitoring,ok
2023,Colombia,Valle_del_Cauca,Cali_Sur,High,No disability,Women,GBV_services_access,53.69315252247707,%,Labour_Force_Survey,ok
2023,Colombia,Valle_del_Cauca,Cali_Sur,High,No disability,Women,Employment_rate,55.23121032042241,%,Civic_Participation_Records,ok
2023,Colombia,Valle_del_Cauca,Cali_Sur,High,No disability,Women,Decision_making_participation,60.2647131266758,%,Administrative_Health_Reports,ok
2023,Colombia,Valle_del_Cauca,Cali_Sur,High,No disability,Men,School_enrollment,57.0605600206356,%,Labour_Force_Survey,ok
2023,Colombia,Valle_del_Cauca,Cali_Sur,High,No disability,Men,Health_services_access,59.14280422107657,%,Civic_Participation_Records,ok
2023,Colombia,Valle_del_Cauca,Cali_Sur,High,No disability,Men,GBV_services_access,56.481481780927055,%,Labour_Force_Survey,ok
2023,Colombia,Valle_del_Cauca,Cali_Sur,High,No disability,Men,Employment_rate,60.91384986783001,%,Civic_Participation_Records,ok
2023,Colombia,Valle_del_Cauca,Cali_Sur,High,No disability,Men,Decision_making_participation,60.60166477844707,%,Civic_Participation_Records,ok
2023,Colombia,Valle_del_Cauca,Cali_Sur,High,With disability,Women,School_enrollment,34.306758065088275,%,Labour_Force_Survey,ok
2023,Colombia,Valle_del_Cauca,Cali_Sur,High,With disability,Women,Health_services_access,28.10220525940974,%,Civic_Participation_Records,ok
2023,Colombia,Valle_del_Cauca,Cali_Sur,High,With disability,Women,GBV_services_access,31.986529243847865,%,Household_Survey,ok
2023,Colombia,Valle_del_Cauca,Cali_Sur,High,With disability,Women,Employment_rate,32.28994032751624,%,Administrative_Health_Reports,ok
2023,Colombia,Valle_del_Cauca,Cali_Sur,High,With disability,Women,Decision_making_participation,37.34222085716171,%,Labour_Force_Survey,ok
2023,Colombia,Valle_del_Cauca,Cali_Sur,High,With disability,Men,School_enrollment,41.689498865555734,%,Civic_Participation_Records,ok
2023,Colombia,Valle_del_Cauca,Cali_Sur,High,With disability,Men,Health_services_access,41.260865566186105,%,Labour_Force_Survey,ok
2023,Colombia,Valle_del_Cauca,Cali_Sur,High,With disability,Men,GBV_services_access,35.48069178748826,%,Labour_Force_Survey,ok
2023,Colombia,Valle_del_Cauca,Cali_Sur,High,With disability,Men,Employment_rate,37.563456821805545,%,Household_Survey,ok
2023,Colombia,Valle_del_Cauca,Cali_Sur,High,With disability,Men,Decision_making_participation,,%,Labour_Force_Survey,missing_value
2024,Colombia,Valle_del_Cauca,Cali_Sur,Low,No disability,Women,School_enrollment,36.120703847249445,%,Household_Survey,ok
2024,Colombia,Valle_del_Cauca,Cali_Sur,Low,No disability,Women,Health_services_access,31.186744467911318,%,Household_Survey,ok
2024,Colombia,Valle_del_Cauca,Cali_Sur,Low,No disability,Women,GBV_services_access,33.159511025125525,%,Civic_Participation_Records,ok
2024,Colombia,Valle_del_Cauca,Cali_Sur,Low,No disability,Women,Employment_rate,29.34767099555868,%,Labour_Force_Survey,ok
2024,Colombia,Valle_del_Cauca,Cali_Sur,Low,No disability,Women,Decision_making_participation,36.83694165270147,%,Household_Survey,ok
2024,Colombia,Valle_del_Cauca,Cali_Sur,Low,No disability,Men,School_enrollment,37.918984830151736,%,Community_GBV_Monitoring,ok
2024,Colombia,Valle_del_Cauca,Cali_Sur,Low,No disability,Men,Health_services_access,34.82436412425558,%,Household_Survey,ok
2024,Colombia,Valle_del_Cauca,Cali_Sur,Low,No disability,Men,GBV_services_access,32.469372118519615,%,Civic_Participation_Records,ok
2024,Colombia,Valle_del_Cauca,Cali_Sur,Low,No disability,Men,Employment_rate,32.44275513222374,%,Household_Survey,ok
2024,Colombia,Valle_del_Cauca,Cali_Sur,Low,No disability,Men,Decision_making_participation,,%,Household_Survey,missing_value
2024,Colombia,Valle_del_Cauca,Cali_Sur,Low,With disability,Women,School_enrollment,12.810530606781265,%,Administrative_Health_Reports,ok
2024,Colombia,Valle_del_Cauca,Cali_Sur,Low,With disability,Women,Health_services_access,16.595294434383877,%,Household_Survey,ok
2024,Colombia,Valle_del_Cauca,Cali_Sur,Low,With disability,Women,GBV_services_access,9.967211558885635,%,Labour_Force_Survey,ok
2024,Colombia,Valle_del_Cauca,Cali_Sur,Low,With disability,Women,Employment_rate,12.274524804414606,%,Civic_Participation_Records,ok
2024,Colombia,Valle_del_Cauca,Cali_Sur,Low,With disability,Women,Decision_making_participation,,%,Civic_Participation_Records,missing_value
2024,Colombia,Valle_del_Cauca,Cali_Sur,Low,With disability,Men,School_enrollment,16.931462179621903,%,Civic_Participation_Records,ok
2024,Colombia,Valle_del_Cauca,Cali_Sur,Low,With disability,Men,Health_services_access,9.819019321943843,%,Community_GBV_Monitoring,ok
2024,Colombia,Valle_del_Cauca,Cali_Sur,Low,With disability,Men,GBV_services_access,14.380772407221023,%,Labour_Force_Survey,ok
2024,Colombia,Valle_del_Cauca,Cali_Sur,Low,With disability,Men,Employment_rate,,%,Civic_Participation_Records,missing_value
2024,Colombia,Valle_del_Cauca,Cali_Sur,Low,With disability,Men,Decision_making_participation,17.635506152114008,%,Household_Survey,ok
2024,Colombia,Valle_del_Cauca,Cali_Sur,Middle,No disability,Women,School_enrollment,52.9316636896187,%,Civic_Participation_Records,ok
2024,Colombia,Valle_del_Cauca,Cali_Sur,Middle,No disability,Women,Health_services_access,51.73607453033824,%,Community_GBV_Monitoring,ok
2024,Colombia,Valle_del_Cauca,Cali_Sur,Middle,No disability,Women,GBV_services_access,51.74010532185325,%,Labour_Force_Survey,ok
2024,Colombia,Valle_del_Cauca,Cali_Sur,Middle,No disability,Women,Employment_rate,45.282719290255564,%,Community_GBV_Monitoring,ok
2024,Colombia,Valle_del_Cauca,Cali_Sur,Middle,No disability,Women,Decision_making_participation,,%,Civic_Participation_Records,missing_value
2024,Colombia,Valle_del_Cauca,Cali_Sur,Middle,No disability,Men,School_enrollment,58.175386132184684,%,Household_Survey,ok
2024,Colombia,Valle_del_Cauca,Cali_Sur,Middle,No disability,Men,Health_services_access,50.854796207674674,%,Household_Survey,ok
2024,Colombia,Valle_del_Cauca,Cali_Sur,Middle,No disability,Men,GBV_services_access,56.154212019554585,%,Administrative_Health_Reports,ok
2024,Colombia,Valle_del_Cauca,Cali_Sur,Middle,No disability,Men,Employment_rate,57.49566905583323,%,Administrative_Health_Reports,ok
2024,Colombia,Valle_del_Cauca,Cali_Sur,Middle,No disability,Men,Decision_making_participation,49.39561158529451,%,Community_GBV_Monitoring,ok
2024,Colombia,Valle_del_Cauca,Cali_Sur,Middle,With disability,Women,School_enrollment,,%,Civic_Participation_Records,missing_value
2024,Colombia,Valle_del_Cauca,Cali_Sur,Middle,With disability,Women,Health_services_access,24.94478106238505,%,Labour_Force_Survey,ok
2024,Colombia,Valle_del_Cauca,Cali_Sur,Middle,With disability,Women,GBV_services_access,33.325199373976865,%,Civic_Participation_Records,ok
2024,Colombia,Valle_del_Cauca,Cali_Sur,Middle,With disability,Women,Employment_rate,28.53890279389721,%,Administrative_Health_Reports,ok
2024,Colombia,Valle_del_Cauca,Cali_Sur,Middle,With disability,Women,Decision_making_participation,25.356054074949878,%,Labour_Force_Survey,ok
2024,Colombia,Valle_del_Cauca,Cali_Sur,Middle,With disability,Men,School_enrollment,33.39786816247703,%,Civic_Participation_Records,ok
2024,Colombia,Valle_del_Cauca,Cali_Sur,Middle,With disability,Men,Health_services_access,32.561415883180075,%,Administrative_Health_Reports,ok
2024,Colombia,Valle_del_Cauca,Cali_Sur,Middle,With disability,Men,GBV_services_access,26.559408492222616,%,Civic_Participation_Records,ok
2024,Colombia,Valle_del_Cauca,Cali_Sur,Middle,With disability,Men,Employment_rate,36.3425884790223,%,Civic_Participation_Records,ok
2024,Colombia,Valle_del_Cauca,Cali_Sur,Middle,With disability,Men,Decision_making_participation,33.709973260008546,%,Community_GBV_Monitoring,ok
2024,Colombia,Valle_del_Cauca,Cali_Sur,High,No disability,Women,School_enrollment,53.34122611082582,%,Administrative_Health_Reports,ok
2024,Colombia,Valle_del_Cauca,Cali_Sur,High,No disability,Women,Health_services_access,56.31282931934951,%,Household_Survey,ok
2024,Colombia,Valle_del_Cauca,Cali_Sur,High,No disability,Women,GBV_services_access,56.4094595407281,%,Household_Survey,ok
2024,Colombia,Valle_del_Cauca,Cali_Sur,High,No disability,Women,Employment_rate,58.58720991133671,%,Civic_Participation_Records,ok
2024,Colombia,Valle_del_Cauca,Cali_Sur,High,No disability,Women,Decision_making_participation,50.49288431315212,%,Labour_Force_Survey,ok
2024,Colombia,Valle_del_Cauca,Cali_Sur,High,No disability,Men,School_enrollment,52.36497697529788,%,Labour_Force_Survey,ok
2024,Colombia,Valle_del_Cauca,Cali_Sur,High,No disability,Men,Health_services_access,63.189098119908834,%,Administrative_Health_Reports,ok
2024,Colombia,Valle_del_Cauca,Cali_Sur,High,No disability,Men,GBV_services_access,62.16955648920794,%,Labour_Force_Survey,ok
2024,Colombia,Valle_del_Cauca,Cali_Sur,High,No disability,Men,Employment_rate,58.2814208328927,%,Community_GBV_Monitoring,ok
2024,Colombia,Valle_del_Cauca,Cali_Sur,High,No disability,Men,Decision_making_participation,60.381542666228555,%,Civic_Participation_Records,ok
2024,Colombia,Valle_del_Cauca,Cali_Sur,High,With disability,Women,School_enrollment,32.64968244824967,%,Community_GBV_Monitoring,ok
2024,Colombia,Valle_del_Cauca,Cali_Sur,High,With disability,Women,Health_services_access,31.600022163070047,%,Civic_Participation_Records,ok
2024,Colombia,Valle_del_Cauca,Cali_Sur,High,With disability,Women,GBV_services_access,33.56412537300036,%,Administrative_Health_Reports,ok
2024,Colombia,Valle_del_Cauca,Cali_Sur,High,With disability,Women,Employment_rate,29.832166487034897,%,Civic_Participation_Records,ok
2024,Colombia,Valle_del_Cauca,Cali_Sur,High,With disability,Women,Decision_making_participation,38.26368695683791,%,Civic_Participation_Records,ok
2024,Colombia,Valle_del_Cauca,Cali_Sur,High,With disability,Men,School_enrollment,32.384481986627556,%,Household_Survey,ok
2024,Colombia,Valle_del_Cauca,Cali_Sur,High,With disability,Men,Health_services_access,,%,Labour_Force_Survey,missing_value
2024,Colombia,Valle_del_Cauca,Cali_Sur,High,With disability,Men,GBV_services_access,,%,Household_Survey,missing_value
2024,Colombia,Valle_del_Cauca,Cali_Sur,High,With disability,Men,Employment_rate,38.23672606682002,%,Administrative_Health_Reports,ok
2024,Colombia,Valle_del_Cauca,Cali_Sur,High,With disability,Men,Decision_making_participation,,%,Community_GBV_Monitoring,missing_value
